# fueleconomy.gov vehicles dataset, downloaded 2026-05-23, filtered years 2009-2022
year,make,model,mpg_combined,body_type
2009,Acura,MDX 4WD,17.0,Sport Utility Vehicle - 4WD
2009,Acura,RDX 4WD,19.0,Sport Utility Vehicle - 4WD
2009,Acura,RL,18.0,Midsize Cars
2009,Acura,TL 2WD,21.0,Midsize Cars
2009,Acura,TL 4WD,20.0,Midsize Cars
2009,Acura,TSX,24.0,Compact Cars
2009,Alfa Romeo,8 C Spider,13.0,Minicompact Cars
2009,Aston Martin,DB9,13.5,Minicompact Cars
2009,Aston Martin,DBS Coupe,13.5,Two Seaters
2009,Aston Martin,V8 Vantage,14.5,Two Seaters
2009,Audi,A3,24.0,Small Station Wagons
2009,Audi,A3 quattro,22.5,Small Station Wagons
2009,Audi,A4,25.0,Compact Cars
2009,Audi,A4 Avant quattro,23.0,Small Station Wagons
2009,Audi,A4 Cabriolet,25.0,Subcompact Cars
2009,Audi,A4 Cabriolet quattro,21.5,Subcompact Cars
2009,Audi,A4 quattro,23.0,Compact Cars
2009,Audi,A5 quattro,20.0,Subcompact Cars
2009,Audi,A6,21.0,Midsize Cars
2009,Audi,A6 Avant quattro,21.0,Midsize Station Wagons
2009,Audi,A6 quattro,19.5,Midsize Cars
2009,Audi,A8,18.0,Midsize Cars
2009,Audi,A8 L,16.5,Large Cars
2009,Audi,Q5,20.0,Sport Utility Vehicle - 4WD
2009,Audi,Q7,16.0,Sport Utility Vehicle - 4WD
2009,Audi,R8,15.0,Two Seaters
2009,Audi,S4 Cabriolet,15.5,Subcompact Cars
2009,Audi,S5,18.0,Subcompact Cars
2009,Audi,S6,16.0,Midsize Cars
2009,Audi,S8,15.0,Midsize Cars
2009,Audi,TT Coupe,26.0,Subcompact Cars
2009,Audi,TT Coupe quattro,20.0,Subcompact Cars
2009,Audi,TT Roadster,25.0,Two Seaters
2009,Audi,TT Roadster quattro,20.0,Two Seaters
2009,BMW,128i,21.5,Subcompact Cars
2009,BMW,128i Convertible,21.0,Subcompact Cars
2009,BMW,135i,20.0,Subcompact Cars
2009,BMW,135i Convertible,20.0,Subcompact Cars
2009,BMW,328ci,21.5,Subcompact Cars
2009,BMW,328ci Convertible,20.5,Subcompact Cars
2009,BMW,328ci xDrive,20.0,Subcompact Cars
2009,BMW,328i,21.5,Compact Cars
2009,BMW,328i Sport Wagon,20.5,Small Station Wagons
2009,BMW,328i Sport Wagon xDrive,20.0,Small Station Wagons
2009,BMW,328i xDrive,20.0,Compact Cars
2009,BMW,335ci,20.0,Subcompact Cars
2009,BMW,335ci Convertible,20.0,Subcompact Cars
2009,BMW,335ci xDrive,19.5,Subcompact Cars
2009,BMW,335d,27.0,Compact Cars
2009,BMW,335i,20.0,Compact Cars
2009,BMW,335i xDrive,19.5,Compact Cars
2009,BMW,528i,21.0,Midsize Cars
2009,BMW,528i xDrive,20.0,Midsize Cars
2009,BMW,535i,20.0,Midsize Cars
2009,BMW,535i Sport Wagon xDrive,18.5,Midsize Station Wagons
2009,BMW,535i xDrive,19.5,Midsize Cars
2009,BMW,550i,18.0,Midsize Cars
2009,BMW,650ci,18.0,Subcompact Cars
2009,BMW,650ci Convertible,17.0,Subcompact Cars
2009,BMW,750i,17.0,Large Cars
2009,BMW,750li,17.0,Large Cars
2009,BMW,M3,16.0,Compact Cars
2009,BMW,M3 Convertible,16.0,Subcompact Cars
2009,BMW,M3 Coupe,16.0,Subcompact Cars
2009,BMW,M5,13.0,Midsize Cars
2009,BMW,M6,13.0,Subcompact Cars
2009,BMW,M6 Convertible,13.0,Subcompact Cars
2009,BMW,X3 xDrive30i,19.5,Sport Utility Vehicle - 4WD
2009,BMW,X5 xDrive30i,18.0,Sport Utility Vehicle - 4WD
2009,BMW,X5 xDrive35d,22.0,Sport Utility Vehicle - 4WD
2009,BMW,X5 xDrive48i,16.0,Sport Utility Vehicle - 4WD
2009,BMW,X6 xDrive35i,17.0,Sport Utility Vehicle - 4WD
2009,BMW,X6 xDrive50i,15.0,Sport Utility Vehicle - 4WD
2009,BMW,Z4 sDrive30i,22.0,Two Seaters
2009,BMW,Z4 sDrive35i,20.0,Two Seaters
2009,Bentley,Arnage,11.0,Midsize Cars
2009,Bentley,Arnage RL,11.0,Large Cars
2009,Bentley,Azure,11.0,Compact Cars
2009,Bentley,Brooklands,11.0,Compact Cars
2009,Bentley,Continental Flying Spur,12.0,Midsize Cars
2009,Bentley,Continental GT,13.0,Compact Cars
2009,Bentley,Continental GTC,12.0,Subcompact Cars
2009,Buick,Enclave AWD,18.0,Sport Utility Vehicle - 4WD
2009,Buick,Enclave FWD,19.0,Sport Utility Vehicle - 2WD
2009,Buick,Lacrosse/Allure,20.0,Midsize Cars
2009,Buick,Lucerne,20.0,Large Cars
2009,Cadillac,CTS,19.5,Midsize Cars
2009,Cadillac,CTS AWD,20.0,Midsize Cars
2009,Cadillac,DTS,18.0,Large Cars
2009,Cadillac,Escalade 2WD,15.0,Sport Utility Vehicle - 2WD
2009,Cadillac,Escalade AWD,14.0,Sport Utility Vehicle - 4WD
2009,Cadillac,Escalade ESV 2WD,15.0,Sport Utility Vehicle - 2WD
2009,Cadillac,Escalade Hybrid 2WD,20.0,Sport Utility Vehicle - 2WD
2009,Cadillac,Funeral Coach / Hearse,14.0,Large Cars
2009,Cadillac,Limousine,14.0,Large Cars
2009,Cadillac,SRX 2WD,17.0,Sport Utility Vehicle - 2WD
2009,Cadillac,SRX AWD,16.0,Sport Utility Vehicle - 4WD
2009,Cadillac,STS,19.0,Midsize Cars
2009,Cadillac,STS AWD,18.5,Midsize Cars
2009,Cadillac,STS-V,15.0,Midsize Cars
2009,Cadillac,XLR,18.0,Two Seaters
2009,Cadillac,XLR-V,17.0,Two Seaters
2009,Chevrolet,Avalanche 1500 2WD,16.0,Sport Utility Vehicle - 2WD
2009,Chevrolet,Aveo,29.0,Compact Cars
2009,Chevrolet,Aveo 5,29.0,Subcompact Cars
2009,Chevrolet,Cobalt,27.0,Subcompact Cars
2009,Chevrolet,Cobalt XFE,30.0,Subcompact Cars
2009,Chevrolet,Colorado 2WD,19.5,Small Pickup Trucks 2WD
2009,Chevrolet,Colorado 4WD,19.5,Small Pickup Trucks 4WD
2009,Chevrolet,Colorado Cab Chassis inc 2WD,17.0,Small Pickup Trucks 2WD
2009,Chevrolet,Colorado Cab Chassis inc 4WD,18.0,Small Pickup Trucks 4WD
2009,Chevrolet,Colorado Crew Cab 2WD,19.5,Small Pickup Trucks 2WD
2009,Chevrolet,Colorado Crew Cab 4WD,17.0,Small Pickup Trucks 4WD
2009,Chevrolet,Corvette,18.0,Two Seaters
2009,Chevrolet,Equinox AWD,19.5,Sport Utility Vehicle - 4WD
2009,Chevrolet,Equinox FWD,19.5,Sport Utility Vehicle - 2WD
2009,Chevrolet,Express 1500 2WD Passenger,14.0,"Vans, Passenger Type"
2009,Chevrolet,Express 1500 AWD Passenger,14.0,"Vans, Passenger Type"
2009,Chevrolet,HHR FWD,24.0,Sport Utility Vehicle - 2WD
2009,Chevrolet,HHR Panel FWD,24.0,Sport Utility Vehicle - 2WD
2009,Chevrolet,Impala,21.5,Large Cars
2009,Chevrolet,Malibu,23.0,Midsize Cars
2009,Chevrolet,Malibu Hybrid,29.0,Midsize Cars
2009,Chevrolet,Silverado 15 Hybrid 2WD,21.0,Standard Pickup Trucks 2WD
2009,Chevrolet,Silverado 15 Hybrid 4WD,20.0,Standard Pickup Trucks 4WD
2009,Chevrolet,Silverado C15 2WD,16.0,Standard Pickup Trucks 2WD
2009,Chevrolet,Silverado C15 XFE 2WD,17.0,Standard Pickup Trucks 2WD
2009,Chevrolet,Silverado K15 4WD,15.5,Standard Pickup Trucks 4WD
2009,Chevrolet,Suburban 1500 2WD,16.0,Sport Utility Vehicle - 2WD
2009,Chevrolet,Tahoe 1500 2WD,16.0,Sport Utility Vehicle - 2WD
2009,Chevrolet,Tahoe 1500 4WD,15.0,Sport Utility Vehicle - 4WD
2009,Chevrolet,Tahoe 1500 XFE 2WD,17.0,Sport Utility Vehicle - 2WD
2009,Chevrolet,Tahoe Hybrid 2WD,21.0,Sport Utility Vehicle - 2WD
2009,Chevrolet,Tahoe Hybrid 4WD,20.0,Sport Utility Vehicle - 4WD
2009,Chevrolet,TrailBlazer 2WD,16.0,Sport Utility Vehicle - 2WD
2009,Chevrolet,TrailBlazer 4WD,16.0,Sport Utility Vehicle - 4WD
2009,Chevrolet,TrailBlazer AWD,13.0,Sport Utility Vehicle - 4WD
2009,Chevrolet,Traverse AWD,19.0,Sport Utility Vehicle - 4WD
2009,Chevrolet,Traverse FWD,19.0,Sport Utility Vehicle - 2WD
2009,Chevrolet,Van 1500 2WD Cargo,15.0,"Vans, Cargo Type"
2009,Chevrolet,Van 1500 2WD Conversion Cargo,14.0,"Vans, Cargo Type"
2009,Chevrolet,Van 1500 AWD Cargo,15.0,"Vans, Cargo Type"
2009,Chevrolet,Van 1500 AWD Conversion Cargo,14.0,"Vans, Cargo Type"
2009,Chrysler,300 AWD,18.5,Large Cars
2009,Chrysler,300/SRT-8,19.5,Large Cars
2009,Chrysler,Aspen 2WD,15.5,Sport Utility Vehicle - 2WD
2009,Chrysler,Aspen 4WD,15.0,Sport Utility Vehicle - 4WD
2009,Chrysler,Aspen HEV,21.0,Sport Utility Vehicle - 4WD
2009,Chrysler,PT Cruiser,21.0,Sport Utility Vehicle - 2WD
2009,Chrysler,Sebring,22.0,Midsize Cars
2009,Chrysler,Sebring Convertible,21.0,Compact Cars
2009,Chrysler,Town and Country,19.0,Minivan - 2WD
2009,Dodge,Avenger,22.0,Midsize Cars
2009,Dodge,Caliber,24.0,Small Station Wagons
2009,Dodge,Caravan/Grand Caravan FWD,19.0,Minivan - 2WD
2009,Dodge,Challenger,19.0,Compact Cars
2009,Dodge,Charger,19.0,Large Cars
2009,Dodge,Charger AWD,18.5,Large Cars
2009,Dodge,Dakota Pickup 2WD,17.0,Standard Pickup Trucks 2WD
2009,Dodge,Dakota Pickup 4WD,15.0,Standard Pickup Trucks 4WD
2009,Dodge,Durango 2WD,16.0,Sport Utility Vehicle - 2WD
2009,Dodge,Durango 4WD,15.0,Sport Utility Vehicle - 4WD
2009,Dodge,Durango HEV,21.0,Sport Utility Vehicle - 4WD
2009,Dodge,Journey  2WD,19.5,Sport Utility Vehicle - 2WD
2009,Dodge,Journey  4WD,17.0,Sport Utility Vehicle - 4WD
2009,Dodge,Nitro 2WD,18.0,Sport Utility Vehicle - 2WD
2009,Dodge,Nitro 4WD,17.0,Sport Utility Vehicle - 4WD
2009,Dodge,Ram 1500 Pickup 2WD,16.0,Standard Pickup Trucks 2WD
2009,Dodge,Ram 1500 Pickup 4WD,15.0,Standard Pickup Trucks 4WD
2009,Dodge,Viper Convertible,16.0,Two Seaters
2009,Dodge,Viper Coupe,16.0,Two Seaters
2009,Ferrari,599 GTB Fiorano,12.0,Two Seaters
2009,Ferrari,612 Scaglietti,11.5,Midsize Cars
2009,Ferrari,California,15.0,Minicompact Cars
2009,Ferrari,F430,13.0,Two Seaters
2009,Ford,Crown Victoria FFV,19.0,Large Cars
2009,Ford,Edge AWD,18.0,Sport Utility Vehicle - 4WD
2009,Ford,Edge FWD,19.0,Sport Utility Vehicle - 2WD
2009,Ford,Escape 4WD,20.5,Sport Utility Vehicle - 4WD
2009,Ford,Escape FWD,23.0,Sport Utility Vehicle - 2WD
2009,Ford,Escape Hybrid 4WD,28.0,Sport Utility Vehicle - 4WD
2009,Ford,Escape Hybrid FWD,32.0,Sport Utility Vehicle - 2WD
2009,Ford,Expedition 2WD FFV,16.0,Sport Utility Vehicle - 2WD
2009,Ford,Explorer 2WD,16.5,Sport Utility Vehicle - 2WD
2009,Ford,Explorer 4WD,15.5,Sport Utility Vehicle - 4WD
2009,Ford,Explorer Sport Trac 2WD,16.5,Standard Pickup Trucks 2WD
2009,Ford,Explorer Sport Trac 4WD,15.5,Standard Pickup Trucks 4WD
2009,Ford,F150 Pickup 2WD,16.5,Standard Pickup Trucks 2WD
2009,Ford,F150 Pickup 2WD FFV,16.0,Standard Pickup Trucks 2WD
2009,Ford,F150 Pickup 4WD,15.5,Standard Pickup Trucks 4WD
2009,Ford,F150 Pickup 4WD FFV,15.0,Standard Pickup Trucks 4WD
2009,Ford,F150 SFE 2WD,17.0,Standard Pickup Trucks 2WD
2009,Ford,Flex AWD,18.0,Sport Utility Vehicle - 4WD
2009,Ford,Flex FWD,19.0,Sport Utility Vehicle - 2WD
2009,Ford,Focus FWD,27.5,Compact Cars
2009,Ford,Fusion AWD,20.0,Midsize Cars
2009,Ford,Fusion FWD,23.0,Midsize Cars
2009,Ford,Mustang,18.0,Subcompact Cars
2009,Ford,Ranger Pickup 2WD,19.5,Small Pickup Trucks 2WD
2009,Ford,Ranger Pickup 4WD,15.5,Small Pickup Trucks 4WD
2009,Ford,Taurus AWD,19.0,Large Cars
2009,Ford,Taurus FWD,21.0,Large Cars
2009,Ford,Taurus X AWD,18.0,Sport Utility Vehicle - 4WD
2009,Ford,Taurus X FWD,19.0,Sport Utility Vehicle - 2WD
2009,GMC,Acadia AWD,19.0,Sport Utility Vehicle - 4WD
2009,GMC,Acadia FWD,19.0,Sport Utility Vehicle - 2WD
2009,GMC,Canyon 2WD,19.5,Small Pickup Trucks 2WD
2009,GMC,Canyon 4WD,19.0,Small Pickup Trucks 4WD
2009,GMC,Canyon Cab Chassis Inc 2WD,17.0,Small Pickup Trucks 2WD
2009,GMC,Canyon Cab Chassis Inc 4WD,18.0,Small Pickup Trucks 4WD
2009,GMC,Canyon Crew Cab 2WD,19.5,Small Pickup Trucks 2WD
2009,GMC,Canyon Crew Cab 4WD,17.0,Small Pickup Trucks 4WD
2009,GMC,Envoy 2WD,16.5,Sport Utility Vehicle - 2WD
2009,GMC,Envoy 4WD,16.0,Sport Utility Vehicle - 4WD
2009,GMC,Savana 1500  AWD (cargo),15.0,"Vans, Cargo Type"
2009,GMC,Savana 1500  AWD Conversion (cargo),14.0,"Vans, Cargo Type"
2009,GMC,Savana 1500 2WD (Passenger),14.0,"Vans, Passenger Type"
2009,GMC,Savana 1500 2WD (cargo),15.0,"Vans, Cargo Type"
2009,GMC,Savana 1500 2WD Conversion (cargo),14.0,"Vans, Cargo Type"
2009,GMC,Savana 1500 AWD (Passenger),14.0,"Vans, Passenger Type"
2009,GMC,Savana 1500 AWD (cargo),15.0,"Vans, Cargo Type"
2009,GMC,Savana 1500 AWD Conversion (cargo),14.0,"Vans, Cargo Type"
2009,GMC,Sierra 15 Hybrid 2WD,21.0,Standard Pickup Trucks 2WD
2009,GMC,Sierra 15 Hybrid 4WD,20.0,Standard Pickup Trucks 4WD
2009,GMC,Sierra C15 2WD,16.0,Standard Pickup Trucks 2WD
2009,GMC,Sierra C15 XFE 2WD,17.0,Standard Pickup Trucks 2WD
2009,GMC,Sierra K15 4WD,15.5,Standard Pickup Trucks 4WD
2009,GMC,Sierra K15 AWD,14.0,Standard Pickup Trucks 4WD
2009,GMC,Yukon 1500 2WD,16.0,Sport Utility Vehicle - 2WD
2009,GMC,Yukon 1500 4WD,15.0,Sport Utility Vehicle - 4WD
2009,GMC,Yukon 1500 Hybrid 2WD,21.0,Sport Utility Vehicle - 2WD
2009,GMC,Yukon 1500 Hybrid 4WD,20.0,Sport Utility Vehicle - 4WD
2009,GMC,Yukon 1500 XFE 2WD,17.0,Sport Utility Vehicle - 2WD
2009,GMC,Yukon Denali 1500 AWD,14.0,Sport Utility Vehicle - 4WD
2009,GMC,Yukon XL 1500 2WD,16.0,Sport Utility Vehicle - 2WD
2009,Honda,Accord,24.0,Large Cars
2009,Honda,Accord Coupe,23.0,Compact Cars
2009,Honda,CR-V 2WD,23.0,Sport Utility Vehicle - 2WD
2009,Honda,CR-V 4WD,22.0,Sport Utility Vehicle - 4WD
2009,Honda,Civic,29.0,Subcompact Cars
2009,Honda,Civic CNG,28.0,Subcompact Cars
2009,Honda,Civic Hybrid,42.0,Compact Cars
2009,Honda,Element 2WD,21.0,Sport Utility Vehicle - 2WD
2009,Honda,Element 4WD,20.5,Sport Utility Vehicle - 4WD
2009,Honda,Fit,30.0,Small Station Wagons
2009,Honda,Odyssey,19.0,Minivan - 2WD
2009,Honda,Pilot 2WD,19.0,Sport Utility Vehicle - 2WD
2009,Honda,Pilot 4WD,18.0,Sport Utility Vehicle - 4WD
2009,Honda,Ridgeline Truck 4WD,17.0,Standard Pickup Trucks 4WD
2009,Honda,S2000,21.0,Two Seaters
2009,Hummer,H3 4WD,16.0,Sport Utility Vehicle - 4WD
2009,Hummer,H3T 4WD,16.0,Standard Pickup Trucks 4WD
2009,Hyundai,Accent,29.0,Compact Cars
2009,Hyundai,Azera,20.5,Large Cars
2009,Hyundai,Elantra,27.5,Midsize Cars
2009,Hyundai,Elantra Touring,26.0,Small Station Wagons
2009,Hyundai,Entourage,18.0,Minivan - 2WD
2009,Hyundai,Genesis,20.0,Large Cars
2009,Hyundai,Santa Fe 2WD,20.0,Sport Utility Vehicle - 2WD
2009,Hyundai,Santa Fe 4WD,19.0,Sport Utility Vehicle - 4WD
2009,Hyundai,Sonata,25.0,Large Cars
2009,Hyundai,Tucson 2WD,22.0,Sport Utility Vehicle - 2WD
2009,Hyundai,Tucson 4WD,20.5,Sport Utility Vehicle - 4WD
2009,Hyundai,Veracruz 2WD,18.0,Sport Utility Vehicle - 2WD
2009,Hyundai,Veracruz 4WD,18.0,Sport Utility Vehicle - 4WD
2009,Infiniti,EX35,19.0,Small Station Wagons
2009,Infiniti,FX35 AWD,18.0,Sport Utility Vehicle - 4WD
2009,Infiniti,FX35 RWD,19.0,Sport Utility Vehicle - 2WD
2009,Infiniti,FX50 AWD,16.0,Sport Utility Vehicle - 4WD
2009,Infiniti,G37,20.5,Midsize Cars
2009,Infiniti,G37 Convertible,19.5,Subcompact Cars
2009,Infiniti,G37 Coupe,20.5,Subcompact Cars
2009,Infiniti,G37x,20.0,Midsize Cars
2009,Infiniti,G37x Coupe,20.0,Subcompact Cars
2009,Infiniti,M35,19.0,Large Cars
2009,Infiniti,M35x,18.0,Large Cars
2009,Infiniti,M45,18.0,Large Cars
2009,Infiniti,M45x,16.0,Large Cars
2009,Infiniti,QX56 2WD,14.0,Sport Utility Vehicle - 2WD
2009,Infiniti,QX56 4WD,14.0,Sport Utility Vehicle - 4WD
2009,Isuzu,Ascender 5-passenger 4WD,16.0,Sport Utility Vehicle - 4WD
2009,Jaguar,Super V8,18.0,Large Cars
2009,Jaguar,Vdp,19.0,Large Cars
2009,Jaguar,XF,19.0,Midsize Cars
2009,Jaguar,XF Supercharged,17.0,Midsize Cars
2009,Jaguar,XJ,19.0,Large Cars
2009,Jaguar,XJ8L,19.0,Large Cars
2009,Jaguar,XJR,18.0,Large Cars
2009,Jaguar,XK,19.0,Minicompact Cars
2009,Jaguar,XK Convertible,19.0,Minicompact Cars
2009,Jaguar,XKR,18.0,Minicompact Cars
2009,Jaguar,XKR Convertible,18.0,Minicompact Cars
2009,Jeep,Commander 2WD,15.5,Sport Utility Vehicle - 2WD
2009,Jeep,Commander 4WD,15.0,Sport Utility Vehicle - 4WD
2009,Jeep,Compass 2WD,24.5,Sport Utility Vehicle - 2WD
2009,Jeep,Compass 4WD,23.5,Sport Utility Vehicle - 4WD
2009,Jeep,Grand Cherokee 2WD,15.5,Sport Utility Vehicle - 2WD
2009,Jeep,Grand Cherokee 4WD,15.0,Sport Utility Vehicle - 4WD
2009,Jeep,Grand Cherokee SRT8 AWD,12.0,Sport Utility Vehicle - 4WD
2009,Jeep,Liberty 2WD,18.0,Sport Utility Vehicle - 2WD
2009,Jeep,Liberty 4WD,17.0,Sport Utility Vehicle - 4WD
2009,Jeep,Patriot 2WD,24.5,Sport Utility Vehicle - 2WD
2009,Jeep,Patriot 4WD,22.0,Sport Utility Vehicle - 4WD
2009,Jeep,Wrangler 2WD,17.0,Sport Utility Vehicle - 2WD
2009,Jeep,Wrangler 4WD,16.5,Sport Utility Vehicle - 4WD
2009,Kia,Amanti,19.0,Large Cars
2009,Kia,Borrego 2WD,18.0,Sport Utility Vehicle - 2WD
2009,Kia,Borrego 4WD,17.5,Sport Utility Vehicle - 4WD
2009,Kia,Optima,25.0,Midsize Cars
2009,Kia,Rio,30.0,Compact Cars
2009,Kia,Rondo,21.5,Midsize Station Wagons
2009,Kia,Sedona,18.0,Minivan - 2WD
2009,Kia,Sorento 2WD,17.5,Sport Utility Vehicle - 2WD
2009,Kia,Sorento 4WD,17.0,Sport Utility Vehicle - 4WD
2009,Kia,Spectra,26.5,Midsize Cars
2009,Kia,Sportage 2WD,22.0,Sport Utility Vehicle - 2WD
2009,Kia,Sportage 4WD,20.5,Sport Utility Vehicle - 4WD
2009,Lamborghini,Gallardo Coupe,15.5,Two Seaters
2009,Lamborghini,Gallardo Spyder,15.0,Two Seaters
2009,Lamborghini,Murcielago,10.5,Two Seaters
2009,Lamborghini,Murcielago Roadster,10.5,Two Seaters
2009,Land Rover,LR2,17.0,Sport Utility Vehicle - 4WD
2009,Land Rover,LR3,14.0,Sport Utility Vehicle - 4WD
2009,Land Rover,Range Rover,14.0,Sport Utility Vehicle - 4WD
2009,Land Rover,Range Rover Sport,14.5,Sport Utility Vehicle - 4WD
2009,Lexus,ES 350,22.0,Midsize Cars
2009,Lexus,GS 350,22.0,Midsize Cars
2009,Lexus,GS 350 AWD,20.0,Midsize Cars
2009,Lexus,GS 450h,23.0,Compact Cars
2009,Lexus,GS 460,20.0,Midsize Cars
2009,Lexus,GX 470,15.0,Sport Utility Vehicle - 4WD
2009,Lexus,IS 250,22.5,Subcompact Cars
2009,Lexus,IS 250 AWD,22.0,Subcompact Cars
2009,Lexus,IS 350,20.0,Subcompact Cars
2009,Lexus,IS F,18.0,Subcompact Cars
2009,Lexus,LS 460,19.0,Midsize Cars
2009,Lexus,LS 460 AWD,18.0,Midsize Cars
2009,Lexus,LS 460 L,19.0,Midsize Cars
2009,Lexus,LS 460 L AWD,18.0,Midsize Cars
2009,Lexus,LS 600h L,21.0,Midsize Cars
2009,Lexus,LX 570,14.0,Sport Utility Vehicle - 4WD
2009,Lexus,RX 350 2WD,20.0,Sport Utility Vehicle - 2WD
2009,Lexus,RX 350 4WD,19.0,Sport Utility Vehicle - 4WD
2009,Lexus,SC 430,19.0,Minicompact Cars
2009,Lincoln,MKS AWD,19.0,Large Cars
2009,Lincoln,MKS FWD,19.0,Large Cars
2009,Lincoln,MKX AWD,18.0,Sport Utility Vehicle - 4WD
2009,Lincoln,MKX FWD,19.0,Sport Utility Vehicle - 2WD
2009,Lincoln,MKZ AWD,19.0,Midsize Cars
2009,Lincoln,MKZ FWD,21.0,Midsize Cars
2009,Lincoln,Navigator 2WD FFV,16.0,Sport Utility Vehicle - 2WD
2009,Lincoln,Town Car FFV,19.0,Large Cars
2009,Lotus,Elise/Exige,22.5,Two Seaters
2009,MINI,Clubman,30.5,Subcompact Cars
2009,MINI,Clubman S,27.5,Subcompact Cars
2009,MINI,Cooper,30.5,Minicompact Cars
2009,MINI,Cooper Convertible,30.5,Minicompact Cars
2009,MINI,Cooper S,27.5,Minicompact Cars
2009,MINI,Cooper S Convertible,28.0,Minicompact Cars
2009,MINI,John Cooper Works,29.0,Minicompact Cars
2009,MINI,John Cooper Works Clubman,29.0,Subcompact Cars
2009,MINI,John Cooper Works Convertible,29.0,Minicompact Cars
2009,Maserati,GranTurismo,15.0,Subcompact Cars
2009,Maserati,Quattroporte,14.0,Large Cars
2009,Maybach,57,12.0,Large Cars
2009,Maybach,57S,12.0,Large Cars
2009,Maybach,62,12.0,Large Cars
2009,Maybach,62S,12.0,Large Cars
2009,Mazda,3,25.0,Compact Cars
2009,Mazda,5,23.5,Minivan - 2WD
2009,Mazda,6,23.0,Midsize Cars
2009,Mazda,B2300 2WD,22.0,Small Pickup Trucks 2WD
2009,Mazda,B4000 4WD,15.5,Small Pickup Trucks 4WD
2009,Mazda,CX-7 2WD,20.0,Sport Utility Vehicle - 2WD
2009,Mazda,CX-7 4WD,18.0,Sport Utility Vehicle - 4WD
2009,Mazda,CX-9 2WD,18.0,Sport Utility Vehicle - 2WD
2009,Mazda,CX-9 4WD,17.0,Sport Utility Vehicle - 4WD
2009,Mazda,MX-5,24.0,Two Seaters
2009,Mazda,RX-8,18.5,Subcompact Cars
2009,Mazda,Speed 3,20.0,Midsize Cars
2009,Mazda,Tribute 4WD,20.5,Sport Utility Vehicle - 4WD
2009,Mazda,Tribute FWD,23.0,Sport Utility Vehicle - 2WD
2009,Mazda,Tribute Hybrid 2WD,32.0,Sport Utility Vehicle - 2WD
2009,Mazda,Tribute Hybrid 4WD,28.0,Sport Utility Vehicle - 4WD
2009,Mercedes-Benz,C300,21.0,Compact Cars
2009,Mercedes-Benz,C300 4matic,20.0,Compact Cars
2009,Mercedes-Benz,C350,20.0,Compact Cars
2009,Mercedes-Benz,C63 AMG,15.0,Compact Cars
2009,Mercedes-Benz,CL550 4matic,17.0,Compact Cars
2009,Mercedes-Benz,CL600,13.0,Compact Cars
2009,Mercedes-Benz,CL63 AMG,14.0,Compact Cars
2009,Mercedes-Benz,CL65 AMG,13.0,Compact Cars
2009,Mercedes-Benz,CLK350,20.0,Subcompact Cars
2009,Mercedes-Benz,CLK350 (Cabriolet),20.0,Subcompact Cars
2009,Mercedes-Benz,CLK550,17.0,Subcompact Cars
2009,Mercedes-Benz,CLK550 (Cabriolet),17.0,Subcompact Cars
2009,Mercedes-Benz,CLS550,16.0,Compact Cars
2009,Mercedes-Benz,CLS63 AMG,14.0,Compact Cars
2009,Mercedes-Benz,E320 Bluetec,26.0,Midsize Cars
2009,Mercedes-Benz,E350,19.0,Midsize Cars
2009,Mercedes-Benz,E350 4matic,18.0,Midsize Cars
2009,Mercedes-Benz,E350 4matic (wagon),18.0,Midsize Station Wagons
2009,Mercedes-Benz,E550,17.0,Midsize Cars
2009,Mercedes-Benz,E550 4matic,16.0,Midsize Cars
2009,Mercedes-Benz,E63 AMG,15.0,Midsize Cars
2009,Mercedes-Benz,E63 AMG (wagon),15.0,Midsize Station Wagons
2009,Mercedes-Benz,G55 AMG,12.0,Sport Utility Vehicle - 4WD
2009,Mercedes-Benz,GL450 4matic,15.0,Sport Utility Vehicle - 4WD
2009,Mercedes-Benz,GL550 4matic,14.0,Sport Utility Vehicle - 4WD
2009,Mercedes-Benz,ML350,18.0,Sport Utility Vehicle - 2WD
2009,Mercedes-Benz,ML350 4matic,17.0,Sport Utility Vehicle - 4WD
2009,Mercedes-Benz,ML550 4matic,15.0,Sport Utility Vehicle - 4WD
2009,Mercedes-Benz,ML63 AMG,12.0,Sport Utility Vehicle - 4WD
2009,Mercedes-Benz,R350 4matic,16.0,Sport Utility Vehicle - 4WD
2009,Mercedes-Benz,S550,17.0,Large Cars
2009,Mercedes-Benz,S550 4matic,17.0,Large Cars
2009,Mercedes-Benz,S600,13.0,Large Cars
2009,Mercedes-Benz,S63 AMG,13.0,Large Cars
2009,Mercedes-Benz,S65 AMG,13.0,Large Cars
2009,Mercedes-Benz,SL550,16.0,Two Seaters
2009,Mercedes-Benz,SL600,14.0,Two Seaters
2009,Mercedes-Benz,SL63 AMG,14.0,Two Seaters
2009,Mercedes-Benz,SL65 AMG,14.0,Two Seaters
2009,Mercedes-Benz,SLK300,20.5,Two Seaters
2009,Mercedes-Benz,SLK350,21.0,Two Seaters
2009,Mercedes-Benz,SLK55 AMG,17.0,Two Seaters
2009,Mercedes-Benz,SLR,13.0,Two Seaters
2009,Mercury,Grand Marquis FFV,19.0,Large Cars
2009,Mercury,Mariner 4WD,20.5,Sport Utility Vehicle - 4WD
2009,Mercury,Mariner FWD,22.0,Sport Utility Vehicle - 2WD
2009,Mercury,Mariner Hybrid 4WD,28.0,Sport Utility Vehicle - 4WD
2009,Mercury,Mariner Hybrid FWD,32.0,Sport Utility Vehicle - 2WD
2009,Mercury,Milan,23.0,Midsize Cars
2009,Mercury,Milan AWD,20.0,Midsize Cars
2009,Mercury,Mountaineer 2WD,16.5,Sport Utility Vehicle - 2WD
2009,Mercury,Mountaineer 4WD,15.5,Sport Utility Vehicle - 4WD
2009,Mercury,Sable AWD,19.0,Large Cars
2009,Mercury,Sable FWD,21.0,Large Cars
2009,Mitsubishi,Eclipse,20.5,Subcompact Cars
2009,Mitsubishi,Eclipse Spyder,20.5,Minicompact Cars
2009,Mitsubishi,Endeavor 2WD,18.0,Sport Utility Vehicle - 2WD
2009,Mitsubishi,Endeavor AWD,17.0,Sport Utility Vehicle - 4WD
2009,Mitsubishi,Galant,21.0,Midsize Cars
2009,Mitsubishi,Lancer,23.0,Compact Cars
2009,Mitsubishi,Lancer Evolution,18.5,Compact Cars
2009,Mitsubishi,Lancer Sportback,22.0,Small Station Wagons
2009,Mitsubishi,Outlander 2WD,21.0,Sport Utility Vehicle - 2WD
2009,Mitsubishi,Outlander 4WD,20.5,Sport Utility Vehicle - 4WD
2009,Mitsubishi,Raider Pickup 2WD,17.0,Standard Pickup Trucks 2WD
2009,Mitsubishi,Raider Pickup 4WD,15.0,Standard Pickup Trucks 4WD
2009,Nissan,350z Roadster,19.5,Two Seaters
2009,Nissan,370z,21.0,Two Seaters
2009,Nissan,Altima,24.0,Midsize Cars
2009,Nissan,Altima Coupe,24.0,Subcompact Cars
2009,Nissan,Altima Hybrid,34.0,Midsize Cars
2009,Nissan,Armada 2WD,14.0,Sport Utility Vehicle - 2WD
2009,Nissan,Armada 4WD,14.0,Sport Utility Vehicle - 4WD
2009,Nissan,Cube,27.5,Small Station Wagons
2009,Nissan,Frontier 2WD,18.5,Small Pickup Trucks 2WD
2009,Nissan,Frontier 4WD,16.5,Small Pickup Trucks 4WD
2009,Nissan,GT-R,18.0,Subcompact Cars
2009,Nissan,Maxima,22.0,Midsize Cars
2009,Nissan,Murano AWD,20.0,Sport Utility Vehicle - 4WD
2009,Nissan,Murano FWD,20.0,Sport Utility Vehicle - 2WD
2009,Nissan,Pathfinder 2WD,16.0,Sport Utility Vehicle - 2WD
2009,Nissan,Pathfinder 4WD,15.0,Sport Utility Vehicle - 4WD
2009,Nissan,Pathfinder FE 2WD,18.0,Sport Utility Vehicle - 2WD
2009,Nissan,Quest,19.0,Minivan - 2WD
2009,Nissan,Rogue AWD,23.0,Sport Utility Vehicle - 4WD
2009,Nissan,Rogue FWD,24.0,Sport Utility Vehicle - 2WD
2009,Nissan,Sentra,26.5,Midsize Cars
2009,Nissan,Sentra FE,29.0,Midsize Cars
2009,Nissan,Titan 2WD,14.0,Standard Pickup Trucks 2WD
2009,Nissan,Titan 4WD,14.0,Standard Pickup Trucks 4WD
2009,Nissan,Titan FE 2WD,15.0,Standard Pickup Trucks 2WD
2009,Nissan,Titan FE 2WD FFV,15.0,Standard Pickup Trucks 2WD
2009,Nissan,Versa,28.0,Midsize Cars
2009,Nissan,Versa FE,30.0,Midsize Cars
2009,Nissan,Xterra 2WD,17.5,Sport Utility Vehicle - 2WD
2009,Nissan,Xterra 4WD,17.0,Sport Utility Vehicle - 4WD
2009,Pontiac,G3 Wave,29.0,Compact Cars
2009,Pontiac,G3 Wave 5,29.0,Subcompact Cars
2009,Pontiac,G5,28.0,Subcompact Cars
2009,Pontiac,G5 GT,27.5,Subcompact Cars
2009,Pontiac,G5 XFE,30.0,Subcompact Cars
2009,Pontiac,G6,22.0,Compact Cars
2009,Pontiac,G8,16.5,Large Cars
2009,Pontiac,Solstice,21.0,Two Seaters
2009,Pontiac,Torrent AWD,19.5,Sport Utility Vehicle - 4WD
2009,Pontiac,Torrent FWD,19.5,Sport Utility Vehicle - 2WD
2009,Pontiac,Vibe,26.0,Small Station Wagons
2009,Pontiac,Vibe AWD,22.0,Small Station Wagons
2009,Porsche,911 GT2,19.0,Two Seaters
2009,Porsche,911 Turbo,18.0,Minicompact Cars
2009,Porsche,911 Turbo Cabriolet,18.0,Minicompact Cars
2009,Porsche,Boxster,23.0,Two Seaters
2009,Porsche,Boxster S,22.5,Two Seaters
2009,Porsche,Carrera 2 Cabriolet,21.5,Minicompact Cars
2009,Porsche,Carrera 2 Coupe,21.5,Minicompact Cars
2009,Porsche,Carrera 2 S Cabriolet,21.5,Minicompact Cars
2009,Porsche,Carrera 2 S Coupe,21.5,Minicompact Cars
2009,Porsche,Carrera 4 Cabriolet,21.0,Minicompact Cars
2009,Porsche,Carrera 4 Coupe,21.0,Minicompact Cars
2009,Porsche,Carrera 4 S Cabriolet,20.5,Minicompact Cars
2009,Porsche,Carrera 4 S Coupe,20.5,Minicompact Cars
2009,Porsche,Carrera 4 S Targa,20.5,Minicompact Cars
2009,Porsche,Carrera 4 Targa,21.0,Minicompact Cars
2009,Porsche,Cayenne,16.0,Sport Utility Vehicle - 4WD
2009,Porsche,Cayenne GTS,14.0,Sport Utility Vehicle - 4WD
2009,Porsche,Cayenne S,15.0,Sport Utility Vehicle - 4WD
2009,Porsche,Cayenne Turbo,14.0,Sport Utility Vehicle - 4WD
2009,Porsche,Cayenne Turbo S,14.0,Sport Utility Vehicle - 4WD
2009,Porsche,Cayman,23.0,Two Seaters
2009,Porsche,Cayman S,22.5,Two Seaters
2009,Rolls-Royce,Phantom,14.0,Midsize Cars
2009,Rolls-Royce,Phantom Coupe,14.0,Compact Cars
2009,Rolls-Royce,Phantom Drophead Coupe,14.0,Compact Cars
2009,Rolls-Royce,Phantom EWB,14.0,Large Cars
2009,Roush Performance,Stage 3 Mustang,16.5,Subcompact Cars
2009,Saab,9-3 Aero Sedan AWD,19.5,Compact Cars
2009,Saab,9-3 Aero SportCombi AWD,19.5,Small Station Wagons
2009,Saab,9-3 Convertible,20.5,Subcompact Cars
2009,Saab,9-3 Sport Sedan,20.5,Compact Cars
2009,Saab,9-3 SportCombi,20.5,Small Station Wagons
2009,Saab,9-5 Sedan,20.5,Midsize Cars
2009,Saab,9-5 SportCombi,20.5,Midsize Station Wagons
2009,Saab,9-7X AWD,16.0,Sport Utility Vehicle - 4WD
2009,Saleen Performance,S281 Family,14.0,Subcompact Cars
2009,Saturn,Astra 2DR Hatchback,27.0,Compact Cars
2009,Saturn,Astra 4DR Hatchback,27.0,Midsize Cars
2009,Saturn,Aura,23.0,Midsize Cars
2009,Saturn,Aura Hybrid,29.0,Midsize Cars
2009,Saturn,Outlook AWD,19.0,Sport Utility Vehicle - 4WD
2009,Saturn,Outlook FWD,19.0,Sport Utility Vehicle - 2WD
2009,Saturn,SKY,21.0,Two Seaters
2009,Saturn,Vue AWD,18.0,Sport Utility Vehicle - 4WD
2009,Saturn,Vue FWD,19.0,Sport Utility Vehicle - 2WD
2009,Saturn,Vue Hybrid,28.0,Sport Utility Vehicle - 2WD
2009,Scion,tC,23.5,Subcompact Cars
2009,Scion,xB,24.0,Small Station Wagons
2009,Scion,xD,28.5,Subcompact Cars
2009,Spyker,C8,15.0,Two Seaters
2009,Subaru,Forester AWD,22.0,Sport Utility Vehicle - 4WD
2009,Subaru,Impreza AWD,21.5,Compact Cars
2009,Subaru,Impreza Wagon/Outback SPT AWD,21.0,Small Station Wagons
2009,Subaru,Legacy AWD,20.5,Compact Cars
2009,Subaru,Outback Wagon AWD,20.0,Sport Utility Vehicle - 4WD
2009,Subaru,Tribeca AWD,18.0,Sport Utility Vehicle - 4WD
2009,Suzuki,Equator 2WD,19.0,Small Pickup Trucks 2WD
2009,Suzuki,Equator 4WD,16.0,Small Pickup Trucks 4WD
2009,Suzuki,Grand Vitara,21.0,Sport Utility Vehicle - 2WD
2009,Suzuki,Grand Vitara 4WD,20.0,Sport Utility Vehicle - 4WD
2009,Suzuki,SX4,24.5,Small Station Wagons
2009,Suzuki,SX4 AWD,23.5,Small Station Wagons
2009,Suzuki,SX4 Sedan,25.5,Compact Cars
2009,Suzuki,SX4 Sport,24.5,Compact Cars
2009,Suzuki,XL7 AWD,18.0,Sport Utility Vehicle - 4WD
2009,Suzuki,XL7 FWD,19.0,Sport Utility Vehicle - 2WD
2009,Toyota,4Runner 2WD,17.5,Sport Utility Vehicle - 2WD
2009,Toyota,4Runner 4WD,16.0,Sport Utility Vehicle - 4WD
2009,Toyota,Avalon,23.0,Large Cars
2009,Toyota,Camry,25.0,Midsize Cars
2009,Toyota,Camry Hybrid,34.0,Midsize Cars
2009,Toyota,Corolla,27.5,Compact Cars
2009,Toyota,FJ Cruiser 2WD,18.0,Sport Utility Vehicle - 2WD
2009,Toyota,FJ Cruiser 4WD,16.5,Sport Utility Vehicle - 4WD
2009,Toyota,Highlander 2WD,21.0,Sport Utility Vehicle - 2WD
2009,Toyota,Highlander 4WD,19.0,Sport Utility Vehicle - 4WD
2009,Toyota,Highlander Hybrid 4WD,26.0,Sport Utility Vehicle - 4WD
2009,Toyota,Land Cruiser Wagon 4WD,15.0,Sport Utility Vehicle - 4WD
2009,Toyota,Matrix,26.0,Small Station Wagons
2009,Toyota,Matrix AWD,22.0,Small Station Wagons
2009,Toyota,Prius,46.0,Midsize Cars
2009,Toyota,RAV4 2WD,23.0,Sport Utility Vehicle - 2WD
2009,Toyota,RAV4 4WD,22.5,Sport Utility Vehicle - 4WD
2009,Toyota,Sequoia 2WD,15.0,Sport Utility Vehicle - 2WD
2009,Toyota,Sequoia 4WD,14.0,Sport Utility Vehicle - 4WD
2009,Toyota,Sienna 2WD,19.0,Minivan - 2WD
2009,Toyota,Sienna 4WD,18.0,Minivan - 4WD
2009,Toyota,Tacoma 2WD,19.5,Small Pickup Trucks 2WD
2009,Toyota,Tacoma 4WD,18.0,Small Pickup Trucks 4WD
2009,Toyota,Tundra 2WD,16.0,Standard Pickup Trucks 2WD
2009,Toyota,Tundra 4WD,15.0,Standard Pickup Trucks 4WD
2009,Toyota,Venza,23.0,Sport Utility Vehicle - 2WD
2009,Toyota,Venza AWD,22.0,Sport Utility Vehicle - 4WD
2009,Toyota,Yaris,31.5,Subcompact Cars
2009,Volkswagen,CC,23.0,Compact Cars
2009,Volkswagen,CC 4motion,20.0,Compact Cars
2009,Volkswagen,Eos,25.0,Subcompact Cars
2009,Volkswagen,GTI,25.0,Compact Cars
2009,Volkswagen,Jetta,25.0,Compact Cars
2009,Volkswagen,Jetta SportWagen,25.0,Small Station Wagons
2009,Volkswagen,New Beetle,23.0,Subcompact Cars
2009,Volkswagen,New Beetle Convertible,23.0,Minicompact Cars
2009,Volkswagen,Passat,23.0,Midsize Cars
2009,Volkswagen,Passat Wagon,22.0,Midsize Station Wagons
2009,Volkswagen,Rabbit,24.0,Compact Cars
2009,Volkswagen,Routan FWD,19.0,Minivan - 2WD
2009,Volkswagen,Tiguan,21.0,Sport Utility Vehicle - 2WD
2009,Volkswagen,Tiguan 4motion,20.0,Sport Utility Vehicle - 4WD
2009,Volkswagen,Touareg,16.0,Sport Utility Vehicle - 4WD
2009,Volvo,C30 FWD,23.0,Compact Cars
2009,Volvo,C70 Convertible,21.0,Subcompact Cars
2009,Volvo,S40 AWD,20.5,Compact Cars
2009,Volvo,S40 FWD,23.0,Compact Cars
2009,Volvo,S60 AWD,21.0,Compact Cars
2009,Volvo,S60 FWD,22.0,Compact Cars
2009,Volvo,S80 AWD,18.0,Midsize Cars
2009,Volvo,S80 FWD,20.0,Midsize Cars
2009,Volvo,V50 AWD,20.5,Small Station Wagons
2009,Volvo,V50 FWD,23.0,Small Station Wagons
2009,Volvo,V70 FWD,20.0,Midsize Station Wagons
2009,Volvo,XC60 AWD,18.0,Sport Utility Vehicle - 4WD
2009,Volvo,XC70 AWD,18.0,Sport Utility Vehicle - 4WD
2009,Volvo,XC90 AWD,15.5,Sport Utility Vehicle - 4WD
2009,Volvo,XC90 FWD,17.0,Sport Utility Vehicle - 2WD
2009,smart,fortwo convertible,36.0,Two Seaters
2009,smart,fortwo coupe,36.0,Two Seaters
2010,Acura,MDX 4WD,18.0,Sport Utility Vehicle - 4WD
2010,Acura,RDX 2WD,21.0,Sport Utility Vehicle - 2WD
2010,Acura,RDX 4WD,19.0,Sport Utility Vehicle - 4WD
2010,Acura,RL,18.0,Midsize Cars
2010,Acura,TL 2WD,21.0,Midsize Cars
2010,Acura,TL 4WD,20.0,Midsize Cars
2010,Acura,TSX,23.0,Compact Cars
2010,Acura,ZDX 4WD,19.0,Sport Utility Vehicle - 4WD
2010,Aston Martin,DB9,14.0,Minicompact Cars
2010,Aston Martin,DBS,13.5,Minicompact Cars
2010,Aston Martin,Rapide,15.0,Subcompact Cars
2010,Aston Martin,V8 Vantage,15.0,Two Seaters
2010,Audi,A3,24.0,Small Station Wagons
2010,Audi,A3 quattro,24.0,Small Station Wagons
2010,Audi,A4,26.0,Compact Cars
2010,Audi,A4 Avant quattro,23.0,Small Station Wagons
2010,Audi,A4 quattro,24.0,Compact Cars
2010,Audi,A5 Cabriolet,26.0,Subcompact Cars
2010,Audi,A5 Cabriolet quattro,23.0,Subcompact Cars
2010,Audi,A5 quattro,23.0,Subcompact Cars
2010,Audi,A6,22.0,Midsize Cars
2010,Audi,A6 Avant quattro,21.0,Midsize Station Wagons
2010,Audi,A6 quattro,19.5,Midsize Cars
2010,Audi,A8,18.0,Midsize Cars
2010,Audi,A8 L,18.0,Large Cars
2010,Audi,Q5,20.0,Sport Utility Vehicle - 4WD
2010,Audi,Q7,16.0,Sport Utility Vehicle - 4WD
2010,Audi,R8,15.0,Two Seaters
2010,Audi,S4,21.0,Compact Cars
2010,Audi,S5,18.0,Subcompact Cars
2010,Audi,S5 Cabriolet,20.0,Subcompact Cars
2010,Audi,S6,16.0,Midsize Cars
2010,Audi,TT Coupe quattro,24.0,Subcompact Cars
2010,Audi,TT Roadster quattro,24.0,Two Seaters
2010,BMW,128ci Convertible,21.5,Subcompact Cars
2010,BMW,128i,22.0,Subcompact Cars
2010,BMW,135i,20.0,Subcompact Cars
2010,BMW,135i Convertible,20.0,Subcompact Cars
2010,BMW,328ci,22.0,Subcompact Cars
2010,BMW,328ci Convertible,20.5,Subcompact Cars
2010,BMW,328ci xDrive,20.0,Subcompact Cars
2010,BMW,328i,22.0,Compact Cars
2010,BMW,328i Sport Wagon,20.5,Small Station Wagons
2010,BMW,328i Sport Wagon xDrive,20.0,Small Station Wagons
2010,BMW,328i xDrive,20.0,Compact Cars
2010,BMW,335ci,20.0,Subcompact Cars
2010,BMW,335ci Convertible,20.0,Subcompact Cars
2010,BMW,335ci xDrive,19.5,Subcompact Cars
2010,BMW,335d,27.0,Compact Cars
2010,BMW,335i,20.0,Compact Cars
2010,BMW,335i xDrive,19.5,Compact Cars
2010,BMW,528i,21.5,Midsize Cars
2010,BMW,528i xDrive,20.0,Midsize Cars
2010,BMW,535i,20.0,Midsize Cars
2010,BMW,535i Gran Turismo,22.0,Large Cars
2010,BMW,535i Sport Wagon xDrive,18.5,Midsize Station Wagons
2010,BMW,535i xDrive,19.5,Midsize Cars
2010,BMW,550 GT,18.0,Large Cars
2010,BMW,550i,18.0,Midsize Cars
2010,BMW,550i xDrive GT,18.0,Large Cars
2010,BMW,650ci,18.0,Subcompact Cars
2010,BMW,650ci Convertible,17.0,Subcompact Cars
2010,BMW,750Li,17.0,Large Cars
2010,BMW,750Li xDrive,16.0,Large Cars
2010,BMW,750i,17.0,Large Cars
2010,BMW,750i xDrive,16.0,Large Cars
2010,BMW,760Li,15.0,Large Cars
2010,BMW,ActiveHybrid X6,18.0,Sport Utility Vehicle - 4WD
2010,BMW,M3,16.0,Compact Cars
2010,BMW,M3 Convertible,16.0,Subcompact Cars
2010,BMW,M3 Coupe,16.0,Subcompact Cars
2010,BMW,M5,13.0,Midsize Cars
2010,BMW,M6,13.0,Subcompact Cars
2010,BMW,M6 Convertible,13.0,Subcompact Cars
2010,BMW,X3 xDrive30i,19.5,Sport Utility Vehicle - 4WD
2010,BMW,X5 xDrive30i,18.0,Sport Utility Vehicle - 4WD
2010,BMW,X5 xDrive35d,22.0,Sport Utility Vehicle - 4WD
2010,BMW,X5 xDrive48i,16.0,Sport Utility Vehicle - 4WD
2010,BMW,X5 xDriveM,14.0,Sport Utility Vehicle - 4WD
2010,BMW,X6 xDrive35i,17.0,Sport Utility Vehicle - 4WD
2010,BMW,X6 xDrive50i,15.0,Sport Utility Vehicle - 4WD
2010,BMW,X6 xDriveM,14.0,Sport Utility Vehicle - 4WD
2010,BMW,Z4 sDrive30i,22.0,Two Seaters
2010,BMW,Z4 sDrive35i,20.0,Two Seaters
2010,Bentley,Azure,11.0,Compact Cars
2010,Bentley,Brooklands,11.0,Compact Cars
2010,Bentley,Continental Flying Spur,12.0,Midsize Cars
2010,Bentley,Continental GT,13.0,Compact Cars
2010,Bentley,Continental GTC,12.0,Subcompact Cars
2010,Bentley,Continental Supersports,14.0,Two Seaters
2010,Bugatti,Veyron,10.0,Two Seaters
2010,Buick,Enclave AWD,18.0,Sport Utility Vehicle - 4WD
2010,Buick,Enclave FWD,19.0,Sport Utility Vehicle - 2WD
2010,Buick,Lacrosse/Allure,21.0,Midsize Cars
2010,Buick,Lacrosse/Allure AWD,19.0,Midsize Cars
2010,Buick,Lucerne,20.0,Large Cars
2010,Cadillac,CTS,20.0,Midsize Cars
2010,Cadillac,CTS AWD,21.0,Midsize Cars
2010,Cadillac,CTS Wagon,21.5,Small Station Wagons
2010,Cadillac,CTS Wagon AWD,21.0,Small Station Wagons
2010,Cadillac,CTS-V,15.0,Midsize Cars
2010,Cadillac,DTS,18.0,Large Cars
2010,Cadillac,Escalade 2WD,16.0,Sport Utility Vehicle - 2WD
2010,Cadillac,Escalade AWD,15.0,Sport Utility Vehicle - 4WD
2010,Cadillac,Escalade ESV 2WD,16.0,Sport Utility Vehicle - 2WD
2010,Cadillac,Escalade Hybrid 2WD,22.0,Sport Utility Vehicle - 2WD
2010,Cadillac,Funeral Coach / Hearse,14.0,Large Cars
2010,Cadillac,Limousine,14.0,Large Cars
2010,Cadillac,SRX 2WD,21.0,Sport Utility Vehicle - 2WD
2010,Cadillac,SRX AWD,18.5,Sport Utility Vehicle - 4WD
2010,Cadillac,STS,19.5,Midsize Cars
2010,Cadillac,STS AWD,19.0,Midsize Cars
2010,Chevrolet,Avalanche 1500 2WD,15.5,Sport Utility Vehicle - 2WD
2010,Chevrolet,Aveo,29.0,Compact Cars
2010,Chevrolet,Aveo 5,29.0,Subcompact Cars
2010,Chevrolet,Camaro,20.0,Compact Cars
2010,Chevrolet,Cobalt Coupe,28.0,Subcompact Cars
2010,Chevrolet,Cobalt SS Coupe,25.0,Subcompact Cars
2010,Chevrolet,Cobalt Sedan,28.0,Compact Cars
2010,Chevrolet,Cobalt XFE Coupe,30.0,Subcompact Cars
2010,Chevrolet,Cobalt XFE Sedan,30.0,Compact Cars
2010,Chevrolet,Colorado 2WD,20.0,Small Pickup Trucks 2WD
2010,Chevrolet,Colorado 4WD,19.5,Small Pickup Trucks 4WD
2010,Chevrolet,Colorado Cab Chassis inc 2WD,17.0,Small Pickup Trucks 2WD
2010,Chevrolet,Colorado Cab Chassis inc 4WD,18.0,Small Pickup Trucks 4WD
2010,Chevrolet,Colorado Crew Cab 2WD,20.0,Small Pickup Trucks 2WD
2010,Chevrolet,Colorado Crew Cab 4WD,17.0,Small Pickup Trucks 4WD
2010,Chevrolet,Corvette,18.0,Two Seaters
2010,Chevrolet,Equinox AWD,21.5,Sport Utility Vehicle - 4WD
2010,Chevrolet,Equinox FWD,23.0,Sport Utility Vehicle - 2WD
2010,Chevrolet,Express 1500 2WD Cargo,16.0,"Vans, Cargo Type"
2010,Chevrolet,Express 1500 2WD Conversion Cargo,14.0,"Vans, Cargo Type"
2010,Chevrolet,Express 1500 2WD Passenger,14.0,"Vans, Passenger Type"
2010,Chevrolet,Express 1500 AWD Cargo,14.0,"Vans, Cargo Type"
2010,Chevrolet,Express 1500 AWD Conversion Cargo,14.0,"Vans, Cargo Type"
2010,Chevrolet,Express 1500 AWD Passenger,14.0,"Vans, Passenger Type"
2010,Chevrolet,HHR FWD,25.0,Sport Utility Vehicle - 2WD
2010,Chevrolet,HHR Panel FWD,25.0,Sport Utility Vehicle - 2WD
2010,Chevrolet,Impala,22.0,Large Cars
2010,Chevrolet,Malibu,25.0,Midsize Cars
2010,Chevrolet,Malibu Hybrid,29.0,Midsize Cars
2010,Chevrolet,Silverado 15 Hybrid 2WD,22.0,Standard Pickup Trucks 2WD
2010,Chevrolet,Silverado 15 Hybrid 4WD,21.0,Standard Pickup Trucks 4WD
2010,Chevrolet,Silverado C15 2WD,16.5,Standard Pickup Trucks 2WD
2010,Chevrolet,Silverado C15 XFE 2WD,18.0,Standard Pickup Trucks 2WD
2010,Chevrolet,Silverado K15 4WD,15.0,Standard Pickup Trucks 4WD
2010,Chevrolet,Suburban 1500 2WD,15.5,Sport Utility Vehicle - 2WD
2010,Chevrolet,Tahoe 1500 2WD,17.0,Sport Utility Vehicle - 2WD
2010,Chevrolet,Tahoe 1500 4WD,17.0,Sport Utility Vehicle - 4WD
2010,Chevrolet,Tahoe Hybrid 2WD,22.0,Sport Utility Vehicle - 2WD
2010,Chevrolet,Tahoe Hybrid 4WD,21.0,Sport Utility Vehicle - 4WD
2010,Chevrolet,Traverse AWD,19.0,Sport Utility Vehicle - 4WD
2010,Chevrolet,Traverse FWD,19.0,Sport Utility Vehicle - 2WD
2010,Chrysler,300 AWD,18.5,Large Cars
2010,Chrysler,300/SRT-8,19.5,Large Cars
2010,Chrysler,PT Cruiser,21.0,Sport Utility Vehicle - 2WD
2010,Chrysler,Sebring,22.0,Midsize Cars
2010,Chrysler,Sebring Convertible,21.0,Compact Cars
2010,Chrysler,Town and Country,19.0,Minivan - 2WD
2010,Dodge,Avenger,22.0,Midsize Cars
2010,Dodge,Caliber,25.0,Small Station Wagons
2010,Dodge,Challenger,18.0,Compact Cars
2010,Dodge,Charger,19.5,Large Cars
2010,Dodge,Charger AWD,18.5,Large Cars
2010,Dodge,Dakota Pickup 2WD,16.0,Standard Pickup Trucks 2WD
2010,Dodge,Dakota Pickup 4WD,15.0,Standard Pickup Trucks 4WD
2010,Dodge,Grand Caravan,19.0,Minivan - 2WD
2010,Dodge,Journey  2WD,20.0,Sport Utility Vehicle - 2WD
2010,Dodge,Journey  AWD,18.0,Sport Utility Vehicle - 4WD
2010,Dodge,Nitro 2WD,18.0,Sport Utility Vehicle - 2WD
2010,Dodge,Nitro 4WD,17.0,Sport Utility Vehicle - 4WD
2010,Dodge,Ram 1500 Pickup 2WD,16.0,Standard Pickup Trucks 2WD
2010,Dodge,Ram 1500 Pickup 4WD,15.0,Standard Pickup Trucks 4WD
2010,Dodge,Viper Convertible,16.0,Two Seaters
2010,Dodge,Viper Coupe,16.0,Two Seaters
2010,Ferrari,458 Italia,14.0,Two Seaters
2010,Ferrari,599 GTB Fiorano,12.0,Two Seaters
2010,Ferrari,612 Scaglietti,11.5,Midsize Cars
2010,Ferrari,California,15.0,Minicompact Cars
2010,Ford,Crown Victoria FFV,19.0,Large Cars
2010,Ford,Edge AWD,19.0,Sport Utility Vehicle - 4WD
2010,Ford,Edge FWD,20.0,Sport Utility Vehicle - 2WD
2010,Ford,Escape 4WD,22.0,Sport Utility Vehicle - 4WD
2010,Ford,Escape 4WD FFV,20.0,Sport Utility Vehicle - 4WD
2010,Ford,Escape FWD,23.5,Sport Utility Vehicle - 2WD
2010,Ford,Escape FWD FFV,21.0,Sport Utility Vehicle - 2WD
2010,Ford,Escape Hybrid 4WD,29.0,Sport Utility Vehicle - 4WD
2010,Ford,Escape Hybrid FWD,32.0,Sport Utility Vehicle - 2WD
2010,Ford,Expedition 2WD FFV,16.0,Sport Utility Vehicle - 2WD
2010,Ford,Expedition 4WD FFV,14.0,Sport Utility Vehicle - 4WD
2010,Ford,Explorer 2WD,16.5,Sport Utility Vehicle - 2WD
2010,Ford,Explorer 4WD,15.5,Sport Utility Vehicle - 4WD
2010,Ford,Explorer Sport Trac 2WD,16.5,Standard Pickup Trucks 2WD
2010,Ford,Explorer Sport Trac 4WD,15.5,Standard Pickup Trucks 4WD
2010,Ford,F150 Pickup 2WD,16.5,Standard Pickup Trucks 2WD
2010,Ford,F150 Pickup 2WD FFV,16.0,Standard Pickup Trucks 2WD
2010,Ford,F150 Pickup 4WD,16.0,Standard Pickup Trucks 4WD
2010,Ford,F150 Pickup 4WD FFV,15.0,Standard Pickup Trucks 4WD
2010,Ford,Flex AWD,18.0,Sport Utility Vehicle - 4WD
2010,Ford,Flex FWD,20.0,Sport Utility Vehicle - 2WD
2010,Ford,Focus FWD,28.0,Compact Cars
2010,Ford,Fusion AWD,19.0,Midsize Cars
2010,Ford,Fusion AWD FFV,21.0,Midsize Cars
2010,Ford,Fusion FWD,24.0,Midsize Cars
2010,Ford,Fusion FWD FFV,22.0,Midsize Cars
2010,Ford,Fusion Hybrid FWD,39.0,Midsize Cars
2010,Ford,Fusion S FWD,26.0,Midsize Cars
2010,Ford,Mustang,19.0,Subcompact Cars
2010,Ford,Ranger 2WD,19.5,Small Pickup Trucks 2WD
2010,Ford,Ranger 4WD,16.0,Small Pickup Trucks 4WD
2010,Ford,Taurus AWD,20.0,Large Cars
2010,Ford,Taurus FWD,21.5,Large Cars
2010,Ford,Transit Connect,23.0,Special Purpose Vehicle 2WD
2010,GMC,Acadia AWD,19.0,Sport Utility Vehicle - 4WD
2010,GMC,Acadia FWD,19.0,Sport Utility Vehicle - 2WD
2010,GMC,Canyon 2WD,20.0,Small Pickup Trucks 2WD
2010,GMC,Canyon 4WD,19.5,Small Pickup Trucks 4WD
2010,GMC,Canyon Cab Chassis Inc 2WD,17.0,Small Pickup Trucks 2WD
2010,GMC,Canyon Cab Chassis Inc 4WD,18.0,Small Pickup Trucks 4WD
2010,GMC,Canyon Crew Cab 2WD,20.0,Small Pickup Trucks 2WD
2010,GMC,Canyon Crew Cab 4WD,17.0,Small Pickup Trucks 4WD
2010,GMC,Savana 1500  AWD (cargo),14.0,"Vans, Cargo Type"
2010,GMC,Savana 1500  AWD Conversion (cargo),14.0,"Vans, Cargo Type"
2010,GMC,Savana 1500 2WD (Passenger),14.0,"Vans, Passenger Type"
2010,GMC,Savana 1500 2WD (cargo),16.0,"Vans, Cargo Type"
2010,GMC,Savana 1500 2WD Conversion (cargo),14.0,"Vans, Cargo Type"
2010,GMC,Savana 1500 AWD (Passenger),14.0,"Vans, Passenger Type"
2010,GMC,Sierra 15 Hybrid 2WD,22.0,Standard Pickup Trucks 2WD
2010,GMC,Sierra 15 Hybrid 4WD,21.0,Standard Pickup Trucks 4WD
2010,GMC,Sierra C15 2WD,16.5,Standard Pickup Trucks 2WD
2010,GMC,Sierra C15 XFE 2WD,18.0,Standard Pickup Trucks 2WD
2010,GMC,Sierra K15 4WD,15.0,Standard Pickup Trucks 4WD
2010,GMC,Sierra K15 AWD,14.0,Standard Pickup Trucks 4WD
2010,GMC,Terrain AWD,21.5,Sport Utility Vehicle - 4WD
2010,GMC,Terrain FWD,23.0,Sport Utility Vehicle - 2WD
2010,GMC,Yukon 1500 2WD,16.5,Sport Utility Vehicle - 2WD
2010,GMC,Yukon 1500 4WD,17.0,Sport Utility Vehicle - 4WD
2010,GMC,Yukon 1500 Hybrid 2WD,22.0,Sport Utility Vehicle - 2WD
2010,GMC,Yukon 1500 Hybrid 4WD,21.0,Sport Utility Vehicle - 4WD
2010,GMC,Yukon Denali 1500 AWD,15.0,Sport Utility Vehicle - 4WD
2010,GMC,Yukon XL 1500 2WD,16.0,Sport Utility Vehicle - 2WD
2010,Honda,Accord,25.0,Large Cars
2010,Honda,Accord Coupe,23.5,Compact Cars
2010,Honda,Accord Crosstour 2WD,21.0,Sport Utility Vehicle - 2WD
2010,Honda,Accord Crosstour 4WD,20.0,Sport Utility Vehicle - 4WD
2010,Honda,CR-V 2WD,24.0,Sport Utility Vehicle - 2WD
2010,Honda,CR-V 4WD,23.0,Sport Utility Vehicle - 4WD
2010,Honda,Civic,29.0,Subcompact Cars
2010,Honda,Civic CNG,28.0,Subcompact Cars
2010,Honda,Civic Hybrid,42.0,Compact Cars
2010,Honda,Element 2WD,21.0,Sport Utility Vehicle - 2WD
2010,Honda,Element 4WD,20.5,Sport Utility Vehicle - 4WD
2010,Honda,Fit,30.0,Small Station Wagons
2010,Honda,Insight,41.0,Compact Cars
2010,Honda,Odyssey,19.0,Minivan - 2WD
2010,Honda,Pilot 2WD,19.0,Sport Utility Vehicle - 2WD
2010,Honda,Pilot 4WD,18.0,Sport Utility Vehicle - 4WD
2010,Honda,Ridgeline Truck 4WD,17.0,Standard Pickup Trucks 4WD
2010,Hummer,H3 4WD,15.0,Sport Utility Vehicle - 4WD
2010,Hummer,H3T 4WD,15.0,Standard Pickup Trucks 4WD
2010,Hyundai,Accent,30.0,Compact Cars
2010,Hyundai,Accent Blue,31.0,Compact Cars
2010,Hyundai,Azera,20.5,Large Cars
2010,Hyundai,Elantra,29.0,Midsize Cars
2010,Hyundai,Elantra Blue,29.0,Midsize Cars
2010,Hyundai,Elantra Touring,26.0,Small Station Wagons
2010,Hyundai,Entourage,19.0,Minivan - 2WD
2010,Hyundai,Genesis,20.0,Large Cars
2010,Hyundai,Genesis Coupe,22.0,Subcompact Cars
2010,Hyundai,Santa Fe 2WD,23.0,Sport Utility Vehicle - 2WD
2010,Hyundai,Santa Fe 4WD,22.5,Sport Utility Vehicle - 4WD
2010,Hyundai,Sonata,25.0,Large Cars
2010,Hyundai,Tucson 2WD,25.5,Sport Utility Vehicle - 2WD
2010,Hyundai,Tucson 4WD,24.0,Sport Utility Vehicle - 4WD
2010,Hyundai,Veracruz 2WD,19.0,Sport Utility Vehicle - 2WD
2010,Hyundai,Veracruz 4WD,18.0,Sport Utility Vehicle - 4WD
2010,Infiniti,EX35,19.0,Small Station Wagons
2010,Infiniti,EX35 AWD,19.0,Small Station Wagons
2010,Infiniti,FX35 AWD,18.0,Sport Utility Vehicle - 4WD
2010,Infiniti,FX35 RWD,19.0,Sport Utility Vehicle - 2WD
2010,Infiniti,FX50,16.0,Sport Utility Vehicle - 4WD
2010,Infiniti,G37,21.0,Midsize Cars
2010,Infiniti,G37 Convertible,19.5,Subcompact Cars
2010,Infiniti,G37 Coupe,21.0,Subcompact Cars
2010,Infiniti,G37x,20.0,Midsize Cars
2010,Infiniti,G37x Coupe,20.0,Subcompact Cars
2010,Infiniti,M35,19.0,Large Cars
2010,Infiniti,M35x,18.0,Large Cars
2010,Infiniti,M45,18.0,Large Cars
2010,Infiniti,M45x,16.0,Large Cars
2010,Infiniti,QX56 2WD,14.0,Sport Utility Vehicle - 2WD
2010,Infiniti,QX56 4WD,14.0,Sport Utility Vehicle - 4WD
2010,Jaguar,XF,19.0,Midsize Cars
2010,Jaguar,XJ,18.0,Large Cars
2010,Jaguar,XK,18.0,Minicompact Cars
2010,Jaguar,XK Convertible,18.0,Minicompact Cars
2010,Jeep,Commander 2WD,16.0,Sport Utility Vehicle - 2WD
2010,Jeep,Commander 4WD,15.5,Sport Utility Vehicle - 4WD
2010,Jeep,Compass 2WD,25.0,Sport Utility Vehicle - 2WD
2010,Jeep,Compass 4WD,23.5,Sport Utility Vehicle - 4WD
2010,Jeep,Grand Cherokee 2WD,17.0,Sport Utility Vehicle - 2WD
2010,Jeep,Grand Cherokee 4WD,16.0,Sport Utility Vehicle - 4WD
2010,Jeep,Grand Cherokee SRT8 AWD,13.0,Sport Utility Vehicle - 4WD
2010,Jeep,Liberty 2WD,18.0,Sport Utility Vehicle - 2WD
2010,Jeep,Liberty 4WD,17.0,Sport Utility Vehicle - 4WD
2010,Jeep,Patriot 2WD,25.0,Sport Utility Vehicle - 2WD
2010,Jeep,Patriot 4WD,22.0,Sport Utility Vehicle - 4WD
2010,Jeep,Wrangler 2WD,17.0,Sport Utility Vehicle - 2WD
2010,Jeep,Wrangler 4WD,17.0,Sport Utility Vehicle - 4WD
2010,Kia,Borrego 2WD,18.0,Sport Utility Vehicle - 2WD
2010,Kia,Borrego 4WD,17.5,Sport Utility Vehicle - 4WD
2010,Kia,Forte,28.0,Compact Cars
2010,Kia,Optima,25.0,Midsize Cars
2010,Kia,Rio,30.5,Compact Cars
2010,Kia,Rondo,21.5,Midsize Station Wagons
2010,Kia,Sedona,19.0,Minivan - 2WD
2010,Kia,Soul,27.0,Small Station Wagons
2010,Kia,Sportage 2WD,22.0,Sport Utility Vehicle - 2WD
2010,Kia,Sportage 4WD,20.5,Sport Utility Vehicle - 4WD
2010,Lamborghini,Gallardo Coupe,15.5,Two Seaters
2010,Lamborghini,Gallardo Spyder,15.0,Two Seaters
2010,Lamborghini,Murcielago,10.5,Two Seaters
2010,Lamborghini,Murcielago Reventon Roadster,11.0,Two Seaters
2010,Lamborghini,Murcielago Roadster,10.5,Two Seaters
2010,Land Rover,LR2,17.0,Sport Utility Vehicle - 4WD
2010,Land Rover,LR4,14.0,Sport Utility Vehicle - 4WD
2010,Land Rover,Range Rover,14.0,Sport Utility Vehicle - 4WD
2010,Land Rover,Range Rover Sport,14.5,Sport Utility Vehicle - 4WD
2010,Lexus,ES 350,22.0,Midsize Cars
2010,Lexus,GS 350,22.0,Midsize Cars
2010,Lexus,GS 350 AWD,20.0,Midsize Cars
2010,Lexus,GS 450h,23.0,Compact Cars
2010,Lexus,GS 460,20.0,Midsize Cars
2010,Lexus,GX 460,17.0,Sport Utility Vehicle - 4WD
2010,Lexus,HS 250h,35.0,Compact Cars
2010,Lexus,IS 250 AWD,22.0,Subcompact Cars
2010,Lexus,IS 250/IS 250C,22.5,Subcompact Cars
2010,Lexus,IS 350/IS 350C,20.0,Subcompact Cars
2010,Lexus,IS F,18.0,Subcompact Cars
2010,Lexus,LS 460,19.0,Midsize Cars
2010,Lexus,LS 460 AWD,18.0,Midsize Cars
2010,Lexus,LS 460 L,19.0,Midsize Cars
2010,Lexus,LS 460 L AWD,18.0,Midsize Cars
2010,Lexus,LS 600h L,21.0,Midsize Cars
2010,Lexus,LX 570,14.0,Sport Utility Vehicle - 4WD
2010,Lexus,RX 350 2WD,21.0,Sport Utility Vehicle - 2WD
2010,Lexus,RX 350 AWD,20.0,Sport Utility Vehicle - 4WD
2010,Lexus,RX 450h,30.0,Sport Utility Vehicle - 2WD
2010,Lexus,RX 450h AWD,29.0,Sport Utility Vehicle - 4WD
2010,Lexus,SC 430,19.0,Minicompact Cars
2010,Lincoln,MKS AWD,19.5,Large Cars
2010,Lincoln,MKS FWD,19.0,Large Cars
2010,Lincoln,MKT AWD,18.0,Sport Utility Vehicle - 4WD
2010,Lincoln,MKT FWD,19.0,Sport Utility Vehicle - 2WD
2010,Lincoln,MKX AWD,19.0,Sport Utility Vehicle - 4WD
2010,Lincoln,MKX FWD,20.0,Sport Utility Vehicle - 2WD
2010,Lincoln,MKZ AWD,19.0,Midsize Cars
2010,Lincoln,MKZ FWD,21.0,Midsize Cars
2010,Lincoln,Navigator 2WD FFV,16.0,Sport Utility Vehicle - 2WD
2010,Lincoln,Town Car FFV,19.0,Large Cars
2010,Lotus,Elise/Exige,22.5,Two Seaters
2010,Lotus,Evora,21.0,Minicompact Cars
2010,MINI,Clubman,29.5,Subcompact Cars
2010,MINI,Clubman S,28.0,Subcompact Cars
2010,MINI,Cooper,30.0,Minicompact Cars
2010,MINI,Cooper Convertible,29.5,Minicompact Cars
2010,MINI,Cooper S,28.0,Minicompact Cars
2010,MINI,Cooper S Convertible,28.0,Minicompact Cars
2010,MINI,John Cooper Works,28.0,Minicompact Cars
2010,MINI,John Cooper Works Clubman,28.0,Subcompact Cars
2010,MINI,John Cooper Works Convertible,28.0,Minicompact Cars
2010,Maserati,GranTurismo,15.0,Subcompact Cars
2010,Maserati,GranTurismo Convertible,15.0,Subcompact Cars
2010,Maserati,Quattroporte,14.0,Large Cars
2010,Maybach,57,12.0,Large Cars
2010,Maybach,57 Zeppelin,12.0,Large Cars
2010,Maybach,57S,12.0,Large Cars
2010,Mazda,3,26.0,Compact Cars
2010,Mazda,5,23.5,Minivan - 2WD
2010,Mazda,6,23.0,Midsize Cars
2010,Mazda,CX-7 2WD,22.0,Sport Utility Vehicle - 2WD
2010,Mazda,CX-7 4WD,19.0,Sport Utility Vehicle - 4WD
2010,Mazda,CX-9 2WD,18.0,Sport Utility Vehicle - 2WD
2010,Mazda,CX-9 4WD,17.0,Sport Utility Vehicle - 4WD
2010,Mazda,MX-5,24.0,Two Seaters
2010,Mazda,RX-8,18.5,Subcompact Cars
2010,Mazda,Speed 3,21.0,Midsize Cars
2010,Mazda,Tribute 4WD,23.0,Sport Utility Vehicle - 4WD
2010,Mazda,Tribute 4WD FFV,20.0,Sport Utility Vehicle - 4WD
2010,Mazda,Tribute FWD,23.5,Sport Utility Vehicle - 2WD
2010,Mazda,Tribute FWD FFV,21.0,Sport Utility Vehicle - 2WD
2010,Mazda,Tribute Hybrid 2WD,32.0,Sport Utility Vehicle - 2WD
2010,Mazda,Tribute Hybrid 4WD,29.0,Sport Utility Vehicle - 4WD
2010,Mercedes-Benz,C300,21.0,Compact Cars
2010,Mercedes-Benz,C300 4matic,20.0,Compact Cars
2010,Mercedes-Benz,C350,20.0,Compact Cars
2010,Mercedes-Benz,C63 AMG,15.0,Compact Cars
2010,Mercedes-Benz,CL550 4matic,17.0,Compact Cars
2010,Mercedes-Benz,CL600,14.0,Compact Cars
2010,Mercedes-Benz,CL63 AMG,14.0,Compact Cars
2010,Mercedes-Benz,CL65 AMG,13.0,Compact Cars
2010,Mercedes-Benz,CLS550,16.0,Compact Cars
2010,Mercedes-Benz,CLS63 AMG,14.0,Compact Cars
2010,Mercedes-Benz,E350,21.0,Midsize Cars
2010,Mercedes-Benz,E350 4matic,19.0,Midsize Cars
2010,Mercedes-Benz,E350 Coupe,20.0,Subcompact Cars
2010,Mercedes-Benz,E550,18.0,Midsize Cars
2010,Mercedes-Benz,E550 4matic,18.0,Midsize Cars
2010,Mercedes-Benz,E550 Coupe,18.0,Subcompact Cars
2010,Mercedes-Benz,E63 AMG,15.0,Midsize Cars
2010,Mercedes-Benz,G55 AMG,12.0,Sport Utility Vehicle - 4WD
2010,Mercedes-Benz,G550,13.0,Sport Utility Vehicle - 4WD
2010,Mercedes-Benz,GL450 4matic,14.0,Sport Utility Vehicle - 4WD
2010,Mercedes-Benz,GL550 4matic,14.0,Sport Utility Vehicle - 4WD
2010,Mercedes-Benz,GLK350,18.0,Sport Utility Vehicle - 2WD
2010,Mercedes-Benz,GLK350 4matic,18.0,Sport Utility Vehicle - 4WD
2010,Mercedes-Benz,ML350,18.0,Sport Utility Vehicle - 2WD
2010,Mercedes-Benz,ML350 4matic,17.0,Sport Utility Vehicle - 4WD
2010,Mercedes-Benz,ML450 Hybrid 4matic,22.0,Sport Utility Vehicle - 4WD
2010,Mercedes-Benz,ML550 4matic,15.0,Sport Utility Vehicle - 4WD
2010,Mercedes-Benz,ML63 AMG,12.0,Sport Utility Vehicle - 4WD
2010,Mercedes-Benz,R350 4matic,16.0,Sport Utility Vehicle - 4WD
2010,Mercedes-Benz,S400 Hybrid,21.0,Large Cars
2010,Mercedes-Benz,S550,18.0,Large Cars
2010,Mercedes-Benz,S550 4matic,17.0,Large Cars
2010,Mercedes-Benz,S600,13.0,Large Cars
2010,Mercedes-Benz,S63 AMG,14.0,Large Cars
2010,Mercedes-Benz,S65 AMG,13.0,Large Cars
2010,Mercedes-Benz,SLK300,21.0,Two Seaters
2010,Mercedes-Benz,SLK350,20.0,Two Seaters
2010,Mercedes-Benz,SLK55 AMG,17.0,Two Seaters
2010,Mercury,Grand Marquis FFV,19.0,Large Cars
2010,Mercury,Mariner 4WD,22.0,Sport Utility Vehicle - 4WD
2010,Mercury,Mariner 4WD FFV,20.0,Sport Utility Vehicle - 4WD
2010,Mercury,Mariner FWD,23.0,Sport Utility Vehicle - 2WD
2010,Mercury,Mariner FWD FFV,21.0,Sport Utility Vehicle - 2WD
2010,Mercury,Mariner Hybrid 4WD,29.0,Sport Utility Vehicle - 4WD
2010,Mercury,Mariner Hybrid FWD,32.0,Sport Utility Vehicle - 2WD
2010,Mercury,Milan,24.5,Midsize Cars
2010,Mercury,Milan AWD FFV,21.0,Midsize Cars
2010,Mercury,Milan FFV,22.0,Midsize Cars
2010,Mercury,Milan Hybrid FWD,39.0,Midsize Cars
2010,Mercury,Milan S,26.0,Midsize Cars
2010,Mercury,Mountaineer 2WD,16.5,Sport Utility Vehicle - 2WD
2010,Mercury,Mountaineer AWD,15.5,Sport Utility Vehicle - 4WD
2010,Mitsubishi,Eclipse,21.0,Subcompact Cars
2010,Mitsubishi,Eclipse Spyder,20.5,Minicompact Cars
2010,Mitsubishi,Endeavor 2WD,18.0,Sport Utility Vehicle - 2WD
2010,Mitsubishi,Endeavor AWD,17.0,Sport Utility Vehicle - 4WD
2010,Mitsubishi,Galant,24.0,Midsize Cars
2010,Mitsubishi,Lancer,25.0,Compact Cars
2010,Mitsubishi,Lancer Evolution,18.5,Compact Cars
2010,Mitsubishi,Lancer Sportback,22.0,Small Station Wagons
2010,Mitsubishi,Outlander 2WD,22.5,Sport Utility Vehicle - 2WD
2010,Mitsubishi,Outlander 4WD,21.0,Sport Utility Vehicle - 4WD
2010,Mitsubishi,Raider Pickup 2WD,17.0,Standard Pickup Trucks 2WD
2010,Nissan,370Z,21.5,Two Seaters
2010,Nissan,370Z Roadster,20.5,Two Seaters
2010,Nissan,Altima,23.0,Midsize Cars
2010,Nissan,Altima Coupe,24.5,Subcompact Cars
2010,Nissan,Altima Hybrid,34.0,Midsize Cars
2010,Nissan,Armada 2WD,14.0,Sport Utility Vehicle - 2WD
2010,Nissan,Armada 2WD FFV,15.0,Sport Utility Vehicle - 2WD
2010,Nissan,Armada 4WD,14.0,Sport Utility Vehicle - 4WD
2010,Nissan,Armada 4WD FFV,14.0,Sport Utility Vehicle - 4WD
2010,Nissan,Cube,28.0,Small Station Wagons
2010,Nissan,Frontier 2WD,18.0,Small Pickup Trucks 2WD
2010,Nissan,Frontier 4WD,16.5,Small Pickup Trucks 4WD
2010,Nissan,GT-R,17.0,Subcompact Cars
2010,Nissan,Maxima,22.0,Midsize Cars
2010,Nissan,Murano AWD,20.0,Sport Utility Vehicle - 4WD
2010,Nissan,Murano FWD,20.0,Sport Utility Vehicle - 2WD
2010,Nissan,Pathfinder 2WD,17.0,Sport Utility Vehicle - 2WD
2010,Nissan,Pathfinder 4WD,15.0,Sport Utility Vehicle - 4WD
2010,Nissan,Pathfinder FE 2WD,18.0,Sport Utility Vehicle - 2WD
2010,Nissan,Rogue AWD,23.0,Sport Utility Vehicle - 4WD
2010,Nissan,Rogue FWD,24.0,Sport Utility Vehicle - 2WD
2010,Nissan,Sentra,26.5,Midsize Cars
2010,Nissan,Titan 2WD,15.0,Standard Pickup Trucks 2WD
2010,Nissan,Titan 2WD FFV,15.0,Standard Pickup Trucks 2WD
2010,Nissan,Titan 4WD,14.0,Standard Pickup Trucks 4WD
2010,Nissan,Titan 4WD FFV,14.0,Standard Pickup Trucks 4WD
2010,Nissan,Versa,28.0,Midsize Cars
2010,Nissan,Xterra 2WD,17.5,Sport Utility Vehicle - 2WD
2010,Nissan,Xterra 4WD,17.0,Sport Utility Vehicle - 4WD
2010,Pontiac,G3 (3-Door),29.0,Subcompact Cars
2010,Pontiac,G3 (5-Door),29.0,Compact Cars
2010,Pontiac,G5,28.0,Subcompact Cars
2010,Pontiac,G5 GT,27.5,Subcompact Cars
2010,Pontiac,G5 XFE,30.0,Subcompact Cars
2010,Pontiac,G6,24.0,Compact Cars
2010,Pontiac,Solstice,22.0,Two Seaters
2010,Pontiac,Vibe,24.0,Small Station Wagons
2010,Porsche,911 Carrera,21.5,Minicompact Cars
2010,Porsche,911 Carrera 4,21.0,Minicompact Cars
2010,Porsche,911 Carrera 4 Cabriolet,21.0,Minicompact Cars
2010,Porsche,911 Carrera 4 Targa,21.0,Minicompact Cars
2010,Porsche,911 Carrera 4S,20.5,Minicompact Cars
2010,Porsche,911 Carrera 4S Cabriolet,20.5,Minicompact Cars
2010,Porsche,911 Carrera 4S Targa,20.5,Minicompact Cars
2010,Porsche,911 Carrera Cabriolet,21.5,Minicompact Cars
2010,Porsche,911 Carrera S,21.5,Minicompact Cars
2010,Porsche,911 Carrera S Cabriolet,21.5,Minicompact Cars
2010,Porsche,911 GT3,16.0,Two Seaters
2010,Porsche,911 GT3 RS,16.0,Two Seaters
2010,Porsche,911 Turbo Cabriolet,19.0,Minicompact Cars
2010,Porsche,911 Turbo Coupe,19.0,Minicompact Cars
2010,Porsche,911 Turbo S Cabriolet,19.0,Minicompact Cars
2010,Porsche,911 Turbo S Coupe,19.0,Minicompact Cars
2010,Porsche,Boxster,23.0,Two Seaters
2010,Porsche,Boxster S,22.5,Two Seaters
2010,Porsche,Cayenne,16.0,Sport Utility Vehicle - 4WD
2010,Porsche,Cayenne GTS,14.0,Sport Utility Vehicle - 4WD
2010,Porsche,Cayenne S,15.0,Sport Utility Vehicle - 4WD
2010,Porsche,Cayenne TransSiberia,13.0,Sport Utility Vehicle - 4WD
2010,Porsche,Cayenne Turbo,14.0,Sport Utility Vehicle - 4WD
2010,Porsche,Cayenne Turbo Kit,14.0,Sport Utility Vehicle - 4WD
2010,Porsche,Cayenne Turbo S,14.0,Sport Utility Vehicle - 4WD
2010,Porsche,Cayman,23.0,Two Seaters
2010,Porsche,Cayman S,22.5,Two Seaters
2010,Porsche,Panamera 4S,19.0,Large Cars
2010,Porsche,Panamera S,19.0,Large Cars
2010,Porsche,Panamera Turbo,18.0,Large Cars
2010,Rolls-Royce,Ghost,15.0,Large Cars
2010,Rolls-Royce,Phantom,14.0,Midsize Cars
2010,Rolls-Royce,Phantom Coupe,14.0,Compact Cars
2010,Rolls-Royce,Phantom Drophead Coupe,14.0,Compact Cars
2010,Rolls-Royce,Phantom EWB,14.0,Large Cars
2010,Roush Performance,Stage 3 Mustang,17.5,Subcompact Cars
2010,Saab,9-3 Convertible,22.5,Subcompact Cars
2010,Saab,9-3 Sedan AWD,22.0,Compact Cars
2010,Saab,9-3 Sport Sedan,23.0,Compact Cars
2010,Saab,9-3 SportCombi,23.0,Small Station Wagons
2010,Saab,9-3X SportCombi AWD,22.0,Small Station Wagons
2010,Saab,9-5 Sedan AWD,20.0,Midsize Cars
2010,Saturn,Aura,26.0,Midsize Cars
2010,Saturn,Outlook AWD,19.0,Sport Utility Vehicle - 4WD
2010,Saturn,Outlook FWD,19.0,Sport Utility Vehicle - 2WD
2010,Saturn,SKY,22.0,Two Seaters
2010,Saturn,Vue AWD,19.0,Sport Utility Vehicle - 4WD
2010,Saturn,Vue FWD,19.0,Sport Utility Vehicle - 2WD
2010,Saturn,Vue Hybrid,28.0,Sport Utility Vehicle - 2WD
2010,Scion,tC,23.5,Subcompact Cars
2010,Scion,xB,24.0,Small Station Wagons
2010,Scion,xD,29.0,Subcompact Cars
2010,Spyker,C8 Aileron,17.0,Two Seaters
2010,Subaru,Forester AWD,22.0,Sport Utility Vehicle - 4WD
2010,Subaru,Impreza AWD,21.5,Compact Cars
2010,Subaru,Impreza Wagon/Outback Sport,21.0,Small Station Wagons
2010,Subaru,Legacy AWD,21.5,Midsize Cars
2010,Subaru,Outback Wagon AWD,22.0,Sport Utility Vehicle - 4WD
2010,Subaru,Tribeca AWD,18.0,Sport Utility Vehicle - 4WD
2010,Suzuki,Equator 2WD,19.0,Small Pickup Trucks 2WD
2010,Suzuki,Equator 4WD,16.0,Small Pickup Trucks 4WD
2010,Suzuki,Grand Vitara,21.0,Sport Utility Vehicle - 2WD
2010,Suzuki,Grand Vitara 4WD,20.0,Sport Utility Vehicle - 4WD
2010,Suzuki,Kizashi,25.0,Compact Cars
2010,Suzuki,Kizashi AWD,25.0,Compact Cars
2010,Suzuki,Kizashi S,25.5,Compact Cars
2010,Suzuki,Kizashi S AWD,25.0,Compact Cars
2010,Suzuki,SX4,25.5,Small Station Wagons
2010,Suzuki,SX4 AWD,25.0,Small Station Wagons
2010,Suzuki,SX4 Sedan,27.0,Compact Cars
2010,Suzuki,SX4 Sport,26.0,Compact Cars
2010,Suzuki,Swift x,28.0,Subcompact Cars
2010,Toyota,4Runner 2WD,19.5,Sport Utility Vehicle - 2WD
2010,Toyota,4Runner 4WD,19.0,Sport Utility Vehicle - 4WD
2010,Toyota,Avalon,23.0,Large Cars
2010,Toyota,Camry,26.0,Midsize Cars
2010,Toyota,Camry Hybrid,34.0,Midsize Cars
2010,Toyota,Corolla,27.0,Compact Cars
2010,Toyota,FJ Cruiser 2WD,19.0,Sport Utility Vehicle - 2WD
2010,Toyota,FJ Cruiser 4WD,17.5,Sport Utility Vehicle - 4WD
2010,Toyota,Highlander 2WD,21.0,Sport Utility Vehicle - 2WD
2010,Toyota,Highlander 4WD,19.0,Sport Utility Vehicle - 4WD
2010,Toyota,Highlander Hybrid 4WD,26.0,Sport Utility Vehicle - 4WD
2010,Toyota,Land Cruiser Wagon 4WD,15.0,Sport Utility Vehicle - 4WD
2010,Toyota,Matrix,24.0,Small Station Wagons
2010,Toyota,Prius,50.0,Midsize Cars
2010,Toyota,RAV4 2WD,23.0,Sport Utility Vehicle - 2WD
2010,Toyota,RAV4 4WD,22.5,Sport Utility Vehicle - 4WD
2010,Toyota,Sequoia 2WD,15.5,Sport Utility Vehicle - 2WD
2010,Toyota,Sequoia 4WD,15.0,Sport Utility Vehicle - 4WD
2010,Toyota,Sequoia 4WD FFV,14.0,Sport Utility Vehicle - 4WD
2010,Toyota,Sienna 2WD,19.0,Minivan - 2WD
2010,Toyota,Sienna 4WD,18.0,Minivan - 4WD
2010,Toyota,Tacoma 2WD,19.5,Small Pickup Trucks 2WD
2010,Toyota,Tacoma 4WD,18.0,Small Pickup Trucks 4WD
2010,Toyota,Tundra 2WD,16.0,Standard Pickup Trucks 2WD
2010,Toyota,Tundra 4WD,15.0,Standard Pickup Trucks 4WD
2010,Toyota,Tundra 4WD FFV,15.0,Standard Pickup Trucks 4WD
2010,Toyota,Venza,23.0,Sport Utility Vehicle - 2WD
2010,Toyota,Venza AWD,22.0,Sport Utility Vehicle - 4WD
2010,Toyota,Yaris,31.5,Subcompact Cars
2010,Volkswagen,CC,25.0,Compact Cars
2010,Volkswagen,CC 4motion,20.0,Compact Cars
2010,Volkswagen,Eos,25.0,Subcompact Cars
2010,Volkswagen,GTI,26.0,Compact Cars
2010,Volkswagen,Golf,29.0,Compact Cars
2010,Volkswagen,Jetta,26.0,Compact Cars
2010,Volkswagen,Jetta SportWagen,28.5,Small Station Wagons
2010,Volkswagen,New Beetle,23.0,Subcompact Cars
2010,Volkswagen,New Beetle Convertible,23.0,Minicompact Cars
2010,Volkswagen,Passat,25.0,Midsize Cars
2010,Volkswagen,Passat Wagon,25.0,Midsize Station Wagons
2010,Volkswagen,Routan,19.0,Minivan - 2WD
2010,Volkswagen,Tiguan,21.0,Sport Utility Vehicle - 2WD
2010,Volkswagen,Tiguan 4motion,20.0,Sport Utility Vehicle - 4WD
2010,Volkswagen,Touareg,18.0,Sport Utility Vehicle - 4WD
2010,Volvo,C30 FWD,24.0,Compact Cars
2010,Volvo,C70 FWD,22.5,Subcompact Cars
2010,Volvo,S40 AWD,22.0,Compact Cars
2010,Volvo,S40 FWD,24.0,Compact Cars
2010,Volvo,S80 AWD,18.5,Midsize Cars
2010,Volvo,S80 FWD,21.0,Midsize Cars
2010,Volvo,V50 AWD,22.0,Small Station Wagons
2010,Volvo,V50 FWD,24.0,Small Station Wagons
2010,Volvo,V70 FWD,21.0,Midsize Station Wagons
2010,Volvo,XC60 AWD,18.0,Sport Utility Vehicle - 4WD
2010,Volvo,XC60 FWD,21.0,Sport Utility Vehicle - 2WD
2010,Volvo,XC70 AWD,18.0,Sport Utility Vehicle - 4WD
2010,Volvo,XC90 AWD,16.0,Sport Utility Vehicle - 4WD
2010,Volvo,XC90 FWD,18.0,Sport Utility Vehicle - 2WD
2010,smart,fortwo cabriolet,36.0,Two Seaters
2010,smart,fortwo coupe,36.0,Two Seaters
2011,Acura,MDX 4WD,18.0,Sport Utility Vehicle - 4WD
2011,Acura,RDX 2WD,21.0,Sport Utility Vehicle - 2WD
2011,Acura,RDX 4WD,19.0,Sport Utility Vehicle - 4WD
2011,Acura,RL,20.0,Midsize Cars
2011,Acura,TL 2WD,21.0,Midsize Cars
2011,Acura,TL 4WD,20.0,Midsize Cars
2011,Acura,TSX,24.0,Compact Cars
2011,Acura,TSX Wagon,24.0,Small Station Wagons
2011,Acura,ZDX 4WD,19.0,Sport Utility Vehicle - 4WD
2011,Aston Martin,DB9,14.0,Minicompact Cars
2011,Aston Martin,DBS,13.5,Minicompact Cars
2011,Aston Martin,Rapide,15.0,Subcompact Cars
2011,Aston Martin,V12 Vantage,13.0,Two Seaters
2011,Aston Martin,V8 Vantage,15.5,Two Seaters
2011,Aston Martin,V8 Vantage S,16.0,Two Seaters
2011,Audi,A3,24.0,Small Station Wagons
2011,Audi,A3 quattro,24.0,Small Station Wagons
2011,Audi,A4,25.0,Compact Cars
2011,Audi,A4 Avant quattro,24.0,Small Station Wagons
2011,Audi,A4 quattro,24.5,Compact Cars
2011,Audi,A5 Cabriolet,25.0,Subcompact Cars
2011,Audi,A5 Cabriolet quattro,24.0,Subcompact Cars
2011,Audi,A5 quattro,24.5,Subcompact Cars
2011,Audi,A6,24.0,Midsize Cars
2011,Audi,A6 Avant quattro,21.0,Midsize Station Wagons
2011,Audi,A6 quattro,20.0,Midsize Cars
2011,Audi,A8,21.0,Midsize Cars
2011,Audi,A8 L,21.0,Large Cars
2011,Audi,Q5,21.0,Sport Utility Vehicle - 4WD
2011,Audi,Q7,19.0,Sport Utility Vehicle - 4WD
2011,Audi,R8,14.5,Two Seaters
2011,Audi,R8 Spyder,14.5,Two Seaters
2011,Audi,S4,21.0,Compact Cars
2011,Audi,S5,18.0,Subcompact Cars
2011,Audi,S5 Cabriolet,20.0,Subcompact Cars
2011,Audi,S6,16.0,Midsize Cars
2011,Audi,TT Coupe quattro,26.0,Subcompact Cars
2011,Audi,TT Roadster quattro,26.0,Two Seaters
2011,BMW,128ci Convertible,21.5,Subcompact Cars
2011,BMW,128i,22.0,Subcompact Cars
2011,BMW,135i,21.5,Subcompact Cars
2011,BMW,135i Convertible,21.0,Subcompact Cars
2011,BMW,328ci,22.0,Subcompact Cars
2011,BMW,328ci Convertible,20.5,Subcompact Cars
2011,BMW,328ci xDrive,20.0,Subcompact Cars
2011,BMW,328i,22.0,Compact Cars
2011,BMW,328i Sports Wagon,20.5,Small Station Wagons
2011,BMW,328i xDrive,20.0,Compact Cars
2011,BMW,328i xDrive Sports Wagon,20.0,Small Station Wagons
2011,BMW,335ci,22.0,Subcompact Cars
2011,BMW,335ci Convertible,22.0,Subcompact Cars
2011,BMW,335ci xDrive,21.0,Subcompact Cars
2011,BMW,335d,27.0,Compact Cars
2011,BMW,335i,22.0,Compact Cars
2011,BMW,335i xDrive,21.0,Compact Cars
2011,BMW,335is Convertible,20.0,Subcompact Cars
2011,BMW,335is Coupe,20.0,Subcompact Cars
2011,BMW,528i,25.0,Midsize Cars
2011,BMW,535i,23.0,Midsize Cars
2011,BMW,535i Gran Turismo,24.0,Large Cars
2011,BMW,535i xDrive,23.0,Midsize Cars
2011,BMW,535i xDrive Gran Turismo,21.0,Large Cars
2011,BMW,550i,18.5,Midsize Cars
2011,BMW,550i Gran Turismo,18.0,Large Cars
2011,BMW,550i xDrive,18.0,Midsize Cars
2011,BMW,550i xDrive Gran Turismo,18.0,Large Cars
2011,BMW,740Li,20.0,Large Cars
2011,BMW,740i,20.0,Large Cars
2011,BMW,750Li,17.0,Large Cars
2011,BMW,750Li xDrive,16.0,Large Cars
2011,BMW,750i,17.0,Large Cars
2011,BMW,750i xDrive,16.0,Large Cars
2011,BMW,760Li,15.0,Large Cars
2011,BMW,Active E,102.0,Subcompact Cars
2011,BMW,ActiveHybrid 7Li,20.0,Large Cars
2011,BMW,ActiveHybrid 7i,20.0,Midsize Cars
2011,BMW,ActiveHybrid X6,18.0,Sport Utility Vehicle - 4WD
2011,BMW,Alpina B7 LWB,17.0,Large Cars
2011,BMW,Alpina B7 LWB xDrive,16.0,Large Cars
2011,BMW,Alpina B7 SWB,17.0,Large Cars
2011,BMW,Alpina B7 SWB xDrive,16.0,Large Cars
2011,BMW,M1 Coupe,21.0,Subcompact Cars
2011,BMW,M3 Convertible,16.0,Subcompact Cars
2011,BMW,M3 Coupe,16.0,Subcompact Cars
2011,BMW,M3 Sedan,16.0,Compact Cars
2011,BMW,X3 xDrive28i,21.0,Sport Utility Vehicle - 4WD
2011,BMW,X3 xDrive35i,21.0,Sport Utility Vehicle - 4WD
2011,BMW,X5 xDrive35d,22.0,Sport Utility Vehicle - 4WD
2011,BMW,X5 xDrive35i,19.0,Sport Utility Vehicle - 4WD
2011,BMW,X5 xDrive50i,16.0,Sport Utility Vehicle - 4WD
2011,BMW,X5 xDriveM,14.0,Sport Utility Vehicle - 4WD
2011,BMW,X6 xDrive35i,19.0,Sport Utility Vehicle - 4WD
2011,BMW,X6 xDrive50i,16.0,Sport Utility Vehicle - 4WD
2011,BMW,X6 xDriveM,14.0,Sport Utility Vehicle - 4WD
2011,BMW,Z4 sDrive30i,22.0,Two Seaters
2011,BMW,Z4 sDrive35i,20.0,Two Seaters
2011,BMW,Z4 sDrive35is,19.0,Two Seaters
2011,Bentley,Continental Flying Spur,13.0,Midsize Cars
2011,Bentley,Continental GTC,13.0,Subcompact Cars
2011,Bentley,Continental Supersports,14.0,Two Seaters
2011,Bentley,Continental Supersports Convertible,14.0,Subcompact Cars
2011,Bentley,Mulsanne,13.0,Midsize Cars
2011,Bugatti,Veyron,10.0,Two Seaters
2011,Buick,Enclave AWD,18.0,Sport Utility Vehicle - 4WD
2011,Buick,Enclave FWD,19.0,Sport Utility Vehicle - 2WD
2011,Buick,LaCrosse,21.5,Midsize Cars
2011,Buick,LaCrosse AWD,20.0,Midsize Cars
2011,Buick,Lucerne,19.5,Large Cars
2011,Buick,Regal,23.0,Midsize Cars
2011,Cadillac,CTS,19.0,Midsize Cars
2011,Cadillac,CTS AWD,21.0,Midsize Cars
2011,Cadillac,CTS Wagon,18.5,Small Station Wagons
2011,Cadillac,CTS Wagon AWD,21.0,Small Station Wagons
2011,Cadillac,DTS,18.0,Large Cars
2011,Cadillac,Escalade 2WD,16.0,Sport Utility Vehicle - 2WD
2011,Cadillac,Escalade AWD,15.0,Sport Utility Vehicle - 4WD
2011,Cadillac,Escalade ESV 2WD,16.0,Sport Utility Vehicle - 2WD
2011,Cadillac,Escalade ESV AWD,14.0,Sport Utility Vehicle - 4WD
2011,Cadillac,Escalade Ext AWD,14.0,Sport Utility Vehicle - 4WD
2011,Cadillac,Escalade Hybrid 2WD,21.0,Sport Utility Vehicle - 2WD
2011,Cadillac,Escalade Hybrid 4WD,21.0,Sport Utility Vehicle - 4WD
2011,Cadillac,Funeral Coach / Hearse,14.0,Large Cars
2011,Cadillac,Limousine,14.0,Large Cars
2011,Cadillac,SRX 2WD,20.0,Sport Utility Vehicle - 2WD
2011,Cadillac,SRX AWD,18.5,Sport Utility Vehicle - 4WD
2011,Cadillac,STS,21.0,Midsize Cars
2011,Cadillac,STS AWD,21.0,Midsize Cars
2011,Chevrolet,Avalanche 1500 2WD,17.0,Sport Utility Vehicle - 2WD
2011,Chevrolet,Avalanche 1500 4WD,17.0,Sport Utility Vehicle - 4WD
2011,Chevrolet,Aveo,28.5,Compact Cars
2011,Chevrolet,Aveo 5,28.5,Subcompact Cars
2011,Chevrolet,Camaro,20.0,Compact Cars
2011,Chevrolet,Colorado 2WD,20.0,Small Pickup Trucks 2WD
2011,Chevrolet,Colorado 4WD,19.5,Small Pickup Trucks 4WD
2011,Chevrolet,Colorado Cab Chassis inc 2WD,17.0,Small Pickup Trucks 2WD
2011,Chevrolet,Colorado Cab Chassis inc 4WD,18.0,Small Pickup Trucks 4WD
2011,Chevrolet,Colorado Crew Cab 2WD,20.0,Small Pickup Trucks 2WD
2011,Chevrolet,Colorado Crew Cab 4WD,17.0,Small Pickup Trucks 4WD
2011,Chevrolet,Corvette,18.0,Two Seaters
2011,Chevrolet,Cruze,28.0,Midsize Cars
2011,Chevrolet,Cruze Eco,31.0,Midsize Cars
2011,Chevrolet,Equinox AWD,19.0,Sport Utility Vehicle - 4WD
2011,Chevrolet,Equinox FWD,20.0,Sport Utility Vehicle - 2WD
2011,Chevrolet,Express 1500 2WD Cargo,16.0,"Vans, Cargo Type"
2011,Chevrolet,Express 1500 2WD Conversion Cargo,14.0,"Vans, Cargo Type"
2011,Chevrolet,Express 1500 2WD Passenger,14.0,"Vans, Passenger Type"
2011,Chevrolet,Express 1500 AWD Cargo,14.0,"Vans, Cargo Type"
2011,Chevrolet,Express 1500 AWD Conversion Cargo,14.0,"Vans, Cargo Type"
2011,Chevrolet,Express 1500 AWD Passenger,14.0,"Vans, Passenger Type"
2011,Chevrolet,Express 2500 2WD Cargo,12.0,"Vans, Cargo Type"
2011,Chevrolet,Express 2500 2WD Conversion Cargo,12.0,"Vans, Cargo Type"
2011,Chevrolet,Express 2500 2WD Passenger,13.0,"Vans, Passenger Type"
2011,Chevrolet,Express 3500 2WD Cargo,12.0,"Vans, Cargo Type"
2011,Chevrolet,Express 3500 2WD Passenger,12.0,"Vans, Passenger Type"
2011,Chevrolet,HHR FWD,24.5,Sport Utility Vehicle - 2WD
2011,Chevrolet,HHR Panel FWD,24.5,Sport Utility Vehicle - 2WD
2011,Chevrolet,Impala,22.0,Large Cars
2011,Chevrolet,Malibu,26.0,Midsize Cars
2011,Chevrolet,Silverado 15 Hybrid 2WD,21.0,Standard Pickup Trucks 2WD
2011,Chevrolet,Silverado 15 Hybrid 4WD,21.0,Standard Pickup Trucks 4WD
2011,Chevrolet,Silverado C15 2WD,16.5,Standard Pickup Trucks 2WD
2011,Chevrolet,Silverado C15 XFE 2WD,18.0,Standard Pickup Trucks 2WD
2011,Chevrolet,Silverado K15 4WD,15.5,Standard Pickup Trucks 4WD
2011,Chevrolet,Suburban 1500 2WD,17.0,Sport Utility Vehicle - 2WD
2011,Chevrolet,Suburban 1500 4WD,17.0,Sport Utility Vehicle - 4WD
2011,Chevrolet,Suburban 2500 2WD,12.0,Sport Utility Vehicle - 2WD
2011,Chevrolet,Suburban 2500 4WD,12.0,Sport Utility Vehicle - 4WD
2011,Chevrolet,Tahoe 1500 2WD,17.0,Sport Utility Vehicle - 2WD
2011,Chevrolet,Tahoe 1500 4WD,17.0,Sport Utility Vehicle - 4WD
2011,Chevrolet,Tahoe Hybrid 2WD,21.0,Sport Utility Vehicle - 2WD
2011,Chevrolet,Tahoe Hybrid 4WD,21.0,Sport Utility Vehicle - 4WD
2011,Chevrolet,Traverse AWD,19.0,Sport Utility Vehicle - 4WD
2011,Chevrolet,Traverse FWD,19.0,Sport Utility Vehicle - 2WD
2011,Chevrolet,Volt,37.0,Compact Cars
2011,Chrysler,200,23.0,Midsize Cars
2011,Chrysler,200 Convertible,22.0,Compact Cars
2011,Chrysler,300,21.0,Large Cars
2011,Chrysler,300 AWD,18.0,Large Cars
2011,Chrysler,Town and Country,20.0,Minivan - 2WD
2011,Dodge,Avenger,23.0,Midsize Cars
2011,Dodge,Caliber,24.5,Small Station Wagons
2011,Dodge,Challenger,19.0,Compact Cars
2011,Dodge,Challenger SRT8,16.5,Compact Cars
2011,Dodge,Charger,21.0,Large Cars
2011,Dodge,Charger AWD,18.0,Large Cars
2011,Dodge,Dakota Pickup 2WD,16.5,Standard Pickup Trucks 2WD
2011,Dodge,Dakota Pickup 4WD,15.0,Standard Pickup Trucks 4WD
2011,Dodge,Durango 2WD,17.5,Sport Utility Vehicle - 2WD
2011,Dodge,Durango 4WD,16.5,Sport Utility Vehicle - 4WD
2011,Dodge,Grand Caravan,20.0,Minivan - 2WD
2011,Dodge,Journey AWD,19.0,Sport Utility Vehicle - 4WD
2011,Dodge,Journey FWD,21.0,Sport Utility Vehicle - 2WD
2011,Dodge,Nitro 2WD,18.0,Sport Utility Vehicle - 2WD
2011,Dodge,Nitro 4WD,17.0,Sport Utility Vehicle - 4WD
2011,Dodge,Ram 1500 Pickup 2WD,16.0,Standard Pickup Trucks 2WD
2011,Dodge,Ram 1500 Pickup 4WD,15.0,Standard Pickup Trucks 4WD
2011,Ferrari,458 Italia,14.0,Two Seaters
2011,Ferrari,599 GTB Fiorano,12.5,Two Seaters
2011,Ferrari,599 GTO,12.0,Two Seaters
2011,Ferrari,599 SA Aperta,12.0,Two Seaters
2011,Ferrari,612 Scaglietti,11.5,Midsize Cars
2011,Ferrari,California,15.0,Minicompact Cars
2011,Ford,Crown Victoria FFV,19.0,Large Cars
2011,Ford,E150 Van FFV,14.5,"Vans, Cargo Type"
2011,Ford,E150 Wagon FFV,13.5,"Vans, Passenger Type"
2011,Ford,E250 Van FFV,14.5,"Vans, Cargo Type"
2011,Ford,E350 Van,12.0,"Vans, Cargo Type"
2011,Ford,E350 Van FFV,13.0,"Vans, Cargo Type"
2011,Ford,E350 Wagon,11.0,"Vans, Passenger Type"
2011,Ford,E350 Wagon FFV,13.0,"Vans, Passenger Type"
2011,Ford,Edge AWD,20.0,Sport Utility Vehicle - 4WD
2011,Ford,Edge FWD,21.0,Sport Utility Vehicle - 2WD
2011,Ford,Escape 4WD,22.0,Sport Utility Vehicle - 4WD
2011,Ford,Escape 4WD FFV,20.0,Sport Utility Vehicle - 4WD
2011,Ford,Escape FWD,24.0,Sport Utility Vehicle - 2WD
2011,Ford,Escape FWD FFV,21.0,Sport Utility Vehicle - 2WD
2011,Ford,Escape Hybrid 4WD,29.0,Sport Utility Vehicle - 4WD
2011,Ford,Escape Hybrid FWD,32.0,Sport Utility Vehicle - 2WD
2011,Ford,Expedition 2WD FFV,16.0,Sport Utility Vehicle - 2WD
2011,Ford,Expedition 4WD FFV,15.0,Sport Utility Vehicle - 4WD
2011,Ford,Expedition Limo. 2WD FFV,13.0,Sport Utility Vehicle - 2WD
2011,Ford,Explorer 4WD,19.0,Sport Utility Vehicle - 4WD
2011,Ford,Explorer FWD,20.0,Sport Utility Vehicle - 2WD
2011,Ford,F150 Pickup 2WD,18.0,Standard Pickup Trucks 2WD
2011,Ford,F150 Pickup 2WD FFV,18.0,Standard Pickup Trucks 2WD
2011,Ford,F150 Pickup 4WD,17.0,Standard Pickup Trucks 4WD
2011,Ford,F150 Pickup 4WD FFV,17.0,Standard Pickup Trucks 4WD
2011,Ford,F150 Raptor Pickup 4WD,12.0,Standard Pickup Trucks 4WD
2011,Ford,Fiesta,31.5,Subcompact Cars
2011,Ford,Fiesta SFE,33.0,Subcompact Cars
2011,Ford,Flex AWD,18.0,Sport Utility Vehicle - 4WD
2011,Ford,Flex FWD,19.0,Sport Utility Vehicle - 2WD
2011,Ford,Focus FWD,28.5,Compact Cars
2011,Ford,Fusion AWD,19.0,Midsize Cars
2011,Ford,Fusion AWD FFV,20.0,Midsize Cars
2011,Ford,Fusion FWD,24.0,Midsize Cars
2011,Ford,Fusion FWD FFV,23.0,Midsize Cars
2011,Ford,Fusion Hybrid FWD,38.0,Midsize Cars
2011,Ford,Fusion S FWD,25.0,Midsize Cars
2011,Ford,Mustang,20.0,Subcompact Cars
2011,Ford,Mustang Convertible,23.0,Subcompact Cars
2011,Ford,Ranger 2WD,19.0,Small Pickup Trucks 2WD
2011,Ford,Ranger 4WD,16.5,Small Pickup Trucks 4WD
2011,Ford,Taurus AWD,20.0,Large Cars
2011,Ford,Taurus FWD,21.5,Large Cars
2011,Ford,Transit Connect,22.0,Special Purpose Vehicle 2WD
2011,GMC,Acadia AWD,19.0,Sport Utility Vehicle - 4WD
2011,GMC,Acadia FWD,19.0,Sport Utility Vehicle - 2WD
2011,GMC,Canyon 2WD,20.0,Small Pickup Trucks 2WD
2011,GMC,Canyon 4WD,19.5,Small Pickup Trucks 4WD
2011,GMC,Canyon Cab Chassis Inc 2WD,17.0,Small Pickup Trucks 2WD
2011,GMC,Canyon Cab Chassis Inc 4WD,18.0,Small Pickup Trucks 4WD
2011,GMC,Canyon Crew Cab 2WD,20.0,Small Pickup Trucks 2WD
2011,GMC,Canyon Crew Cab 4WD,17.0,Small Pickup Trucks 4WD
2011,GMC,Savana 1500  AWD (cargo),14.0,"Vans, Cargo Type"
2011,GMC,Savana 1500  AWD Conversion (cargo),14.0,"Vans, Cargo Type"
2011,GMC,Savana 1500 2WD (Passenger),13.5,"Vans, Passenger Type"
2011,GMC,Savana 1500 2WD (cargo),16.0,"Vans, Cargo Type"
2011,GMC,Savana 1500 2WD Conversion (cargo),14.0,"Vans, Cargo Type"
2011,GMC,Savana 1500 AWD (Passenger),14.0,"Vans, Passenger Type"
2011,GMC,Savana 2500 2WD (Passenger),13.0,"Vans, Passenger Type"
2011,GMC,Savana 2500 2WD (cargo),12.0,"Vans, Cargo Type"
2011,GMC,Savana 2500 2WD Conversion (cargo),12.0,"Vans, Cargo Type"
2011,GMC,Savana 3500 2WD (Passenger),12.0,"Vans, Passenger Type"
2011,GMC,Savana 3500 2WD (cargo),12.0,"Vans, Cargo Type"
2011,GMC,Sierra 15 Hybrid 2WD,21.0,Standard Pickup Trucks 2WD
2011,GMC,Sierra 15 Hybrid 4WD,21.0,Standard Pickup Trucks 4WD
2011,GMC,Sierra C15 2WD,16.5,Standard Pickup Trucks 2WD
2011,GMC,Sierra C15 XFE 2WD,18.0,Standard Pickup Trucks 2WD
2011,GMC,Sierra K15 4WD,15.5,Standard Pickup Trucks 4WD
2011,GMC,Sierra K15 AWD,14.0,Standard Pickup Trucks 4WD
2011,GMC,Terrain AWD,19.0,Sport Utility Vehicle - 4WD
2011,GMC,Terrain FWD,20.0,Sport Utility Vehicle - 2WD
2011,GMC,Yukon 1500 2WD,16.5,Sport Utility Vehicle - 2WD
2011,GMC,Yukon 1500 4WD,17.0,Sport Utility Vehicle - 4WD
2011,GMC,Yukon 1500 Hybrid 2WD,21.0,Sport Utility Vehicle - 2WD
2011,GMC,Yukon 1500 Hybrid 4WD,21.0,Sport Utility Vehicle - 4WD
2011,GMC,Yukon Denali 1500 AWD,15.0,Sport Utility Vehicle - 4WD
2011,GMC,Yukon Denali 1500 Hybrid 4WD,21.0,Sport Utility Vehicle - 4WD
2011,GMC,Yukon XL 1500 2WD,16.5,Sport Utility Vehicle - 2WD
2011,GMC,Yukon XL 1500 4WD,17.0,Sport Utility Vehicle - 4WD
2011,GMC,Yukon XL 1500 AWD,14.0,Sport Utility Vehicle - 4WD
2011,GMC,Yukon XL 2500 2WD,12.0,Sport Utility Vehicle - 2WD
2011,GMC,Yukon XL 2500 4WD,12.0,Sport Utility Vehicle - 4WD
2011,Honda,Accord,26.0,Large Cars
2011,Honda,Accord Coupe,24.5,Compact Cars
2011,Honda,Accord Crosstour 2WD,21.0,Sport Utility Vehicle - 2WD
2011,Honda,Accord Crosstour 4WD,21.0,Sport Utility Vehicle - 4WD
2011,Honda,CR-V 2WD,24.0,Sport Utility Vehicle - 2WD
2011,Honda,CR-V 4WD,23.0,Sport Utility Vehicle - 4WD
2011,Honda,CR-Z,35.0,Two Seaters
2011,Honda,Civic,29.0,Subcompact Cars
2011,Honda,Civic CNG,28.0,Subcompact Cars
2011,Honda,Civic Hybrid,41.0,Compact Cars
2011,Honda,Element 2WD,22.0,Sport Utility Vehicle - 2WD
2011,Honda,Element 4WD,20.5,Sport Utility Vehicle - 4WD
2011,Honda,Fit,30.0,Small Station Wagons
2011,Honda,Insight,40.0,Compact Cars
2011,Honda,Odyssey,21.5,Minivan - 2WD
2011,Honda,Pilot 2WD,19.0,Sport Utility Vehicle - 2WD
2011,Honda,Pilot 4WD,18.0,Sport Utility Vehicle - 4WD
2011,Honda,Ridgeline Truck 4WD,17.0,Standard Pickup Trucks 4WD
2011,Hyundai,Accent,30.0,Compact Cars
2011,Hyundai,Accent Blue,29.0,Compact Cars
2011,Hyundai,Azera,22.0,Large Cars
2011,Hyundai,Elantra,32.0,Midsize Cars
2011,Hyundai,Elantra Touring,26.0,Small Station Wagons
2011,Hyundai,Entourage,21.0,Minivan - 2WD
2011,Hyundai,Equus,18.0,Large Cars
2011,Hyundai,Genesis,20.5,Large Cars
2011,Hyundai,Genesis Coupe,21.5,Subcompact Cars
2011,Hyundai,Santa Fe 2WD,22.0,Sport Utility Vehicle - 2WD
2011,Hyundai,Santa Fe 4WD,22.0,Sport Utility Vehicle - 4WD
2011,Hyundai,Sonata,26.0,Large Cars
2011,Hyundai,Sonata Hybrid,36.0,Midsize Cars
2011,Hyundai,Tucson 2WD,24.0,Sport Utility Vehicle - 2WD
2011,Hyundai,Tucson 4WD,23.0,Sport Utility Vehicle - 4WD
2011,Hyundai,Veracruz 2WD,19.0,Sport Utility Vehicle - 2WD
2011,Hyundai,Veracruz 4WD,18.0,Sport Utility Vehicle - 4WD
2011,Infiniti,EX35,20.0,Small Station Wagons
2011,Infiniti,EX35 AWD,19.0,Small Station Wagons
2011,Infiniti,FX35 AWD,18.0,Sport Utility Vehicle - 4WD
2011,Infiniti,FX35 RWD,19.0,Sport Utility Vehicle - 2WD
2011,Infiniti,FX50 AWD,16.0,Sport Utility Vehicle - 4WD
2011,Infiniti,G25,23.0,Midsize Cars
2011,Infiniti,G25x,22.0,Midsize Cars
2011,Infiniti,G37 Convertible,19.5,Subcompact Cars
2011,Infiniti,G37 Coupe,20.5,Subcompact Cars
2011,Infiniti,G37x Coupe,20.0,Subcompact Cars
2011,Infiniti,M37,21.0,Midsize Cars
2011,Infiniti,M37x,20.0,Midsize Cars
2011,Infiniti,M56,19.0,Midsize Cars
2011,Infiniti,M56x,18.0,Midsize Cars
2011,Infiniti,QX56 2WD,16.0,Sport Utility Vehicle - 2WD
2011,Infiniti,QX56 4WD,16.0,Sport Utility Vehicle - 4WD
2011,Jaguar,XF,18.0,Midsize Cars
2011,Jaguar,XJ,18.0,Large Cars
2011,Jaguar,XJ LWB,17.5,Large Cars
2011,Jaguar,XK,18.0,Minicompact Cars
2011,Jaguar,XK Convertible,17.5,Minicompact Cars
2011,Jeep,Compass 2WD,24.5,Sport Utility Vehicle - 2WD
2011,Jeep,Compass 4WD,23.0,Sport Utility Vehicle - 4WD
2011,Jeep,Grand Cherokee 2WD,18.0,Sport Utility Vehicle - 2WD
2011,Jeep,Grand Cherokee 4WD,18.0,Sport Utility Vehicle - 4WD
2011,Jeep,Liberty 2WD,18.0,Sport Utility Vehicle - 2WD
2011,Jeep,Liberty 4WD,17.0,Sport Utility Vehicle - 4WD
2011,Jeep,Patriot 2WD,24.5,Sport Utility Vehicle - 2WD
2011,Jeep,Patriot 4WD,23.0,Sport Utility Vehicle - 4WD
2011,Jeep,Wrangler 4WD,17.0,Sport Utility Vehicle - 4WD
2011,Kia,Borrego 2WD,18.0,Sport Utility Vehicle - 2WD
2011,Kia,Borrego 4WD,17.5,Sport Utility Vehicle - 4WD
2011,Kia,Forte,27.0,Midsize Cars
2011,Kia,Forte Eco,30.0,Midsize Cars
2011,Kia,Forte Koup,26.5,Compact Cars
2011,Kia,Optima,27.0,Midsize Cars
2011,Kia,Optima Hybrid,36.0,Midsize Cars
2011,Kia,Rio,30.0,Compact Cars
2011,Kia,Rondo,21.5,Midsize Station Wagons
2011,Kia,Sedona,21.0,Minivan - 2WD
2011,Kia,Sorento 2WD,22.0,Sport Utility Vehicle - 2WD
2011,Kia,Sorento 4WD,21.5,Sport Utility Vehicle - 4WD
2011,Kia,Soul,26.5,Small Station Wagons
2011,Kia,Sportage 2WD,24.0,Sport Utility Vehicle - 2WD
2011,Kia,Sportage 4WD,23.0,Sport Utility Vehicle - 4WD
2011,Lamborghini,Gallardo Coupe,15.5,Two Seaters
2011,Lamborghini,Gallardo Spyder,15.0,Two Seaters
2011,Land Rover,LR2,18.0,Sport Utility Vehicle - 4WD
2011,Land Rover,LR4,14.0,Sport Utility Vehicle - 4WD
2011,Land Rover,Range Rover,14.5,Sport Utility Vehicle - 4WD
2011,Land Rover,Range Rover Sport,14.5,Sport Utility Vehicle - 4WD
2011,Lexus,CT 200h,42.0,Compact Cars
2011,Lexus,ES 350,22.0,Midsize Cars
2011,Lexus,GS 350,21.0,Midsize Cars
2011,Lexus,GS 350 AWD,20.0,Midsize Cars
2011,Lexus,GS 450h,23.0,Compact Cars
2011,Lexus,GS 460,20.0,Midsize Cars
2011,Lexus,GX 460,17.0,Sport Utility Vehicle - 4WD
2011,Lexus,HS 250h,34.0,Compact Cars
2011,Lexus,IS 250 AWD,22.0,Subcompact Cars
2011,Lexus,IS 250/IS 250C,23.0,Subcompact Cars
2011,Lexus,IS 350 AWD,20.0,Subcompact Cars
2011,Lexus,IS 350/IS 350C,22.0,Subcompact Cars
2011,Lexus,IS F,18.0,Subcompact Cars
2011,Lexus,LS 460,19.0,Midsize Cars
2011,Lexus,LS 460 AWD,18.0,Midsize Cars
2011,Lexus,LS 460 L,19.0,Midsize Cars
2011,Lexus,LS 460 L AWD,18.0,Midsize Cars
2011,Lexus,LS 600h L,20.0,Midsize Cars
2011,Lexus,LX 570,14.0,Sport Utility Vehicle - 4WD
2011,Lexus,RX 350 2WD,21.0,Sport Utility Vehicle - 2WD
2011,Lexus,RX 350 AWD,20.0,Sport Utility Vehicle - 4WD
2011,Lexus,RX 450h,29.0,Sport Utility Vehicle - 2WD
2011,Lexus,RX 450h AWD,28.0,Sport Utility Vehicle - 4WD
2011,Lincoln,MKS AWD,19.5,Large Cars
2011,Lincoln,MKS FWD,19.0,Large Cars
2011,Lincoln,MKT AWD,18.0,Sport Utility Vehicle - 4WD
2011,Lincoln,MKT FWD,19.0,Sport Utility Vehicle - 2WD
2011,Lincoln,MKT Hearse AWD,16.0,Sport Utility Vehicle - 4WD
2011,Lincoln,MKX AWD,19.0,Sport Utility Vehicle - 4WD
2011,Lincoln,MKX FWD,21.0,Sport Utility Vehicle - 2WD
2011,Lincoln,MKZ AWD,19.0,Midsize Cars
2011,Lincoln,MKZ FWD,21.0,Midsize Cars
2011,Lincoln,MKZ Hybrid FWD,38.0,Midsize Cars
2011,Lincoln,Navigator 2WD FFV,16.0,Sport Utility Vehicle - 2WD
2011,Lincoln,Navigator 4WD FFV,15.0,Sport Utility Vehicle - 4WD
2011,Lincoln,Navigator Limo. 2WD FFV,13.0,Sport Utility Vehicle - 2WD
2011,Lincoln,Town Car FFV,19.0,Large Cars
2011,Lotus,Elise/Exige,22.5,Two Seaters
2011,Lotus,Evora,21.0,Minicompact Cars
2011,MINI,Clubman,30.0,Subcompact Cars
2011,MINI,Cooper,31.5,Minicompact Cars
2011,MINI,Cooper Convertible,30.0,Minicompact Cars
2011,MINI,Cooper Countryman,28.5,Compact Cars
2011,MINI,Cooper S,29.0,Minicompact Cars
2011,MINI,Cooper S Clubman,29.0,Subcompact Cars
2011,MINI,Cooper S Convertible,29.0,Minicompact Cars
2011,MINI,Cooper S Countryman,28.0,Compact Cars
2011,MINI,Cooper S Countryman All4,26.5,Compact Cars
2011,MINI,John Cooper Works,28.0,Minicompact Cars
2011,MINI,John Cooper Works Clubman,28.0,Subcompact Cars
2011,MINI,John Cooper Works Convertible,28.0,Minicompact Cars
2011,Mahindra,TR40,20.0,Standard Pickup Trucks 4WD
2011,Maserati,GranTurismo,15.0,Subcompact Cars
2011,Maserati,GranTurismo Convertible,15.0,Subcompact Cars
2011,Maserati,Quattroporte,14.5,Large Cars
2011,Maybach,57,12.0,Large Cars
2011,Maybach,57S,12.0,Large Cars
2011,Maybach,62,12.0,Large Cars
2011,Maybach,62S,12.0,Large Cars
2011,Mazda,2,30.0,Compact Cars
2011,Mazda,3,26.0,Compact Cars
2011,Mazda,6,24.0,Midsize Cars
2011,Mazda,CX-7 2WD,21.5,Sport Utility Vehicle - 2WD
2011,Mazda,CX-7 4WD,19.0,Sport Utility Vehicle - 4WD
2011,Mazda,CX-9 2WD,19.0,Sport Utility Vehicle - 2WD
2011,Mazda,CX-9 4WD,19.0,Sport Utility Vehicle - 4WD
2011,Mazda,MX-5,24.0,Two Seaters
2011,Mazda,RX-8,18.5,Subcompact Cars
2011,Mazda,Speed 3,21.0,Midsize Cars
2011,Mazda,Tribute 4WD,22.0,Sport Utility Vehicle - 4WD
2011,Mazda,Tribute 4WD FFV,20.0,Sport Utility Vehicle - 4WD
2011,Mazda,Tribute FWD,24.0,Sport Utility Vehicle - 2WD
2011,Mazda,Tribute FWD FFV,21.0,Sport Utility Vehicle - 2WD
2011,Mazda,Tribute Hybrid 2WD,32.0,Sport Utility Vehicle - 2WD
2011,Mazda,Tribute Hybrid 4WD,29.0,Sport Utility Vehicle - 4WD
2011,Mercedes-Benz,C300,21.0,Compact Cars
2011,Mercedes-Benz,C300 4matic,20.0,Compact Cars
2011,Mercedes-Benz,C350,20.0,Compact Cars
2011,Mercedes-Benz,C63 AMG,15.0,Compact Cars
2011,Mercedes-Benz,CL550 4matic,18.0,Compact Cars
2011,Mercedes-Benz,CL600,14.0,Compact Cars
2011,Mercedes-Benz,CL63 AMG,17.0,Compact Cars
2011,Mercedes-Benz,CL65 AMG,14.0,Compact Cars
2011,Mercedes-Benz,CLS550,16.0,Compact Cars
2011,Mercedes-Benz,CLS63 AMG,14.0,Compact Cars
2011,Mercedes-Benz,E350,20.0,Midsize Cars
2011,Mercedes-Benz,E350 4matic,19.0,Midsize Cars
2011,Mercedes-Benz,E350 4matic (wagon),19.0,Midsize Station Wagons
2011,Mercedes-Benz,E350 Convertible,20.0,Subcompact Cars
2011,Mercedes-Benz,E350 Coupe,20.0,Subcompact Cars
2011,Mercedes-Benz,E550,18.0,Midsize Cars
2011,Mercedes-Benz,E550 4matic,18.0,Midsize Cars
2011,Mercedes-Benz,E550 Convertible,17.0,Subcompact Cars
2011,Mercedes-Benz,E550 Coupe,18.0,Subcompact Cars
2011,Mercedes-Benz,E63 AMG,15.0,Midsize Cars
2011,Mercedes-Benz,G55 AMG,12.0,Sport Utility Vehicle - 4WD
2011,Mercedes-Benz,G550,13.0,Sport Utility Vehicle - 4WD
2011,Mercedes-Benz,GL450 4matic,15.0,Sport Utility Vehicle - 4WD
2011,Mercedes-Benz,GL550 4matic,14.0,Sport Utility Vehicle - 4WD
2011,Mercedes-Benz,GLK350,18.0,Sport Utility Vehicle - 2WD
2011,Mercedes-Benz,GLK350 4matic,18.0,Sport Utility Vehicle - 4WD
2011,Mercedes-Benz,ML350,17.0,Sport Utility Vehicle - 2WD
2011,Mercedes-Benz,ML350 4matic,17.0,Sport Utility Vehicle - 4WD
2011,Mercedes-Benz,ML450 Hybrid 4matic,22.0,Sport Utility Vehicle - 4WD
2011,Mercedes-Benz,ML550 4matic,15.0,Sport Utility Vehicle - 4WD
2011,Mercedes-Benz,ML63 AMG,12.0,Sport Utility Vehicle - 4WD
2011,Mercedes-Benz,R350 4matic,16.0,Sport Utility Vehicle - 4WD
2011,Mercedes-Benz,S400 Hybrid,21.0,Large Cars
2011,Mercedes-Benz,S550,18.0,Large Cars
2011,Mercedes-Benz,S550 4matic,17.0,Large Cars
2011,Mercedes-Benz,S600,14.0,Large Cars
2011,Mercedes-Benz,S63 AMG,18.0,Large Cars
2011,Mercedes-Benz,S65 AMG,14.0,Large Cars
2011,Mercedes-Benz,SL550,17.0,Two Seaters
2011,Mercedes-Benz,SL63 AMG,14.0,Two Seaters
2011,Mercedes-Benz,SL65 AMG,14.0,Two Seaters
2011,Mercedes-Benz,SLK300,20.5,Two Seaters
2011,Mercedes-Benz,SLK350,20.5,Two Seaters
2011,Mercedes-Benz,SLS AMG,16.0,Two Seaters
2011,Mercury,Grand Marquis FFV,19.0,Large Cars
2011,Mercury,Mariner 4WD,22.0,Sport Utility Vehicle - 4WD
2011,Mercury,Mariner 4WD FFV,20.0,Sport Utility Vehicle - 4WD
2011,Mercury,Mariner FWD,23.0,Sport Utility Vehicle - 2WD
2011,Mercury,Mariner FWD FFV,21.0,Sport Utility Vehicle - 2WD
2011,Mercury,Mariner Hybrid 4WD,29.0,Sport Utility Vehicle - 4WD
2011,Mercury,Mariner Hybrid FWD,32.0,Sport Utility Vehicle - 2WD
2011,Mercury,Milan AWD FFV,20.0,Midsize Cars
2011,Mercury,Milan FWD,25.0,Midsize Cars
2011,Mercury,Milan FWD FFV,23.0,Midsize Cars
2011,Mercury,Milan Hybrid FWD,38.0,Midsize Cars
2011,Mercury,Milan S FWD,25.0,Midsize Cars
2011,Mitsubishi,Eclipse,23.0,Subcompact Cars
2011,Mitsubishi,Eclipse Spyder,21.0,Minicompact Cars
2011,Mitsubishi,Endeavor 2WD,18.0,Sport Utility Vehicle - 2WD
2011,Mitsubishi,Endeavor AWD,17.0,Sport Utility Vehicle - 4WD
2011,Mitsubishi,Galant,24.0,Midsize Cars
2011,Mitsubishi,Lancer,26.0,Compact Cars
2011,Mitsubishi,Lancer Evolution,19.0,Compact Cars
2011,Mitsubishi,Lancer Sportback,25.0,Small Station Wagons
2011,Mitsubishi,Outlander 2WD,23.5,Sport Utility Vehicle - 2WD
2011,Mitsubishi,Outlander 4WD,22.5,Sport Utility Vehicle - 4WD
2011,Mitsubishi,Outlander Sport 2WD,26.5,Sport Utility Vehicle - 2WD
2011,Mitsubishi,Outlander Sport 4WD,26.0,Sport Utility Vehicle - 4WD
2011,Nissan,370Z,21.5,Two Seaters
2011,Nissan,370Z Roadster,20.0,Two Seaters
2011,Nissan,Altima,24.0,Midsize Cars
2011,Nissan,Altima Coupe,24.5,Subcompact Cars
2011,Nissan,Altima Hybrid,33.0,Midsize Cars
2011,Nissan,Armada 2WD,15.0,Sport Utility Vehicle - 2WD
2011,Nissan,Armada 2WD FFV,15.0,Sport Utility Vehicle - 2WD
2011,Nissan,Armada 4WD,14.0,Sport Utility Vehicle - 4WD
2011,Nissan,Armada 4WD FFV,14.0,Sport Utility Vehicle - 4WD
2011,Nissan,Cube,27.5,Small Station Wagons
2011,Nissan,Frontier 2WD,18.0,Small Pickup Trucks 2WD
2011,Nissan,Frontier 4WD,16.5,Small Pickup Trucks 4WD
2011,Nissan,GT-R,17.0,Subcompact Cars
2011,Nissan,Juke,28.0,Small Station Wagons
2011,Nissan,Juke AWD,27.0,Small Station Wagons
2011,Nissan,Leaf,99.0,Midsize Cars
2011,Nissan,Maxima,22.0,Midsize Cars
2011,Nissan,Murano AWD,20.0,Sport Utility Vehicle - 4WD
2011,Nissan,Murano CrossCabriolet,19.0,Sport Utility Vehicle - 4WD
2011,Nissan,Murano FWD,20.0,Sport Utility Vehicle - 2WD
2011,Nissan,Pathfinder 2WD,17.0,Sport Utility Vehicle - 2WD
2011,Nissan,Pathfinder 4WD,15.5,Sport Utility Vehicle - 4WD
2011,Nissan,Quest,21.0,Minivan - 2WD
2011,Nissan,Rogue AWD,24.0,Sport Utility Vehicle - 4WD
2011,Nissan,Rogue FWD,24.0,Sport Utility Vehicle - 2WD
2011,Nissan,Sentra,26.0,Midsize Cars
2011,Nissan,Titan 2WD,15.0,Standard Pickup Trucks 2WD
2011,Nissan,Titan 2WD FFV,15.0,Standard Pickup Trucks 2WD
2011,Nissan,Titan 4WD,14.0,Standard Pickup Trucks 4WD
2011,Nissan,Titan 4WD FFV,14.0,Standard Pickup Trucks 4WD
2011,Nissan,Versa,28.0,Midsize Cars
2011,Nissan,Xterra 2WD,18.0,Sport Utility Vehicle - 2WD
2011,Nissan,Xterra 4WD,17.0,Sport Utility Vehicle - 4WD
2011,Porsche,911 Carrera,21.5,Minicompact Cars
2011,Porsche,911 Carrera 4,21.0,Minicompact Cars
2011,Porsche,911 Carrera 4 Cabriolet,21.0,Minicompact Cars
2011,Porsche,911 Carrera 4 Targa,21.0,Minicompact Cars
2011,Porsche,911 Carrera 4S,21.0,Minicompact Cars
2011,Porsche,911 Carrera 4S Cabriolet,20.5,Minicompact Cars
2011,Porsche,911 Carrera 4S Targa,20.5,Minicompact Cars
2011,Porsche,911 Carrera Cabriolet,21.0,Minicompact Cars
2011,Porsche,911 Carrera S,20.5,Minicompact Cars
2011,Porsche,911 Carrera S Cabriolet,21.0,Minicompact Cars
2011,Porsche,911 GT2 RS,19.0,Two Seaters
2011,Porsche,911 GT3,16.0,Two Seaters
2011,Porsche,911 GT3 RS,15.5,Two Seaters
2011,Porsche,911 GTS,20.5,Minicompact Cars
2011,Porsche,911 GTS Cabriolet,21.0,Minicompact Cars
2011,Porsche,911 Speedster,21.0,Two Seaters
2011,Porsche,911 Turbo Cabriolet,19.0,Minicompact Cars
2011,Porsche,911 Turbo Coupe,19.0,Minicompact Cars
2011,Porsche,911 Turbo S Cabriolet,19.0,Minicompact Cars
2011,Porsche,911 Turbo S Coupe,19.0,Minicompact Cars
2011,Porsche,Boxster,22.5,Two Seaters
2011,Porsche,Boxster S,22.5,Two Seaters
2011,Porsche,Boxster Spyder,22.5,Two Seaters
2011,Porsche,Cayenne,18.5,Sport Utility Vehicle - 4WD
2011,Porsche,Cayenne S,18.0,Sport Utility Vehicle - 4WD
2011,Porsche,Cayenne S Hybrid,21.0,Sport Utility Vehicle - 4WD
2011,Porsche,Cayenne Turbo,17.0,Sport Utility Vehicle - 4WD
2011,Porsche,Cayman,22.5,Two Seaters
2011,Porsche,Cayman S,22.5,Two Seaters
2011,Porsche,Panamera,21.0,Large Cars
2011,Porsche,Panamera 4,21.0,Large Cars
2011,Porsche,Panamera 4S,19.0,Large Cars
2011,Porsche,Panamera S,19.0,Large Cars
2011,Porsche,Panamera Turbo,18.0,Large Cars
2011,Rolls-Royce,Ghost,15.0,Large Cars
2011,Rolls-Royce,Phantom,14.0,Large Cars
2011,Rolls-Royce,Phantom Coupe,14.0,Compact Cars
2011,Rolls-Royce,Phantom Drophead Coupe,14.0,Compact Cars
2011,Rolls-Royce,Phantom EWB,14.0,Large Cars
2011,Roush Performance,Stage 3 Mustang,16.0,Subcompact Cars
2011,Saab,9-3 Convertible,22.0,Compact Cars
2011,Saab,9-3 Sedan AWD,21.5,Compact Cars
2011,Saab,9-3 Sport Sedan,23.0,Compact Cars
2011,Saab,9-3 SportCombi,22.5,Small Station Wagons
2011,Saab,9-3X SportCombi AWD,21.5,Small Station Wagons
2011,Saab,9-4X AWD,18.5,Sport Utility Vehicle - 4WD
2011,Saab,9-4X FWD,20.0,Sport Utility Vehicle - 2WD
2011,Saab,9-5 Sedan,22.5,Midsize Cars
2011,Saab,9-5 Sedan AWD,20.0,Midsize Cars
2011,Scion,iQ,36.0,Minicompact Cars
2011,Scion,tC,25.0,Compact Cars
2011,Scion,xB,24.0,Small Station Wagons
2011,Scion,xD,29.0,Subcompact Cars
2011,Spyker,C8 Aileron,17.0,Two Seaters
2011,Subaru,Forester AWD,23.0,Sport Utility Vehicle - 4WD
2011,Subaru,Impreza AWD,21.5,Compact Cars
2011,Subaru,Impreza Wagon/Outback Sport AWD,21.5,Small Station Wagons
2011,Subaru,Legacy AWD,21.5,Midsize Cars
2011,Subaru,Outback Wagon AWD,22.0,Sport Utility Vehicle - 4WD
2011,Subaru,Tribeca AWD,18.0,Sport Utility Vehicle - 4WD
2011,Suzuki,Equator 2WD,19.0,Small Pickup Trucks 2WD
2011,Suzuki,Equator 4WD,16.0,Small Pickup Trucks 4WD
2011,Suzuki,Grand Vitara,21.5,Sport Utility Vehicle - 2WD
2011,Suzuki,Grand Vitara 4WD,20.0,Sport Utility Vehicle - 4WD
2011,Suzuki,Kizashi,24.5,Compact Cars
2011,Suzuki,Kizashi AWD,25.0,Compact Cars
2011,Suzuki,Kizashi S,25.0,Compact Cars
2011,Suzuki,Kizashi S AWD,25.0,Compact Cars
2011,Suzuki,SX4,25.0,Small Station Wagons
2011,Suzuki,SX4 AWD,25.0,Small Station Wagons
2011,Suzuki,SX4 Sedan,27.0,Compact Cars
2011,Suzuki,SX4 Sport/Anniversary Edition,25.5,Compact Cars
2011,Suzuki,Swift x,28.5,Subcompact Cars
2011,Toyota,4Runner 2WD,19.0,Sport Utility Vehicle - 2WD
2011,Toyota,4Runner 4WD,19.0,Sport Utility Vehicle - 4WD
2011,Toyota,Avalon,23.0,Large Cars
2011,Toyota,Camry,25.0,Midsize Cars
2011,Toyota,Camry Hybrid,33.0,Midsize Cars
2011,Toyota,Corolla,27.0,Compact Cars
2011,Toyota,FJ Cruiser 2WD,19.0,Sport Utility Vehicle - 2WD
2011,Toyota,FJ Cruiser 4WD,18.0,Sport Utility Vehicle - 4WD
2011,Toyota,Highlander 2WD,21.0,Sport Utility Vehicle - 2WD
2011,Toyota,Highlander 4WD,19.0,Sport Utility Vehicle - 4WD
2011,Toyota,Highlander Hybrid 4WD,28.0,Sport Utility Vehicle - 4WD
2011,Toyota,Land Cruiser Wagon 4WD,15.0,Sport Utility Vehicle - 4WD
2011,Toyota,Matrix,24.0,Small Station Wagons
2011,Toyota,Prius,48.0,Midsize Cars
2011,Toyota,RAV4 2WD,23.0,Sport Utility Vehicle - 2WD
2011,Toyota,RAV4 4WD,22.0,Sport Utility Vehicle - 4WD
2011,Toyota,Sequoia 2WD,16.0,Sport Utility Vehicle - 2WD
2011,Toyota,Sequoia 4WD,15.0,Sport Utility Vehicle - 4WD
2011,Toyota,Sequoia 4WD FFV,14.0,Sport Utility Vehicle - 4WD
2011,Toyota,Sienna 2WD,20.5,Minivan - 2WD
2011,Toyota,Sienna AWD,18.0,Minivan - 4WD
2011,Toyota,Tacoma 2WD,19.5,Small Pickup Trucks 2WD
2011,Toyota,Tacoma 4WD,18.5,Small Pickup Trucks 4WD
2011,Toyota,Tundra 2WD,17.0,Standard Pickup Trucks 2WD
2011,Toyota,Tundra 4WD,15.0,Standard Pickup Trucks 4WD
2011,Toyota,Tundra 4WD FFV,15.0,Standard Pickup Trucks 4WD
2011,Toyota,Venza,22.0,Sport Utility Vehicle - 2WD
2011,Toyota,Venza AWD,21.5,Sport Utility Vehicle - 4WD
2011,Toyota,Yaris,31.0,Subcompact Cars
2011,VPG,MV-1,15.0,Special Purpose Vehicle 2WD
2011,VPG,MV-1 CNG,13.0,Special Purpose Vehicle 2WD
2011,Volkswagen,CC,25.0,Compact Cars
2011,Volkswagen,CC 4motion,20.0,Compact Cars
2011,Volkswagen,Eos,25.0,Subcompact Cars
2011,Volkswagen,GTI,26.0,Compact Cars
2011,Volkswagen,Golf,29.5,Compact Cars
2011,Volkswagen,Jetta,27.5,Compact Cars
2011,Volkswagen,Jetta SportWagen,29.5,Small Station Wagons
2011,Volkswagen,Routan,20.0,Minivan - 2WD
2011,Volkswagen,Tiguan,21.5,Sport Utility Vehicle - 2WD
2011,Volkswagen,Tiguan 4motion,21.0,Sport Utility Vehicle - 4WD
2011,Volkswagen,Touareg,20.5,Sport Utility Vehicle - 4WD
2011,Volkswagen,Touareg Hybrid,21.0,Sport Utility Vehicle - 4WD
2011,Volvo,C30 FWD,24.0,Compact Cars
2011,Volvo,C70 FWD,23.0,Subcompact Cars
2011,Volvo,S40 FWD,24.0,Compact Cars
2011,Volvo,S60 AWD,21.0,Compact Cars
2011,Volvo,S80 AWD,21.0,Midsize Cars
2011,Volvo,S80 FWD,22.0,Midsize Cars
2011,Volvo,V50 FWD,24.0,Small Station Wagons
2011,Volvo,XC60 AWD,19.5,Sport Utility Vehicle - 4WD
2011,Volvo,XC60 FWD,21.0,Sport Utility Vehicle - 2WD
2011,Volvo,XC70 AWD,19.5,Sport Utility Vehicle - 4WD
2011,Volvo,XC70 FWD,21.0,Sport Utility Vehicle - 2WD
2011,Volvo,XC90 AWD,17.0,Sport Utility Vehicle - 4WD
2011,Volvo,XC90 FWD,18.0,Sport Utility Vehicle - 2WD
2011,smart,fortwo cabriolet,36.0,Two Seaters
2011,smart,fortwo coupe,36.0,Two Seaters
2011,smart,fortwo electric drive cabriolet,87.0,Two Seaters
2011,smart,fortwo electric drive coupe,87.0,Two Seaters
2012,Acura,MDX 4WD,18.0,Sport Utility Vehicle - 4WD
2012,Acura,RDX 2WD,21.0,Sport Utility Vehicle - 2WD
2012,Acura,RDX 4WD,19.0,Sport Utility Vehicle - 4WD
2012,Acura,RL,20.0,Midsize Cars
2012,Acura,TL 2WD,23.0,Midsize Cars
2012,Acura,TL 4WD,20.5,Midsize Cars
2012,Acura,TSX,24.0,Compact Cars
2012,Acura,TSX Wagon,24.0,Small Station Wagons
2012,Acura,ZDX 4WD,19.0,Sport Utility Vehicle - 4WD
2012,Aston Martin,DB9,14.0,Minicompact Cars
2012,Aston Martin,DBS,13.5,Minicompact Cars
2012,Aston Martin,Rapide,15.0,Subcompact Cars
2012,Aston Martin,V12 Vantage,13.0,Two Seaters
2012,Aston Martin,V8 Vantage,16.0,Two Seaters
2012,Aston Martin,V8 Vantage S,16.0,Two Seaters
2012,Aston Martin,Virage,15.0,Minicompact Cars
2012,Audi,A3,24.0,Small Station Wagons
2012,Audi,A3 quattro,24.0,Small Station Wagons
2012,Audi,A4,25.0,Compact Cars
2012,Audi,A4 Avant quattro,24.0,Small Station Wagons
2012,Audi,A4 quattro,24.5,Compact Cars
2012,Audi,A5 Cabriolet,25.0,Subcompact Cars
2012,Audi,A5 Cabriolet quattro,24.0,Subcompact Cars
2012,Audi,A5 quattro,24.5,Subcompact Cars
2012,Audi,A6,28.0,Midsize Cars
2012,Audi,A6 quattro,22.0,Midsize Cars
2012,Audi,A7 quattro,22.0,Midsize Cars
2012,Audi,A8,21.0,Midsize Cars
2012,Audi,A8 L,18.5,Large Cars
2012,Audi,Q5,21.0,Sport Utility Vehicle - 4WD
2012,Audi,Q7,19.0,Sport Utility Vehicle - 4WD
2012,Audi,R8,14.5,Two Seaters
2012,Audi,R8 Spyder,14.5,Two Seaters
2012,Audi,S4,21.0,Compact Cars
2012,Audi,S5,18.0,Subcompact Cars
2012,Audi,S5 Cabriolet,20.0,Subcompact Cars
2012,Audi,TT Coupe quattro,26.0,Subcompact Cars
2012,Audi,TT RS Coupe,20.0,Subcompact Cars
2012,Audi,TT Roadster quattro,26.0,Two Seaters
2012,Azure Dynamics,Transit Connect Electric Van/Wagon,62.0,Special Purpose Vehicle 2WD
2012,BMW,128ci Convertible,21.5,Subcompact Cars
2012,BMW,128i,21.5,Subcompact Cars
2012,BMW,135i,21.5,Subcompact Cars
2012,BMW,135i Convertible,21.0,Subcompact Cars
2012,BMW,328ci Convertible,20.5,Subcompact Cars
2012,BMW,328i,26.5,Compact Cars
2012,BMW,328i Coupe,21.5,Subcompact Cars
2012,BMW,328i Coupe xDrive,20.0,Subcompact Cars
2012,BMW,328i Sport Wagon,20.5,Small Station Wagons
2012,BMW,328i xDrive Sport Wagon,20.0,Small Station Wagons
2012,BMW,335ci Convertible,22.0,Subcompact Cars
2012,BMW,335i,24.5,Compact Cars
2012,BMW,335i Coupe,22.0,Subcompact Cars
2012,BMW,335i Coupe xDrive,21.5,Subcompact Cars
2012,BMW,335is Convertible,20.0,Subcompact Cars
2012,BMW,335is Coupe,20.0,Subcompact Cars
2012,BMW,528i,27.0,Midsize Cars
2012,BMW,528i xDrive,26.0,Midsize Cars
2012,BMW,535i,23.0,Midsize Cars
2012,BMW,535i Gran Turismo,22.0,Large Cars
2012,BMW,535i xDrive,24.0,Midsize Cars
2012,BMW,535i xDrive Gran Turismo,21.0,Large Cars
2012,BMW,550i,17.5,Midsize Cars
2012,BMW,550i Gran Turismo,18.0,Large Cars
2012,BMW,550i xDrive,17.0,Midsize Cars
2012,BMW,550i xDrive Gran Turismo,17.0,Large Cars
2012,BMW,640i Convertible,23.0,Compact Cars
2012,BMW,640i Coupe,26.0,Compact Cars
2012,BMW,650i Convertible,17.5,Compact Cars
2012,BMW,650i Convertible xDrive,17.0,Compact Cars
2012,BMW,650i Coupe,17.5,Compact Cars
2012,BMW,650i Coupe xDrive,17.0,Compact Cars
2012,BMW,740Li,20.0,Large Cars
2012,BMW,740i,20.0,Large Cars
2012,BMW,750Li,17.0,Large Cars
2012,BMW,750Li xDrive,16.0,Large Cars
2012,BMW,750i,17.0,Large Cars
2012,BMW,750i xDrive,16.0,Large Cars
2012,BMW,760Li,15.0,Large Cars
2012,BMW,ActiveHybrid 5,26.0,Midsize Cars
2012,BMW,ActiveHybrid 7,20.0,Midsize Cars
2012,BMW,ActiveHybrid 7L,20.0,Large Cars
2012,BMW,Alpina B7 LWB,17.0,Large Cars
2012,BMW,Alpina B7 LWB xDrive,16.0,Large Cars
2012,BMW,Alpina B7 SWB,17.0,Large Cars
2012,BMW,Alpina B7 SWB xDrive,16.0,Large Cars
2012,BMW,M3 Convertible,16.0,Subcompact Cars
2012,BMW,M3 Coupe,16.0,Subcompact Cars
2012,BMW,M6 Convertible,16.0,Compact Cars
2012,BMW,X3 xDrive28i,21.0,Sport Utility Vehicle - 4WD
2012,BMW,X3 xDrive35i,21.0,Sport Utility Vehicle - 4WD
2012,BMW,X5 xDrive35d,21.0,Sport Utility Vehicle - 4WD
2012,BMW,X5 xDrive35i,19.0,Sport Utility Vehicle - 4WD
2012,BMW,X5 xDrive50i,16.0,Sport Utility Vehicle - 4WD
2012,BMW,X5 xDriveM,14.0,Sport Utility Vehicle - 4WD
2012,BMW,X6 xDrive35i,19.0,Sport Utility Vehicle - 4WD
2012,BMW,X6 xDrive50i,16.0,Sport Utility Vehicle - 4WD
2012,BMW,X6 xDriveM,14.0,Sport Utility Vehicle - 4WD
2012,BMW,Z4 sDrive28i,26.5,Two Seaters
2012,BMW,Z4 sDrive35i,20.0,Two Seaters
2012,BMW,Z4 sDrive35is,19.0,Two Seaters
2012,BYD,e6,62.0,Sport Utility Vehicle - 2WD
2012,Bentley,Continental Flying Spur,14.0,Midsize Cars
2012,Bentley,Continental GT,14.0,Compact Cars
2012,Bentley,Continental GTC,14.0,Subcompact Cars
2012,Bentley,Continental Supersports,14.0,Two Seaters
2012,Bentley,Continental Supersports Convertible,14.0,Subcompact Cars
2012,Bentley,Mulsanne,13.0,Midsize Cars
2012,Bugatti,Veyron,10.0,Two Seaters
2012,Buick,Enclave AWD,18.0,Sport Utility Vehicle - 4WD
2012,Buick,Enclave FWD,19.0,Sport Utility Vehicle - 2WD
2012,Buick,LaCrosse,21.0,Midsize Cars
2012,Buick,LaCrosse AWD,20.0,Midsize Cars
2012,Buick,LaCrosse eAssist,28.0,Midsize Cars
2012,Buick,Regal,22.0,Midsize Cars
2012,Buick,Regal eAssist,28.0,Midsize Cars
2012,Buick,Verano,24.0,Compact Cars
2012,CODA Automotive,CODA,73.0,Subcompact Cars
2012,Cadillac,CTS,19.0,Midsize Cars
2012,Cadillac,CTS AWD,21.0,Midsize Cars
2012,Cadillac,CTS Wagon,18.5,Small Station Wagons
2012,Cadillac,CTS Wagon AWD,21.0,Small Station Wagons
2012,Cadillac,Escalade 2WD,16.0,Sport Utility Vehicle - 2WD
2012,Cadillac,Escalade AWD,15.0,Sport Utility Vehicle - 4WD
2012,Cadillac,Escalade ESV 2WD,16.0,Sport Utility Vehicle - 2WD
2012,Cadillac,Escalade ESV AWD,14.0,Sport Utility Vehicle - 4WD
2012,Cadillac,Escalade Ext AWD,14.0,Sport Utility Vehicle - 4WD
2012,Cadillac,Escalade Hybrid 2WD,21.0,Sport Utility Vehicle - 2WD
2012,Cadillac,Escalade Hybrid 4WD,21.0,Sport Utility Vehicle - 4WD
2012,Cadillac,SRX 2WD,19.0,Sport Utility Vehicle - 2WD
2012,Cadillac,SRX AWD,18.0,Sport Utility Vehicle - 4WD
2012,Chevrolet,Avalanche 1500 2WD,17.0,Sport Utility Vehicle - 2WD
2012,Chevrolet,Avalanche 1500 4WD,17.0,Sport Utility Vehicle - 4WD
2012,Chevrolet,Camaro,19.0,Compact Cars
2012,Chevrolet,Captiva AWD,18.0,Sport Utility Vehicle - 4WD
2012,Chevrolet,Captiva FWD,21.0,Sport Utility Vehicle - 2WD
2012,Chevrolet,Colorado 2WD,20.0,Small Pickup Trucks 2WD
2012,Chevrolet,Colorado 4WD,19.5,Small Pickup Trucks 4WD
2012,Chevrolet,Colorado Cab Chassis inc 2WD,17.0,Small Pickup Trucks 2WD
2012,Chevrolet,Colorado Cab Chassis inc 4WD,18.0,Small Pickup Trucks 4WD
2012,Chevrolet,Colorado Crew Cab 2WD,20.0,Small Pickup Trucks 2WD
2012,Chevrolet,Colorado Crew Cab 4WD,17.0,Small Pickup Trucks 4WD
2012,Chevrolet,Corvette,18.0,Two Seaters
2012,Chevrolet,Cruze,29.5,Midsize Cars
2012,Chevrolet,Cruze Eco,31.0,Midsize Cars
2012,Chevrolet,Equinox AWD,21.0,Sport Utility Vehicle - 4WD
2012,Chevrolet,Equinox FWD,23.0,Sport Utility Vehicle - 2WD
2012,Chevrolet,Express 1500 2WD Cargo,16.0,"Vans, Cargo Type"
2012,Chevrolet,Express 1500 2WD Conversion Cargo,14.0,"Vans, Cargo Type"
2012,Chevrolet,Express 1500 2WD Passenger,14.0,"Vans, Passenger Type"
2012,Chevrolet,Express 1500 AWD Cargo,14.0,"Vans, Cargo Type"
2012,Chevrolet,Express 1500 AWD Conversion Cargo,14.0,"Vans, Cargo Type"
2012,Chevrolet,Express 1500 AWD Passenger,14.0,"Vans, Passenger Type"
2012,Chevrolet,Express 2500 2WD Cargo,12.0,"Vans, Cargo Type"
2012,Chevrolet,Express 2500 2WD Conversion Cargo,12.0,"Vans, Cargo Type"
2012,Chevrolet,Express 2500 2WD Passenger,13.0,"Vans, Passenger Type"
2012,Chevrolet,Express 3500 2WD Cargo,12.0,"Vans, Cargo Type"
2012,Chevrolet,Express 3500 2WD Passenger,12.5,"Vans, Passenger Type"
2012,Chevrolet,Impala,22.0,Large Cars
2012,Chevrolet,Malibu,26.0,Midsize Cars
2012,Chevrolet,Silverado 15 Hybrid 2WD,21.0,Standard Pickup Trucks 2WD
2012,Chevrolet,Silverado 15 Hybrid 4WD,21.0,Standard Pickup Trucks 4WD
2012,Chevrolet,Silverado C15 2WD,16.5,Standard Pickup Trucks 2WD
2012,Chevrolet,Silverado C15 XFE 2WD,18.0,Standard Pickup Trucks 2WD
2012,Chevrolet,Silverado K15 4WD,15.5,Standard Pickup Trucks 4WD
2012,Chevrolet,Sonic,29.5,Compact Cars
2012,Chevrolet,Sonic 5,29.5,Midsize Cars
2012,Chevrolet,Suburban 1500 2WD,17.0,Sport Utility Vehicle - 2WD
2012,Chevrolet,Suburban 1500 4WD,17.0,Sport Utility Vehicle - 4WD
2012,Chevrolet,Suburban 2500 2WD,12.0,Sport Utility Vehicle - 2WD
2012,Chevrolet,Suburban 2500 4WD,12.0,Sport Utility Vehicle - 4WD
2012,Chevrolet,Tahoe 1500 2WD,17.0,Sport Utility Vehicle - 2WD
2012,Chevrolet,Tahoe 1500 4WD,17.0,Sport Utility Vehicle - 4WD
2012,Chevrolet,Tahoe Hybrid 2WD,21.0,Sport Utility Vehicle - 2WD
2012,Chevrolet,Tahoe Hybrid 4WD,21.0,Sport Utility Vehicle - 4WD
2012,Chevrolet,Traverse AWD,19.0,Sport Utility Vehicle - 4WD
2012,Chevrolet,Traverse FWD,19.0,Sport Utility Vehicle - 2WD
2012,Chevrolet,Volt,37.0,Compact Cars
2012,Chrysler,200,23.0,Midsize Cars
2012,Chrysler,200 Convertible,22.0,Compact Cars
2012,Chrysler,300,21.0,Large Cars
2012,Chrysler,300 AWD,19.5,Large Cars
2012,Chrysler,300 SRT8,17.0,Large Cars
2012,Chrysler,Town and Country,20.0,Minivan - 2WD
2012,Dodge,Avenger,23.0,Midsize Cars
2012,Dodge,Caliber,24.0,Small Station Wagons
2012,Dodge,Challenger,19.0,Midsize Cars
2012,Dodge,Challenger SRT8,17.0,Midsize Cars
2012,Dodge,Charger,21.0,Large Cars
2012,Dodge,Charger AWD,19.5,Large Cars
2012,Dodge,Charger SRT8,17.0,Large Cars
2012,Dodge,Durango 2WD,17.5,Sport Utility Vehicle - 2WD
2012,Dodge,Durango 4WD,17.0,Sport Utility Vehicle - 4WD
2012,Dodge,Grand Caravan,20.0,Minivan - 2WD
2012,Dodge,Journey AWD,19.0,Sport Utility Vehicle - 4WD
2012,Dodge,Journey FWD,21.0,Sport Utility Vehicle - 2WD
2012,Dodge,Ram 1500 Pickup 2WD,16.0,Standard Pickup Trucks 2WD
2012,Dodge,Ram 1500 Pickup 4WD,15.5,Standard Pickup Trucks 4WD
2012,Ferrari,458 Italia Coupe,14.0,Two Seaters
2012,Ferrari,458 Italia Spider,14.0,Two Seaters
2012,Ferrari,California,15.0,Two Seaters
2012,Ferrari,FF,13.0,Midsize Cars
2012,Fiat,500,30.5,Minicompact Cars
2012,Fiat,500 Abarth,30.0,Minicompact Cars
2012,Fiat,500 Cabrio,29.0,Minicompact Cars
2012,Fisker,Karma,20.0,Subcompact Cars
2012,Ford,E150 Van FFV,14.5,"Vans, Cargo Type"
2012,Ford,E150 Wagon FFV,13.5,"Vans, Passenger Type"
2012,Ford,E250 Van FFV,14.5,"Vans, Cargo Type"
2012,Ford,E350 Van,12.0,"Vans, Cargo Type"
2012,Ford,E350 Van FFV,13.0,"Vans, Cargo Type"
2012,Ford,E350 Wagon,11.0,"Vans, Passenger Type"
2012,Ford,E350 Wagon FFV,13.0,"Vans, Passenger Type"
2012,Ford,Edge AWD,19.5,Sport Utility Vehicle - 4WD
2012,Ford,Edge FWD,22.0,Sport Utility Vehicle - 2WD
2012,Ford,Escape AWD,23.0,Sport Utility Vehicle - 4WD
2012,Ford,Escape AWD FFV,20.0,Sport Utility Vehicle - 4WD
2012,Ford,Escape FWD,24.0,Sport Utility Vehicle - 2WD
2012,Ford,Escape FWD FFV,21.0,Sport Utility Vehicle - 2WD
2012,Ford,Escape Hybrid AWD,29.0,Sport Utility Vehicle - 4WD
2012,Ford,Escape Hybrid FWD,32.0,Sport Utility Vehicle - 2WD
2012,Ford,Expedition 2WD FFV,16.0,Sport Utility Vehicle - 2WD
2012,Ford,Expedition 4WD FFV,15.0,Sport Utility Vehicle - 4WD
2012,Ford,Explorer AWD,19.0,Sport Utility Vehicle - 4WD
2012,Ford,Explorer FWD,21.5,Sport Utility Vehicle - 2WD
2012,Ford,F150 Pickup 2WD,18.0,Standard Pickup Trucks 2WD
2012,Ford,F150 Pickup 2WD FFV,18.0,Standard Pickup Trucks 2WD
2012,Ford,F150 Pickup 4WD,17.0,Standard Pickup Trucks 4WD
2012,Ford,F150 Pickup 4WD FFV,17.0,Standard Pickup Trucks 4WD
2012,Ford,F150 Raptor Pickup 4WD,13.0,Standard Pickup Trucks 4WD
2012,Ford,Fiesta FWD,32.0,Subcompact Cars
2012,Ford,Fiesta SFE FWD,32.0,Subcompact Cars
2012,Ford,Flex AWD,18.0,Sport Utility Vehicle - 4WD
2012,Ford,Flex FWD,19.0,Sport Utility Vehicle - 2WD
2012,Ford,Focus Electric,105.0,Compact Cars
2012,Ford,Focus FWD,30.0,Compact Cars
2012,Ford,Focus FWD FFV,31.0,Compact Cars
2012,Ford,Focus SFE FWD,32.0,Compact Cars
2012,Ford,Focus SFE FWD FFV,32.0,Compact Cars
2012,Ford,Fusion AWD,19.0,Midsize Cars
2012,Ford,Fusion AWD FFV,20.0,Midsize Cars
2012,Ford,Fusion FWD,24.0,Midsize Cars
2012,Ford,Fusion FWD FFV,23.0,Midsize Cars
2012,Ford,Fusion Hybrid FWD,38.0,Midsize Cars
2012,Ford,Fusion S FWD,25.0,Midsize Cars
2012,Ford,Mustang,20.0,Subcompact Cars
2012,Ford,Mustang Convertible,23.0,Subcompact Cars
2012,Ford,Taurus AWD,20.0,Large Cars
2012,Ford,Taurus FWD,21.5,Large Cars
2012,Ford,Transit Connect Van,23.0,Special Purpose Vehicle 2WD
2012,Ford,Transit Connect Wagon FWD,23.0,Special Purpose Vehicle 2WD
2012,GMC,Acadia AWD,19.0,Sport Utility Vehicle - 4WD
2012,GMC,Acadia FWD,19.0,Sport Utility Vehicle - 2WD
2012,GMC,Canyon 2WD,20.0,Small Pickup Trucks 2WD
2012,GMC,Canyon 4WD,19.5,Small Pickup Trucks 4WD
2012,GMC,Canyon Cab Chassis Inc 2WD,17.0,Small Pickup Trucks 2WD
2012,GMC,Canyon Cab Chassis Inc 4WD,18.0,Small Pickup Trucks 4WD
2012,GMC,Canyon Crew Cab 2WD,20.0,Small Pickup Trucks 2WD
2012,GMC,Canyon Crew Cab 4WD,17.0,Small Pickup Trucks 4WD
2012,GMC,Savana 1500  AWD (cargo),14.0,"Vans, Cargo Type"
2012,GMC,Savana 1500  AWD Conversion (cargo),14.0,"Vans, Cargo Type"
2012,GMC,Savana 1500 2WD (Passenger),14.0,"Vans, Passenger Type"
2012,GMC,Savana 1500 2WD (cargo),16.0,"Vans, Cargo Type"
2012,GMC,Savana 1500 2WD Conversion (cargo),14.0,"Vans, Cargo Type"
2012,GMC,Savana 1500 AWD (Passenger),14.0,"Vans, Passenger Type"
2012,GMC,Savana 2500 2WD (Passenger),13.0,"Vans, Passenger Type"
2012,GMC,Savana 2500 2WD (cargo),12.0,"Vans, Cargo Type"
2012,GMC,Savana 2500 2WD Conversion (cargo),12.0,"Vans, Cargo Type"
2012,GMC,Savana 3500 2WD (Passenger),12.5,"Vans, Passenger Type"
2012,GMC,Savana 3500 2WD (cargo),12.0,"Vans, Cargo Type"
2012,GMC,Sierra 15 Hybrid 2WD,21.0,Standard Pickup Trucks 2WD
2012,GMC,Sierra 15 Hybrid 4WD,21.0,Standard Pickup Trucks 4WD
2012,GMC,Sierra C15 2WD,16.5,Standard Pickup Trucks 2WD
2012,GMC,Sierra C15 XFE 2WD,18.0,Standard Pickup Trucks 2WD
2012,GMC,Sierra K15 4WD,15.5,Standard Pickup Trucks 4WD
2012,GMC,Sierra K15 AWD,14.0,Standard Pickup Trucks 4WD
2012,GMC,Terrain AWD,21.0,Sport Utility Vehicle - 4WD
2012,GMC,Terrain FWD,23.0,Sport Utility Vehicle - 2WD
2012,GMC,Yukon 1500 2WD,16.5,Sport Utility Vehicle - 2WD
2012,GMC,Yukon 1500 4WD,17.0,Sport Utility Vehicle - 4WD
2012,GMC,Yukon 1500 Hybrid 2WD,21.0,Sport Utility Vehicle - 2WD
2012,GMC,Yukon 1500 Hybrid 4WD,21.0,Sport Utility Vehicle - 4WD
2012,GMC,Yukon Denali 1500 AWD,15.0,Sport Utility Vehicle - 4WD
2012,GMC,Yukon Denali 1500 Hybrid 4WD,21.0,Sport Utility Vehicle - 4WD
2012,GMC,Yukon XL 1500 2WD,16.5,Sport Utility Vehicle - 2WD
2012,GMC,Yukon XL 1500 4WD,17.0,Sport Utility Vehicle - 4WD
2012,GMC,Yukon XL 1500 AWD,14.0,Sport Utility Vehicle - 4WD
2012,GMC,Yukon XL 2500 2WD,12.0,Sport Utility Vehicle - 2WD
2012,GMC,Yukon XL 2500 4WD,12.0,Sport Utility Vehicle - 4WD
2012,Honda,Accord,26.0,Large Cars
2012,Honda,Accord Coupe,24.5,Compact Cars
2012,Honda,CR-V 2WD,26.0,Sport Utility Vehicle - 2WD
2012,Honda,CR-V 4WD,25.0,Sport Utility Vehicle - 4WD
2012,Honda,CR-Z,35.0,Two Seaters
2012,Honda,Civic,31.0,Compact Cars
2012,Honda,Civic HF,32.0,Compact Cars
2012,Honda,Civic Hybrid,44.0,Compact Cars
2012,Honda,Civic Natural Gas,31.0,Compact Cars
2012,Honda,Crosstour 2WD,22.5,Sport Utility Vehicle - 2WD
2012,Honda,Crosstour 4WD,21.0,Sport Utility Vehicle - 4WD
2012,Honda,Fit,30.0,Small Station Wagons
2012,Honda,Insight,41.0,Compact Cars
2012,Honda,Odyssey,21.5,Minivan - 2WD
2012,Honda,Pilot 2WD,20.0,Sport Utility Vehicle - 2WD
2012,Honda,Pilot 4WD,20.0,Sport Utility Vehicle - 4WD
2012,Honda,Ridgeline Truck 4WD,17.0,Standard Pickup Trucks 4WD
2012,Hyundai,Accent,31.5,Compact Cars
2012,Hyundai,Azera,23.0,Large Cars
2012,Hyundai,Elantra,32.0,Midsize Cars
2012,Hyundai,Elantra Touring,26.0,Small Station Wagons
2012,Hyundai,Equus,18.0,Large Cars
2012,Hyundai,Genesis,20.0,Large Cars
2012,Hyundai,Genesis Coupe,21.5,Subcompact Cars
2012,Hyundai,Genesis R-Spec,19.0,Large Cars
2012,Hyundai,Santa Fe 2WD,22.0,Sport Utility Vehicle - 2WD
2012,Hyundai,Santa Fe 4WD,22.0,Sport Utility Vehicle - 4WD
2012,Hyundai,Sonata,27.0,Large Cars
2012,Hyundai,Sonata Hybrid,36.0,Midsize Cars
2012,Hyundai,Tucson 2WD,24.0,Sport Utility Vehicle - 2WD
2012,Hyundai,Tucson 4WD,22.0,Sport Utility Vehicle - 4WD
2012,Hyundai,Veloster,30.5,Compact Cars
2012,Hyundai,Veracruz 2WD,19.0,Sport Utility Vehicle - 2WD
2012,Hyundai,Veracruz 4WD,18.0,Sport Utility Vehicle - 4WD
2012,Infiniti,EX35,20.0,Small Station Wagons
2012,Infiniti,EX35 AWD,19.0,Small Station Wagons
2012,Infiniti,FX35 AWD,18.0,Sport Utility Vehicle - 4WD
2012,Infiniti,FX35 RWD,19.0,Sport Utility Vehicle - 2WD
2012,Infiniti,FX50 AWD,16.0,Sport Utility Vehicle - 4WD
2012,Infiniti,G25,23.0,Midsize Cars
2012,Infiniti,G25x,22.0,Midsize Cars
2012,Infiniti,G37,20.5,Midsize Cars
2012,Infiniti,G37 Convertible,19.5,Subcompact Cars
2012,Infiniti,G37 Coupe,20.5,Subcompact Cars
2012,Infiniti,G37x,20.0,Midsize Cars
2012,Infiniti,G37x Coupe,20.0,Subcompact Cars
2012,Infiniti,M35h,29.0,Midsize Cars
2012,Infiniti,M37,21.0,Midsize Cars
2012,Infiniti,M37x,20.0,Midsize Cars
2012,Infiniti,M56,19.0,Midsize Cars
2012,Infiniti,M56x,18.0,Midsize Cars
2012,Infiniti,QX56 2WD,16.0,Sport Utility Vehicle - 2WD
2012,Infiniti,QX56 4WD,16.0,Sport Utility Vehicle - 4WD
2012,Jaguar,XF,18.0,Midsize Cars
2012,Jaguar,XJ,18.0,Large Cars
2012,Jaguar,XJ LWB,17.5,Large Cars
2012,Jaguar,XK,18.0,Minicompact Cars
2012,Jaguar,XK Convertible,17.5,Minicompact Cars
2012,Jeep,Compass 2WD,24.5,Sport Utility Vehicle - 2WD
2012,Jeep,Compass 4WD,23.0,Sport Utility Vehicle - 4WD
2012,Jeep,Grand Cherokee 2WD,17.5,Sport Utility Vehicle - 2WD
2012,Jeep,Grand Cherokee 4WD,17.0,Sport Utility Vehicle - 4WD
2012,Jeep,Grand Cherokee SRT8 4WD,14.0,Sport Utility Vehicle - 4WD
2012,Jeep,Liberty 2WD,18.0,Sport Utility Vehicle - 2WD
2012,Jeep,Liberty 4WD,17.0,Sport Utility Vehicle - 4WD
2012,Jeep,Patriot 2WD,24.5,Sport Utility Vehicle - 2WD
2012,Jeep,Patriot 4WD,23.0,Sport Utility Vehicle - 4WD
2012,Jeep,Wrangler 4WD,18.0,Sport Utility Vehicle - 4WD
2012,Jeep,Wrangler Unlimited 4WD,18.0,Sport Utility Vehicle - 4WD
2012,Kia,Forte,27.0,Midsize Cars
2012,Kia,Forte Eco,30.0,Midsize Cars
2012,Kia,Forte Koup,26.5,Compact Cars
2012,Kia,Optima,27.0,Midsize Cars
2012,Kia,Optima Hybrid,36.0,Midsize Cars
2012,Kia,Rio,31.5,Compact Cars
2012,Kia,Rondo,21.5,Midsize Station Wagons
2012,Kia,Sedona,21.0,Minivan - 2WD
2012,Kia,Sorento 2WD,23.0,Sport Utility Vehicle - 2WD
2012,Kia,Sorento 4WD,22.0,Sport Utility Vehicle - 4WD
2012,Kia,Soul,26.5,Small Station Wagons
2012,Kia,Soul Eco,27.0,Small Station Wagons
2012,Kia,Sportage 2WD,24.0,Sport Utility Vehicle - 2WD
2012,Kia,Sportage 4WD,22.0,Sport Utility Vehicle - 4WD
2012,Lamborghini,Aventador Coupe,13.0,Two Seaters
2012,Lamborghini,Gallardo Coupe,15.5,Two Seaters
2012,Lamborghini,Gallardo Spyder,15.0,Two Seaters
2012,Land Rover,LR2,18.0,Sport Utility Vehicle - 4WD
2012,Land Rover,LR4,14.0,Sport Utility Vehicle - 4WD
2012,Land Rover,Range Rover,14.5,Sport Utility Vehicle - 4WD
2012,Land Rover,Range Rover Evoque,22.0,Sport Utility Vehicle - 4WD
2012,Land Rover,Range Rover Sport,14.5,Sport Utility Vehicle - 4WD
2012,Lexus,CT 200h,42.0,Compact Cars
2012,Lexus,ES 350,22.0,Midsize Cars
2012,Lexus,GX 460,17.0,Sport Utility Vehicle - 4WD
2012,Lexus,HS 250h,34.0,Compact Cars
2012,Lexus,IS 250 AWD,22.0,Subcompact Cars
2012,Lexus,IS 250/IS 250C,23.0,Subcompact Cars
2012,Lexus,IS 350 AWD,21.0,Subcompact Cars
2012,Lexus,IS 350/IS 350C,22.0,Subcompact Cars
2012,Lexus,IS F,18.0,Subcompact Cars
2012,Lexus,LFA,13.0,Two Seaters
2012,Lexus,LS 460,19.0,Midsize Cars
2012,Lexus,LS 460 AWD,18.0,Midsize Cars
2012,Lexus,LS 460 L,19.0,Midsize Cars
2012,Lexus,LS 460 L AWD,18.0,Midsize Cars
2012,Lexus,LS 600h L,20.0,Midsize Cars
2012,Lexus,RX 350,21.0,Sport Utility Vehicle - 2WD
2012,Lexus,RX 350 AWD,20.0,Sport Utility Vehicle - 4WD
2012,Lexus,RX 450h,29.0,Sport Utility Vehicle - 2WD
2012,Lexus,RX 450h AWD,28.0,Sport Utility Vehicle - 4WD
2012,Lincoln,MKS AWD,19.5,Large Cars
2012,Lincoln,MKS FWD,20.0,Large Cars
2012,Lincoln,MKT AWD,18.0,Sport Utility Vehicle - 4WD
2012,Lincoln,MKT FWD,20.0,Sport Utility Vehicle - 2WD
2012,Lincoln,MKX AWD,19.0,Sport Utility Vehicle - 4WD
2012,Lincoln,MKX FWD,21.0,Sport Utility Vehicle - 2WD
2012,Lincoln,MKZ AWD,19.0,Midsize Cars
2012,Lincoln,MKZ FWD,21.0,Midsize Cars
2012,Lincoln,MKZ Hybrid FWD,38.0,Midsize Cars
2012,Lincoln,Navigator 2WD FFV,16.0,Sport Utility Vehicle - 2WD
2012,Lincoln,Navigator 4WD FFV,15.0,Sport Utility Vehicle - 4WD
2012,Lotus,Evora,21.5,Minicompact Cars
2012,MINI,Cooper,31.0,Minicompact Cars
2012,MINI,Cooper Clubman,30.0,Subcompact Cars
2012,MINI,Cooper Convertible,30.0,Minicompact Cars
2012,MINI,Cooper Countryman,28.5,Compact Cars
2012,MINI,Cooper Coupe,31.0,Two Seaters
2012,MINI,Cooper Roadster,30.0,Two Seaters
2012,MINI,Cooper S,29.0,Minicompact Cars
2012,MINI,Cooper S Clubman,29.0,Subcompact Cars
2012,MINI,Cooper S Convertible,29.0,Minicompact Cars
2012,MINI,Cooper S Countryman,28.0,Compact Cars
2012,MINI,Cooper S Countryman All4,26.5,Compact Cars
2012,MINI,Cooper S Coupe,29.0,Two Seaters
2012,MINI,Cooper S Roadster,29.0,Two Seaters
2012,MINI,John Cooper Works,28.0,Minicompact Cars
2012,MINI,John Cooper Works Clubman,28.0,Subcompact Cars
2012,MINI,John Cooper Works Convertible,28.0,Minicompact Cars
2012,MINI,John Cooper Works Coupe,28.0,Two Seaters
2012,MINI,John Cooper Works Roadster,28.0,Two Seaters
2012,Maserati,GranTurismo,16.0,Subcompact Cars
2012,Maserati,GranTurismo Convertible,15.0,Subcompact Cars
2012,Maserati,Quattroporte,15.0,Large Cars
2012,Maybach,57,12.0,Large Cars
2012,Maybach,57S,12.0,Large Cars
2012,Maybach,62,12.0,Large Cars
2012,Maybach,62S,12.0,Large Cars
2012,Maybach,Landaulet,12.0,Large Cars
2012,Mazda,2,30.5,Compact Cars
2012,Mazda,3,26.0,Compact Cars
2012,Mazda,3 DI 4-Door,31.0,Compact Cars
2012,Mazda,3 DI 5-Door,30.5,Midsize Cars
2012,Mazda,5,24.0,Minivan - 2WD
2012,Mazda,6,24.0,Midsize Cars
2012,Mazda,CX-7 2WD,21.0,Sport Utility Vehicle - 2WD
2012,Mazda,CX-7 4WD,19.0,Sport Utility Vehicle - 4WD
2012,Mazda,CX-9 2WD,19.0,Sport Utility Vehicle - 2WD
2012,Mazda,CX-9 4WD,19.0,Sport Utility Vehicle - 4WD
2012,Mazda,MX-5,24.0,Two Seaters
2012,Mazda,Speed 3,21.0,Midsize Cars
2012,McLaren Automotive,MP4-12C Coupe,18.0,Two Seaters
2012,Mercedes-Benz,C250,25.0,Compact Cars
2012,Mercedes-Benz,C250 Coupe,25.0,Subcompact Cars
2012,Mercedes-Benz,C300 4matic,20.0,Compact Cars
2012,Mercedes-Benz,C350,22.5,Compact Cars
2012,Mercedes-Benz,C350 4matic Coupe,22.0,Subcompact Cars
2012,Mercedes-Benz,C350 Coupe,22.0,Subcompact Cars
2012,Mercedes-Benz,C63 AMG,15.0,Compact Cars
2012,Mercedes-Benz,C63 AMG Black Series Coupe,16.0,Subcompact Cars
2012,Mercedes-Benz,C63 AMG Coupe,15.0,Subcompact Cars
2012,Mercedes-Benz,CL550 4matic,18.0,Compact Cars
2012,Mercedes-Benz,CL600,14.0,Compact Cars
2012,Mercedes-Benz,CL63 AMG,18.0,Compact Cars
2012,Mercedes-Benz,CL65 AMG,14.0,Compact Cars
2012,Mercedes-Benz,CLS550,20.0,Compact Cars
2012,Mercedes-Benz,CLS550 4matic,19.0,Compact Cars
2012,Mercedes-Benz,CLS63 AMG,19.0,Compact Cars
2012,Mercedes-Benz,E350,23.0,Midsize Cars
2012,Mercedes-Benz,E350 4matic,22.0,Midsize Cars
2012,Mercedes-Benz,E350 4matic (wagon),22.0,Midsize Station Wagons
2012,Mercedes-Benz,E350 4matic Coupe,22.0,Subcompact Cars
2012,Mercedes-Benz,E350 Convertible,22.0,Subcompact Cars
2012,Mercedes-Benz,E350 Coupe,22.5,Subcompact Cars
2012,Mercedes-Benz,E550 4matic,20.0,Midsize Cars
2012,Mercedes-Benz,E550 Convertible,19.0,Subcompact Cars
2012,Mercedes-Benz,E550 Coupe,21.0,Subcompact Cars
2012,Mercedes-Benz,E63 AMG,19.0,Midsize Cars
2012,Mercedes-Benz,E63 AMG (wagon),18.0,Midsize Station Wagons
2012,Mercedes-Benz,G550,13.0,Sport Utility Vehicle - 4WD
2012,Mercedes-Benz,GL450 4matic,15.0,Sport Utility Vehicle - 4WD
2012,Mercedes-Benz,GL550 4matic,14.0,Sport Utility Vehicle - 4WD
2012,Mercedes-Benz,GLK350,18.0,Sport Utility Vehicle - 2WD
2012,Mercedes-Benz,GLK350 4matic,18.0,Sport Utility Vehicle - 4WD
2012,Mercedes-Benz,ML350 4matic,19.5,Sport Utility Vehicle - 4WD
2012,Mercedes-Benz,ML550 4matic,17.0,Sport Utility Vehicle - 4WD
2012,Mercedes-Benz,ML63 AMG,15.0,Sport Utility Vehicle - 4WD
2012,Mercedes-Benz,R350 4matic,18.0,Sport Utility Vehicle - 4WD
2012,Mercedes-Benz,S400 Hybrid,21.0,Large Cars
2012,Mercedes-Benz,S550,19.0,Large Cars
2012,Mercedes-Benz,S550 4matic,18.0,Large Cars
2012,Mercedes-Benz,S600,14.0,Large Cars
2012,Mercedes-Benz,S63 AMG,18.0,Large Cars
2012,Mercedes-Benz,S65 AMG,15.0,Large Cars
2012,Mercedes-Benz,SL550,17.0,Two Seaters
2012,Mercedes-Benz,SL63 AMG,14.0,Two Seaters
2012,Mercedes-Benz,SLK250,26.0,Two Seaters
2012,Mercedes-Benz,SLK350,23.0,Two Seaters
2012,Mercedes-Benz,SLK55 AMG,22.0,Two Seaters
2012,Mercedes-Benz,SLS AMG,16.0,Two Seaters
2012,Mercedes-Benz,SLS AMG Roadster,16.0,Two Seaters
2012,Mitsubishi,Eclipse,23.0,Subcompact Cars
2012,Mitsubishi,Eclipse Spyder,21.0,Minicompact Cars
2012,Mitsubishi,Galant,24.0,Midsize Cars
2012,Mitsubishi,Lancer,26.0,Compact Cars
2012,Mitsubishi,Lancer AWD,25.0,Compact Cars
2012,Mitsubishi,Lancer Evolution,19.0,Compact Cars
2012,Mitsubishi,Lancer Sportback,26.0,Small Station Wagons
2012,Mitsubishi,Outlander 2WD,23.5,Sport Utility Vehicle - 2WD
2012,Mitsubishi,Outlander 4WD,22.5,Sport Utility Vehicle - 4WD
2012,Mitsubishi,Outlander Sport 2WD,26.5,Sport Utility Vehicle - 2WD
2012,Mitsubishi,Outlander Sport 4WD,25.0,Sport Utility Vehicle - 4WD
2012,Mitsubishi,i-MiEV,112.0,Subcompact Cars
2012,Nissan,370Z,21.5,Two Seaters
2012,Nissan,370Z Roadster,20.0,Two Seaters
2012,Nissan,Altima,24.0,Midsize Cars
2012,Nissan,Altima Coupe,24.5,Subcompact Cars
2012,Nissan,Armada 2WD,15.0,Sport Utility Vehicle - 2WD
2012,Nissan,Armada 4WD,14.0,Sport Utility Vehicle - 4WD
2012,Nissan,Cube,27.5,Small Station Wagons
2012,Nissan,Frontier 2WD,18.0,Small Pickup Trucks 2WD
2012,Nissan,Frontier 4WD,16.5,Small Pickup Trucks 4WD
2012,Nissan,GT-R,19.0,Subcompact Cars
2012,Nissan,Juke,28.0,Small Station Wagons
2012,Nissan,Juke AWD,27.0,Small Station Wagons
2012,Nissan,Leaf,99.0,Midsize Cars
2012,Nissan,Maxima,22.0,Midsize Cars
2012,Nissan,Murano AWD,20.0,Sport Utility Vehicle - 4WD
2012,Nissan,Murano CrossCabriolet,19.0,Sport Utility Vehicle - 4WD
2012,Nissan,Murano FWD,20.0,Sport Utility Vehicle - 2WD
2012,Nissan,Pathfinder 2WD,17.0,Sport Utility Vehicle - 2WD
2012,Nissan,Pathfinder 4WD,15.5,Sport Utility Vehicle - 4WD
2012,Nissan,Quest,21.0,Minivan - 2WD
2012,Nissan,Rogue AWD,23.0,Sport Utility Vehicle - 4WD
2012,Nissan,Rogue FWD,25.0,Sport Utility Vehicle - 2WD
2012,Nissan,Sentra,26.0,Midsize Cars
2012,Nissan,Titan 2WD,15.0,Standard Pickup Trucks 2WD
2012,Nissan,Titan 4WD,14.0,Standard Pickup Trucks 4WD
2012,Nissan,Versa,30.0,Compact Cars
2012,Nissan,Xterra 2WD,18.0,Sport Utility Vehicle - 2WD
2012,Nissan,Xterra 4WD,17.0,Sport Utility Vehicle - 4WD
2012,Porsche,911 C4 GTS,21.0,Minicompact Cars
2012,Porsche,911 C4 GTS Cabriolet,20.5,Minicompact Cars
2012,Porsche,911 Carrera,21.5,Minicompact Cars
2012,Porsche,911 Carrera 4,21.0,Minicompact Cars
2012,Porsche,911 Carrera 4 Cabriolet,21.0,Minicompact Cars
2012,Porsche,911 Carrera 4 Targa,21.0,Minicompact Cars
2012,Porsche,911 Carrera 4S,21.0,Minicompact Cars
2012,Porsche,911 Carrera 4S Cabriolet,20.5,Minicompact Cars
2012,Porsche,911 Carrera 4S Targa,20.5,Minicompact Cars
2012,Porsche,911 Carrera Cabriolet,21.0,Minicompact Cars
2012,Porsche,911 Carrera S,20.5,Minicompact Cars
2012,Porsche,911 Carrera S Cabriolet,21.0,Minicompact Cars
2012,Porsche,911 GTS,20.5,Minicompact Cars
2012,Porsche,911 GTS Cabriolet,21.0,Minicompact Cars
2012,Porsche,911 Speedster,21.0,Two Seaters
2012,Porsche,911 Turbo Cabriolet,19.0,Minicompact Cars
2012,Porsche,911 Turbo Coupe,19.0,Minicompact Cars
2012,Porsche,911 Turbo S Cabriolet,19.0,Minicompact Cars
2012,Porsche,911 Turbo S Coupe,19.0,Minicompact Cars
2012,Porsche,Boxster,22.5,Two Seaters
2012,Porsche,Boxster S,22.0,Two Seaters
2012,Porsche,Boxster Spyder,22.5,Two Seaters
2012,Porsche,Cayenne,18.0,Sport Utility Vehicle - 4WD
2012,Porsche,Cayenne S,18.0,Sport Utility Vehicle - 4WD
2012,Porsche,Cayenne S Hybrid,21.0,Sport Utility Vehicle - 4WD
2012,Porsche,Cayenne Turbo,17.0,Sport Utility Vehicle - 4WD
2012,Porsche,Cayman,22.5,Two Seaters
2012,Porsche,Cayman R,22.5,Two Seaters
2012,Porsche,Cayman S,22.0,Two Seaters
2012,Porsche,New 911 Carrera,22.5,Minicompact Cars
2012,Porsche,New 911 Carrera Cabriolet,22.5,Minicompact Cars
2012,Porsche,New 911 Carrera S,22.0,Minicompact Cars
2012,Porsche,New 911 Carrera S Cabriolet,21.5,Minicompact Cars
2012,Porsche,Panamera,21.0,Large Cars
2012,Porsche,Panamera 4,21.0,Large Cars
2012,Porsche,Panamera 4S,19.0,Large Cars
2012,Porsche,Panamera S,19.0,Large Cars
2012,Porsche,Panamera S Hybrid,25.0,Large Cars
2012,Porsche,Panamera Turbo,18.0,Large Cars
2012,Porsche,Panamera Turbo S,18.0,Large Cars
2012,Ram,C/V Cargo Van,20.0,Minivan - 2WD
2012,Rolls-Royce,Ghost,15.0,Large Cars
2012,Rolls-Royce,Ghost EWB,15.0,Large Cars
2012,Rolls-Royce,Phantom,14.0,Large Cars
2012,Rolls-Royce,Phantom Coupe,14.0,Compact Cars
2012,Rolls-Royce,Phantom Drophead Coupe,14.0,Compact Cars
2012,Rolls-Royce,Phantom EWB,14.0,Large Cars
2012,Roush Performance,Stage 3 Mustang,17.0,Subcompact Cars
2012,Saab,9-3 Convertible,22.5,Compact Cars
2012,Saab,9-3 Sedan AWD,22.5,Compact Cars
2012,Saab,9-3 Sport Sedan,23.0,Compact Cars
2012,Saab,9-3 SportCombi,22.5,Small Station Wagons
2012,Saab,9-3X SportCombi AWD,22.5,Small Station Wagons
2012,Saab,9-4X AWD,18.5,Sport Utility Vehicle - 4WD
2012,Saab,9-4X FWD,20.0,Sport Utility Vehicle - 2WD
2012,Saab,9-5 Sedan,22.5,Midsize Cars
2012,Saab,9-5 Sedan AWD,20.0,Midsize Cars
2012,Scion,iQ,37.0,Minicompact Cars
2012,Scion,tC,25.0,Compact Cars
2012,Scion,xB,24.0,Small Station Wagons
2012,Scion,xD,29.0,Subcompact Cars
2012,Subaru,Forester AWD,23.0,Sport Utility Vehicle - 4WD
2012,Subaru,Impreza AWD,24.5,Compact Cars
2012,Subaru,Impreza Wagon/Outback Sport AWD,24.0,Small Station Wagons
2012,Subaru,Legacy AWD,21.5,Midsize Cars
2012,Subaru,Outback Wagon AWD,22.0,Sport Utility Vehicle - 4WD
2012,Subaru,Tribeca AWD,18.0,Sport Utility Vehicle - 4WD
2012,Suzuki,Equator 2WD,19.0,Small Pickup Trucks 2WD
2012,Suzuki,Equator 4WD,16.0,Small Pickup Trucks 4WD
2012,Suzuki,Grand Vitara,21.5,Sport Utility Vehicle - 2WD
2012,Suzuki,Grand Vitara 4WD,20.0,Sport Utility Vehicle - 4WD
2012,Suzuki,Kizashi,24.5,Compact Cars
2012,Suzuki,Kizashi AWD,25.0,Compact Cars
2012,Suzuki,Kizashi S,25.0,Compact Cars
2012,Suzuki,Kizashi S AWD,25.0,Compact Cars
2012,Suzuki,SX4,25.0,Small Station Wagons
2012,Suzuki,SX4 AWD,25.0,Small Station Wagons
2012,Suzuki,SX4 Sedan,27.0,Compact Cars
2012,Suzuki,SX4 Sport,25.5,Compact Cars
2012,Tesla,Model S,89.0,Large Cars
2012,Toyota,4Runner 2WD,19.0,Sport Utility Vehicle - 2WD
2012,Toyota,4Runner 4WD,19.0,Sport Utility Vehicle - 4WD
2012,Toyota,Avalon,22.0,Large Cars
2012,Toyota,Camry,26.0,Midsize Cars
2012,Toyota,Camry Hybrid LE,40.0,Midsize Cars
2012,Toyota,Camry Hybrid XLE,39.0,Midsize Cars
2012,Toyota,Corolla,29.0,Compact Cars
2012,Toyota,FJ Cruiser 2WD,19.0,Sport Utility Vehicle - 2WD
2012,Toyota,FJ Cruiser 4WD,17.0,Sport Utility Vehicle - 4WD
2012,Toyota,Highlander 2WD,21.0,Sport Utility Vehicle - 2WD
2012,Toyota,Highlander 4WD,19.0,Sport Utility Vehicle - 4WD
2012,Toyota,Highlander Hybrid 4WD,28.0,Sport Utility Vehicle - 4WD
2012,Toyota,Matrix,24.0,Small Station Wagons
2012,Toyota,Prius,48.0,Midsize Cars
2012,Toyota,Prius Plug-in Hybrid,50.0,Midsize Cars
2012,Toyota,Prius c,50.0,Compact Cars
2012,Toyota,Prius v,41.0,Midsize Station Wagons
2012,Toyota,RAV4 2WD,23.0,Sport Utility Vehicle - 2WD
2012,Toyota,RAV4 4WD,22.5,Sport Utility Vehicle - 4WD
2012,Toyota,RAV4 EV,76.0,Sport Utility Vehicle - 2WD
2012,Toyota,Sequoia 2WD,15.5,Sport Utility Vehicle - 2WD
2012,Toyota,Sequoia 4WD,14.5,Sport Utility Vehicle - 4WD
2012,Toyota,Sequoia 4WD FFV,15.0,Sport Utility Vehicle - 4WD
2012,Toyota,Sienna 2WD,21.0,Minivan - 2WD
2012,Toyota,Sienna AWD,19.0,Minivan - 4WD
2012,Toyota,Tacoma 2WD,20.0,Small Pickup Trucks 2WD
2012,Toyota,Tacoma 4WD,18.5,Small Pickup Trucks 4WD
2012,Toyota,Tundra 2WD,17.0,Standard Pickup Trucks 2WD
2012,Toyota,Tundra 4WD,15.5,Standard Pickup Trucks 4WD
2012,Toyota,Tundra 4WD FFV,15.0,Standard Pickup Trucks 4WD
2012,Toyota,Venza,22.0,Sport Utility Vehicle - 2WD
2012,Toyota,Venza AWD,21.5,Sport Utility Vehicle - 4WD
2012,Toyota,Yaris,32.0,Compact Cars
2012,VPG,MV-1,15.0,Special Purpose Vehicle 2WD
2012,VPG,MV-1 CNG,13.0,Special Purpose Vehicle 2WD
2012,Volkswagen,Beetle,25.0,Subcompact Cars
2012,Volkswagen,CC,24.5,Compact Cars
2012,Volkswagen,CC 4motion,20.0,Compact Cars
2012,Volkswagen,Eos,25.0,Subcompact Cars
2012,Volkswagen,GTI,26.0,Compact Cars
2012,Volkswagen,Golf,29.0,Compact Cars
2012,Volkswagen,Golf R,22.0,Compact Cars
2012,Volkswagen,Jetta,26.5,Compact Cars
2012,Volkswagen,Jetta SportWagen,29.0,Small Station Wagons
2012,Volkswagen,Passat,25.5,Midsize Cars
2012,Volkswagen,Routan,20.0,Minivan - 2WD
2012,Volkswagen,Tiguan,22.5,Sport Utility Vehicle - 2WD
2012,Volkswagen,Tiguan 4motion,23.0,Sport Utility Vehicle - 4WD
2012,Volkswagen,Touareg,20.5,Sport Utility Vehicle - 4WD
2012,Volkswagen,Touareg Hybrid,21.0,Sport Utility Vehicle - 4WD
2012,Volvo,C30 FWD,24.0,Compact Cars
2012,Volvo,C70 FWD,21.0,Subcompact Cars
2012,Volvo,S60 AWD,21.0,Compact Cars
2012,Volvo,S60 FWD,23.0,Compact Cars
2012,Volvo,S80 AWD,21.0,Midsize Cars
2012,Volvo,S80 FWD,23.0,Midsize Cars
2012,Volvo,XC60 AWD,20.0,Sport Utility Vehicle - 4WD
2012,Volvo,XC60 FWD,21.0,Sport Utility Vehicle - 2WD
2012,Volvo,XC70 AWD,20.0,Sport Utility Vehicle - 4WD
2012,Volvo,XC70 FWD,21.0,Sport Utility Vehicle - 2WD
2012,Volvo,XC90 AWD,18.0,Sport Utility Vehicle - 4WD
2012,Volvo,XC90 FWD,19.0,Sport Utility Vehicle - 2WD
2012,smart,fortwo cabriolet,36.0,Two Seaters
2012,smart,fortwo coupe,36.0,Two Seaters
2013,Acura,ILX,26.0,Compact Cars
2013,Acura,ILX Hybrid,38.0,Compact Cars
2013,Acura,MDX 4WD,18.0,Small Sport Utility Vehicle 4WD
2013,Acura,RDX 2WD,23.0,Small Sport Utility Vehicle 2WD
2013,Acura,RDX 4WD,22.0,Small Sport Utility Vehicle 4WD
2013,Acura,TL 2WD,23.0,Midsize Cars
2013,Acura,TL 4WD,20.5,Midsize Cars
2013,Acura,TSX,24.0,Compact Cars
2013,Acura,TSX Wagon,24.0,Small Station Wagons
2013,Acura,ZDX 4WD,19.0,Small Sport Utility Vehicle 4WD
2013,Aston Martin,DB9,15.0,Minicompact Cars
2013,Aston Martin,V8 Vantage,15.5,Two Seaters
2013,Aston Martin,V8 Vantage S,15.5,Two Seaters
2013,Audi,A3,24.0,Small Station Wagons
2013,Audi,A3 quattro,24.0,Small Station Wagons
2013,Audi,A4,26.0,Compact Cars
2013,Audi,A4 quattro,24.0,Compact Cars
2013,Audi,A5 Cabriolet,26.0,Subcompact Cars
2013,Audi,A5 Cabriolet quattro,23.5,Subcompact Cars
2013,Audi,A5 quattro,24.0,Subcompact Cars
2013,Audi,A6,28.0,Midsize Cars
2013,Audi,A6 quattro,22.5,Midsize Cars
2013,Audi,A7 quattro,21.0,Midsize Cars
2013,Audi,A8,21.0,Midsize Cars
2013,Audi,A8 L,19.0,Large Cars
2013,Audi,Q5,22.0,Small Sport Utility Vehicle 4WD
2013,Audi,Q5 Hybrid,26.0,Small Sport Utility Vehicle 4WD
2013,Audi,Q7,20.0,Standard Sport Utility Vehicle 4WD
2013,Audi,RS 5,18.0,Subcompact Cars
2013,Audi,RS 5 Cabriolet,18.0,Subcompact Cars
2013,Audi,S4,20.5,Compact Cars
2013,Audi,S5,20.5,Subcompact Cars
2013,Audi,S5 Cabriolet,21.0,Subcompact Cars
2013,Audi,S6,20.0,Midsize Cars
2013,Audi,S7,20.0,Midsize Cars
2013,Audi,S8,18.0,Midsize Cars
2013,Audi,TT Coupe quattro,26.0,Subcompact Cars
2013,Audi,TT RS Coupe,20.0,Subcompact Cars
2013,Audi,TT Roadster quattro,26.0,Two Seaters
2013,Audi,allroad quattro,22.0,Small Station Wagons
2013,BMW,128ci Convertible,21.5,Subcompact Cars
2013,BMW,128i,21.5,Subcompact Cars
2013,BMW,135i,21.5,Subcompact Cars
2013,BMW,135i Convertible,21.0,Subcompact Cars
2013,BMW,320i,27.5,Compact Cars
2013,BMW,320i xDrive,26.5,Compact Cars
2013,BMW,328i,26.0,Compact Cars
2013,BMW,328i Convertible,20.5,Subcompact Cars
2013,BMW,328i Coupe,21.5,Subcompact Cars
2013,BMW,328i Coupe xDrive,19.5,Subcompact Cars
2013,BMW,328i xDrive,26.0,Compact Cars
2013,BMW,335i,24.5,Compact Cars
2013,BMW,335i Convertible,21.5,Subcompact Cars
2013,BMW,335i Coupe,21.5,Subcompact Cars
2013,BMW,335i Coupe xDrive,22.0,Subcompact Cars
2013,BMW,335i xDrive,23.5,Compact Cars
2013,BMW,335is Convertible,20.0,Subcompact Cars
2013,BMW,335is Coupe,20.0,Subcompact Cars
2013,BMW,528i,27.0,Midsize Cars
2013,BMW,528i xDrive,26.0,Midsize Cars
2013,BMW,535i,23.5,Midsize Cars
2013,BMW,535i Gran Turismo,24.0,Large Cars
2013,BMW,535i xDrive,24.0,Midsize Cars
2013,BMW,535i xDrive Gran Turismo,21.0,Large Cars
2013,BMW,550i,18.5,Midsize Cars
2013,BMW,550i Gran Turismo,19.0,Large Cars
2013,BMW,550i xDrive,19.0,Midsize Cars
2013,BMW,550i xDrive Gran Turismo,19.0,Large Cars
2013,BMW,640i Convertible,24.0,Subcompact Cars
2013,BMW,640i Coupe,26.0,Subcompact Cars
2013,BMW,640i Gran Coupe,24.0,Compact Cars
2013,BMW,650i Convertible,19.0,Subcompact Cars
2013,BMW,650i Convertible xDrive,19.0,Subcompact Cars
2013,BMW,650i Coupe,19.0,Subcompact Cars
2013,BMW,650i Coupe xDrive,19.0,Subcompact Cars
2013,BMW,650i Gran Coupe,19.0,Compact Cars
2013,BMW,650i xDrive Gran Coupe,19.0,Compact Cars
2013,BMW,740Li,22.0,Large Cars
2013,BMW,740Li xDrive,22.0,Large Cars
2013,BMW,740i,22.0,Large Cars
2013,BMW,750Li,19.0,Large Cars
2013,BMW,750Li xDrive,19.0,Large Cars
2013,BMW,750i,19.0,Large Cars
2013,BMW,750i xDrive,19.0,Large Cars
2013,BMW,760Li,15.0,Large Cars
2013,BMW,ActiveHybrid 3,28.0,Compact Cars
2013,BMW,ActiveHybrid 5,26.0,Midsize Cars
2013,BMW,ActiveHybrid 7L,25.0,Large Cars
2013,BMW,Alpina B7 LWB,19.0,Large Cars
2013,BMW,Alpina B7 LWB xDrive,19.0,Large Cars
2013,BMW,Alpina B7 SWB,19.0,Large Cars
2013,BMW,Alpina B7 SWB xDrive,19.0,Large Cars
2013,BMW,M3 Convertible,16.0,Subcompact Cars
2013,BMW,M3 Coupe,16.0,Subcompact Cars
2013,BMW,M5,16.5,Midsize Cars
2013,BMW,M6 Convertible,16.5,Subcompact Cars
2013,BMW,M6 Coupe,16.5,Subcompact Cars
2013,BMW,M6 Gran Coupe,16.5,Compact Cars
2013,BMW,X1 sDrive28i,27.0,Large Cars
2013,BMW,X1 xDrive28i,26.0,Large Cars
2013,BMW,X1 xDrive35i,21.0,Large Cars
2013,BMW,X3 xDrive28i,24.0,Small Sport Utility Vehicle 4WD
2013,BMW,X3 xDrive35i,21.0,Small Sport Utility Vehicle 4WD
2013,BMW,X5 M,14.0,Standard Sport Utility Vehicle 4WD
2013,BMW,X5 xDrive35d,22.0,Standard Sport Utility Vehicle 4WD
2013,BMW,X5 xDrive35i,19.0,Standard Sport Utility Vehicle 4WD
2013,BMW,X5 xDrive50i,16.0,Standard Sport Utility Vehicle 4WD
2013,BMW,X6 M,14.0,Standard Sport Utility Vehicle 4WD
2013,BMW,X6 xDrive35i,19.0,Standard Sport Utility Vehicle 4WD
2013,BMW,X6 xDrive50i,16.0,Standard Sport Utility Vehicle 4WD
2013,BMW,Z4 sDrive28i,26.0,Two Seaters
2013,BMW,Z4 sDrive35i,20.0,Two Seaters
2013,BMW,Z4 sDrive35is,19.0,Two Seaters
2013,BYD,e6,63.0,Small Sport Utility Vehicle 2WD
2013,Bentley,Continental Flying Spur,14.0,Midsize Cars
2013,Bentley,Continental GT,15.0,Compact Cars
2013,Bentley,Continental GTC,15.0,Subcompact Cars
2013,Bentley,Continental Supersports Convertible,14.0,Subcompact Cars
2013,Bentley,Mulsanne,13.0,Midsize Cars
2013,Bugatti,Veyron,10.0,Two Seaters
2013,Buick,Enclave AWD,18.0,Standard Sport Utility Vehicle 4WD
2013,Buick,Enclave FWD,19.0,Standard Sport Utility Vehicle 2WD
2013,Buick,Encore,28.0,Small Sport Utility Vehicle 2WD
2013,Buick,Encore AWD,25.0,Small Sport Utility Vehicle 4WD
2013,Buick,LaCrosse,21.0,Midsize Cars
2013,Buick,LaCrosse AWD,20.0,Midsize Cars
2013,Buick,LaCrosse eAssist,29.0,Midsize Cars
2013,Buick,Regal,22.0,Midsize Cars
2013,Buick,Regal eAssist,29.0,Midsize Cars
2013,Buick,Verano,24.0,Compact Cars
2013,CODA Automotive,CODA,73.0,Subcompact Cars
2013,Cadillac,ATS,23.0,Compact Cars
2013,Cadillac,ATS AWD,21.0,Compact Cars
2013,Cadillac,CTS,19.0,Midsize Cars
2013,Cadillac,CTS AWD,21.0,Midsize Cars
2013,Cadillac,CTS Wagon,18.5,Small Station Wagons
2013,Cadillac,CTS Wagon AWD,21.0,Small Station Wagons
2013,Cadillac,Escalade 2WD,16.0,Standard Sport Utility Vehicle 2WD
2013,Cadillac,Escalade AWD,15.0,Standard Sport Utility Vehicle 4WD
2013,Cadillac,Escalade ESV 2WD,16.0,Standard Sport Utility Vehicle 2WD
2013,Cadillac,Escalade ESV AWD,14.0,Standard Sport Utility Vehicle 4WD
2013,Cadillac,Escalade Ext AWD,14.0,Standard Sport Utility Vehicle 4WD
2013,Cadillac,Escalade Hybrid 2WD,21.0,Standard Sport Utility Vehicle 2WD
2013,Cadillac,Escalade Hybrid 4WD,21.0,Standard Sport Utility Vehicle 4WD
2013,Cadillac,SRX 2WD,19.0,Standard Sport Utility Vehicle 2WD
2013,Cadillac,SRX AWD,18.0,Standard Sport Utility Vehicle 4WD
2013,Cadillac,XTS,21.0,Large Cars
2013,Cadillac,XTS AWD,20.0,Large Cars
2013,Cadillac,XTS Hearse,17.0,Special Purpose Vehicle 2WD
2013,Cadillac,XTS Limo,17.0,Special Purpose Vehicle 2WD
2013,Chevrolet,Avalanche 1500 2WD,17.0,Standard Sport Utility Vehicle 2WD
2013,Chevrolet,Avalanche 1500 4WD,17.0,Standard Sport Utility Vehicle 4WD
2013,Chevrolet,Camaro,19.0,Compact Cars
2013,Chevrolet,Captiva AWD,18.0,Small Sport Utility Vehicle 4WD
2013,Chevrolet,Captiva FWD,21.0,Small Sport Utility Vehicle 2WD
2013,Chevrolet,Corvette,18.0,Two Seaters
2013,Chevrolet,Cruze,29.5,Midsize Cars
2013,Chevrolet,Cruze Eco,31.0,Midsize Cars
2013,Chevrolet,Equinox AWD,21.0,Small Sport Utility Vehicle 4WD
2013,Chevrolet,Equinox FWD,23.0,Small Sport Utility Vehicle 2WD
2013,Chevrolet,Express 1500 2WD Cargo,16.0,"Vans, Cargo Type"
2013,Chevrolet,Express 1500 2WD Conversion Cargo,14.0,"Vans, Cargo Type"
2013,Chevrolet,Express 1500 2WD Passenger,14.0,"Vans, Passenger Type"
2013,Chevrolet,Express 1500 AWD Cargo,14.0,"Vans, Cargo Type"
2013,Chevrolet,Express 1500 AWD Conversion Cargo,14.0,"Vans, Cargo Type"
2013,Chevrolet,Express 1500 AWD Passenger,14.0,"Vans, Passenger Type"
2013,Chevrolet,Express 2500 2WD Conversion Cargo,12.0,"Vans, Cargo Type"
2013,Chevrolet,Express 2500 2WD Passenger,13.0,"Vans, Passenger Type"
2013,Chevrolet,Express 3500 2WD Passenger,12.5,"Vans, Passenger Type"
2013,Chevrolet,Impala,22.0,Large Cars
2013,Chevrolet,Malibu,25.0,Midsize Cars
2013,Chevrolet,Malibu eAssist,29.0,Midsize Cars
2013,Chevrolet,Silverado 15 Hybrid 2WD,21.0,Standard Pickup Trucks 2WD
2013,Chevrolet,Silverado 15 Hybrid 4WD,21.0,Standard Pickup Trucks 4WD
2013,Chevrolet,Silverado C15 2WD,16.5,Standard Pickup Trucks 2WD
2013,Chevrolet,Silverado C15 XFE 2WD,18.0,Standard Pickup Trucks 2WD
2013,Chevrolet,Silverado K15 4WD,15.5,Standard Pickup Trucks 4WD
2013,Chevrolet,Sonic,29.5,Compact Cars
2013,Chevrolet,Sonic 5,29.5,Midsize Cars
2013,Chevrolet,Sonic RS,28.5,Midsize Cars
2013,Chevrolet,Spark,32.5,Subcompact Cars
2013,Chevrolet,Suburban 1500 2WD,17.0,Standard Sport Utility Vehicle 2WD
2013,Chevrolet,Suburban 1500 4WD,17.0,Standard Sport Utility Vehicle 4WD
2013,Chevrolet,Suburban 2500 2WD,12.0,Standard Sport Utility Vehicle 2WD
2013,Chevrolet,Suburban 2500 4WD,12.0,Standard Sport Utility Vehicle 4WD
2013,Chevrolet,Tahoe 1500 2WD,17.0,Standard Sport Utility Vehicle 2WD
2013,Chevrolet,Tahoe 1500 4WD,17.0,Standard Sport Utility Vehicle 4WD
2013,Chevrolet,Tahoe Hybrid 2WD,21.0,Standard Sport Utility Vehicle 2WD
2013,Chevrolet,Tahoe Hybrid 4WD,21.0,Standard Sport Utility Vehicle 4WD
2013,Chevrolet,Traverse AWD,19.0,Standard Sport Utility Vehicle 4WD
2013,Chevrolet,Traverse FWD,19.0,Standard Sport Utility Vehicle 2WD
2013,Chevrolet,Volt,37.0,Compact Cars
2013,Chrysler,200,23.0,Midsize Cars
2013,Chrysler,200 Convertible,21.5,Compact Cars
2013,Chrysler,300,23.0,Large Cars
2013,Chrysler,300 AWD,21.0,Large Cars
2013,Chrysler,300 SRT8,17.0,Large Cars
2013,Chrysler,Town and Country,20.0,Minivan - 2WD
2013,Dodge,Avenger,23.0,Midsize Cars
2013,Dodge,Challenger,19.0,Midsize Cars
2013,Dodge,Challenger SRT8,17.0,Midsize Cars
2013,Dodge,Charger,21.0,Large Cars
2013,Dodge,Charger AWD,21.0,Large Cars
2013,Dodge,Charger SRT8,17.0,Large Cars
2013,Dodge,Dart,27.0,Midsize Cars
2013,Dodge,Dart Aero,32.0,Midsize Cars
2013,Dodge,Durango 2WD,17.5,Standard Sport Utility Vehicle 2WD
2013,Dodge,Durango 4WD,17.0,Standard Sport Utility Vehicle 4WD
2013,Dodge,Grand Caravan,20.0,Minivan - 2WD
2013,Dodge,Journey AWD,19.0,Small Sport Utility Vehicle 4WD
2013,Dodge,Journey FWD,20.5,Small Sport Utility Vehicle 2WD
2013,Ferrari,458 Italia,14.5,Two Seaters
2013,Ferrari,458 Spider,14.5,Two Seaters
2013,Ferrari,California,16.0,Minicompact Cars
2013,Ferrari,F12,13.0,Two Seaters
2013,Ferrari,FF,13.0,Midsize Cars
2013,Fiat,500,30.0,Minicompact Cars
2013,Fiat,500 Abarth,30.0,Minicompact Cars
2013,Fiat,500e,116.0,Minicompact Cars
2013,Ford,C-MAX Energi Plug-in Hybrid,38.0,Midsize Cars
2013,Ford,C-MAX Hybrid FWD,40.0,Large Cars
2013,Ford,E150 Van FFV,14.5,"Vans, Cargo Type"
2013,Ford,E150 Wagon FFV,13.5,"Vans, Passenger Type"
2013,Ford,E250 Van FFV,14.5,"Vans, Cargo Type"
2013,Ford,E350 Van,12.0,"Vans, Cargo Type"
2013,Ford,E350 Van FFV,13.0,"Vans, Cargo Type"
2013,Ford,E350 Wagon,11.0,"Vans, Passenger Type"
2013,Ford,E350 Wagon FFV,13.0,"Vans, Passenger Type"
2013,Ford,Edge AWD,20.0,Small Sport Utility Vehicle 4WD
2013,Ford,Edge FWD,22.0,Small Sport Utility Vehicle 2WD
2013,Ford,Escape AWD,24.5,Small Sport Utility Vehicle 4WD
2013,Ford,Escape FWD,25.0,Small Sport Utility Vehicle 2WD
2013,Ford,Expedition 2WD FFV,16.0,Standard Sport Utility Vehicle 2WD
2013,Ford,Expedition 4WD FFV,15.0,Standard Sport Utility Vehicle 4WD
2013,Ford,Explorer 2WD FFV,20.0,Standard Sport Utility Vehicle 2WD
2013,Ford,Explorer AWD,18.5,Standard Sport Utility Vehicle 4WD
2013,Ford,Explorer AWD FFV,19.0,Standard Sport Utility Vehicle 4WD
2013,Ford,Explorer FWD,21.5,Standard Sport Utility Vehicle 2WD
2013,Ford,F150 Pickup 2WD,18.0,Standard Pickup Trucks 2WD
2013,Ford,F150 Pickup 2WD FFV,18.0,Standard Pickup Trucks 2WD
2013,Ford,F150 Pickup 4WD,17.0,Standard Pickup Trucks 4WD
2013,Ford,F150 Pickup 4WD FFV,17.0,Standard Pickup Trucks 4WD
2013,Ford,F150 Raptor Pickup 4WD,13.0,Standard Pickup Trucks 4WD
2013,Ford,Fiesta FWD,32.0,Subcompact Cars
2013,Ford,Fiesta SFE FWD,32.0,Subcompact Cars
2013,Ford,Flex AWD,18.5,Standard Sport Utility Vehicle 4WD
2013,Ford,Flex FWD,20.0,Standard Sport Utility Vehicle 2WD
2013,Ford,Focus Electric,105.0,Compact Cars
2013,Ford,Focus FWD,29.5,Compact Cars
2013,Ford,Focus FWD FFV,30.0,Compact Cars
2013,Ford,Focus SFE FWD FFV,32.0,Compact Cars
2013,Ford,Fusion AWD,25.0,Midsize Cars
2013,Ford,Fusion Energi Plug-in Hybrid,38.0,Midsize Cars
2013,Ford,Fusion FWD,27.0,Midsize Cars
2013,Ford,Fusion Hybrid FWD,41.0,Midsize Cars
2013,Ford,Mustang,20.0,Subcompact Cars
2013,Ford,Mustang Convertible,23.0,Subcompact Cars
2013,Ford,Taurus AWD,20.5,Large Cars
2013,Ford,Taurus AWD FFV,21.0,Large Cars
2013,Ford,Taurus FWD,23.5,Large Cars
2013,Ford,Taurus FWD FFV,22.0,Large Cars
2013,Ford,Transit Connect Van,23.0,Special Purpose Vehicle 2WD
2013,Ford,Transit Connect Wagon FWD,23.0,Special Purpose Vehicle 2WD
2013,GMC,Acadia AWD,18.0,Standard Sport Utility Vehicle 4WD
2013,GMC,Acadia FWD,19.0,Standard Sport Utility Vehicle 2WD
2013,GMC,Savana 1500  2WD Conversion (cargo),14.0,"Vans, Cargo Type"
2013,GMC,Savana 1500  AWD (cargo),14.0,"Vans, Cargo Type"
2013,GMC,Savana 1500  AWD Conversion (cargo),14.0,"Vans, Cargo Type"
2013,GMC,Savana 1500 2WD (Passenger),14.0,"Vans, Passenger Type"
2013,GMC,Savana 1500 2WD (cargo),16.0,"Vans, Cargo Type"
2013,GMC,Savana 1500 AWD (Passenger),14.0,"Vans, Passenger Type"
2013,GMC,Savana 2500 2WD (Passenger),13.0,"Vans, Passenger Type"
2013,GMC,Savana 2500 2WD Conversion (cargo),12.0,"Vans, Cargo Type"
2013,GMC,Savana 3500 2WD (Passenger),12.5,"Vans, Passenger Type"
2013,GMC,Sierra 15 Hybrid 2WD,21.0,Standard Pickup Trucks 2WD
2013,GMC,Sierra 15 Hybrid 4WD,21.0,Standard Pickup Trucks 4WD
2013,GMC,Sierra C15 2WD,16.5,Standard Pickup Trucks 2WD
2013,GMC,Sierra C15 XFE 2WD,18.0,Standard Pickup Trucks 2WD
2013,GMC,Sierra K15 4WD,15.5,Standard Pickup Trucks 4WD
2013,GMC,Sierra K15 AWD,14.0,Standard Pickup Trucks 4WD
2013,GMC,Terrain AWD,21.0,Small Sport Utility Vehicle 4WD
2013,GMC,Terrain FWD,23.0,Small Sport Utility Vehicle 2WD
2013,GMC,Yukon 1500 2WD,16.5,Standard Sport Utility Vehicle 2WD
2013,GMC,Yukon 1500 4WD,17.0,Standard Sport Utility Vehicle 4WD
2013,GMC,Yukon 1500 Hybrid 2WD,21.0,Standard Sport Utility Vehicle 2WD
2013,GMC,Yukon 1500 Hybrid 4WD,21.0,Standard Sport Utility Vehicle 4WD
2013,GMC,Yukon Denali 1500 AWD,15.0,Standard Sport Utility Vehicle 4WD
2013,GMC,Yukon Denali 1500 Hybrid 4WD,21.0,Standard Sport Utility Vehicle 4WD
2013,GMC,Yukon XL 1500 2WD,16.5,Standard Sport Utility Vehicle 2WD
2013,GMC,Yukon XL 1500 4WD,17.0,Standard Sport Utility Vehicle 4WD
2013,GMC,Yukon XL 1500 AWD,14.0,Standard Sport Utility Vehicle 4WD
2013,GMC,Yukon XL 2500 2WD,12.0,Standard Sport Utility Vehicle 2WD
2013,GMC,Yukon XL 2500 4WD,12.0,Standard Sport Utility Vehicle 4WD
2013,Honda,Accord,26.0,Midsize Cars
2013,Honda,CR-V 2WD,26.0,Small Sport Utility Vehicle 2WD
2013,Honda,CR-V 4WD,25.0,Small Sport Utility Vehicle 4WD
2013,Honda,CR-Z,34.5,Two Seaters
2013,Honda,Civic,31.0,Compact Cars
2013,Honda,Civic HF,33.0,Compact Cars
2013,Honda,Civic Hybrid,44.0,Compact Cars
2013,Honda,Civic Natural Gas,31.0,Compact Cars
2013,Honda,Crosstour 2WD,24.0,Small Sport Utility Vehicle 2WD
2013,Honda,Crosstour 4WD,22.0,Small Sport Utility Vehicle 4WD
2013,Honda,Fit,30.0,Small Station Wagons
2013,Honda,Fit EV,118.0,Small Station Wagons
2013,Honda,Insight,41.0,Compact Cars
2013,Honda,Odyssey,21.5,Minivan - 2WD
2013,Honda,Pilot 2WD,20.0,Small Sport Utility Vehicle 2WD
2013,Honda,Pilot 4WD,20.0,Standard Sport Utility Vehicle 4WD
2013,Honda,Ridgeline Truck 4WD,17.0,Standard Pickup Trucks 4WD
2013,Hyundai,Accent,31.5,Compact Cars
2013,Hyundai,Azera,23.0,Large Cars
2013,Hyundai,Elantra,32.0,Midsize Cars
2013,Hyundai,Elantra Blue,32.0,Midsize Cars
2013,Hyundai,Elantra Coupe,31.5,Midsize Cars
2013,Hyundai,Elantra GT,30.0,Midsize Cars
2013,Hyundai,Equus,18.0,Large Cars
2013,Hyundai,Genesis,22.0,Large Cars
2013,Hyundai,Genesis Coupe,21.0,Subcompact Cars
2013,Hyundai,Genesis R-Spec,19.0,Large Cars
2013,Hyundai,Santa Fe 2WD,21.0,Small Sport Utility Vehicle 2WD
2013,Hyundai,Santa Fe 4WD,20.0,Small Sport Utility Vehicle 4WD
2013,Hyundai,Santa Fe Sport 2WD,23.5,Small Sport Utility Vehicle 2WD
2013,Hyundai,Santa Fe Sport 4WD,21.5,Small Sport Utility Vehicle 4WD
2013,Hyundai,Sonata,27.0,Large Cars
2013,Hyundai,Sonata Hybrid,37.0,Midsize Cars
2013,Hyundai,Sonata Hybrid Limited,37.0,Midsize Cars
2013,Hyundai,Tucson 2WD,24.0,Small Sport Utility Vehicle 2WD
2013,Hyundai,Tucson 4WD,22.0,Small Sport Utility Vehicle 4WD
2013,Hyundai,Veloster,29.5,Compact Cars
2013,Infiniti,EX37,20.0,Small Station Wagons
2013,Infiniti,EX37 AWD,20.0,Small Station Wagons
2013,Infiniti,FX37 AWD,18.0,Small Sport Utility Vehicle 4WD
2013,Infiniti,FX37 RWD,19.0,Small Sport Utility Vehicle 2WD
2013,Infiniti,FX50 AWD,16.0,Small Sport Utility Vehicle 4WD
2013,Infiniti,G37,21.0,Midsize Cars
2013,Infiniti,G37 Convertible,19.5,Subcompact Cars
2013,Infiniti,G37 Coupe,21.0,Subcompact Cars
2013,Infiniti,G37x,20.0,Midsize Cars
2013,Infiniti,G37x Coupe,20.0,Subcompact Cars
2013,Infiniti,JX35 AWD,20.0,Small Sport Utility Vehicle 4WD
2013,Infiniti,JX35 FWD,21.0,Small Sport Utility Vehicle 2WD
2013,Infiniti,M35h,29.0,Midsize Cars
2013,Infiniti,M37,21.0,Midsize Cars
2013,Infiniti,M37x,20.0,Midsize Cars
2013,Infiniti,M56,19.0,Midsize Cars
2013,Infiniti,M56x,18.0,Midsize Cars
2013,Infiniti,QX56 2WD,16.0,Standard Sport Utility Vehicle 2WD
2013,Infiniti,QX56 4WD,16.0,Standard Sport Utility Vehicle 4WD
2013,Jaguar,XF,21.0,Midsize Cars
2013,Jaguar,XF AWD,19.0,Midsize Cars
2013,Jaguar,XF FFV,18.0,Midsize Cars
2013,Jaguar,XJ,19.5,Large Cars
2013,Jaguar,XJ AWD,19.0,Large Cars
2013,Jaguar,XJ FFV,18.0,Large Cars
2013,Jaguar,XJ LWB,19.0,Large Cars
2013,Jaguar,XJ LWB AWD,19.0,Large Cars
2013,Jaguar,XJL FFV,18.5,Large Cars
2013,Jaguar,XK,18.5,Minicompact Cars
2013,Jaguar,XK Convertible,17.5,Minicompact Cars
2013,Jeep,Compass 2WD,24.5,Small Sport Utility Vehicle 2WD
2013,Jeep,Compass 4WD,23.0,Small Sport Utility Vehicle 4WD
2013,Jeep,Grand Cherokee 2WD,17.5,Standard Sport Utility Vehicle 2WD
2013,Jeep,Grand Cherokee 4WD,17.0,Standard Sport Utility Vehicle 4WD
2013,Jeep,Grand Cherokee SRT8,14.0,Standard Sport Utility Vehicle 4WD
2013,Jeep,Patriot 2WD,24.5,Small Sport Utility Vehicle 2WD
2013,Jeep,Patriot 4WD,23.0,Small Sport Utility Vehicle 4WD
2013,Jeep,Wrangler 4WD,18.0,Small Sport Utility Vehicle 4WD
2013,Jeep,Wrangler Unlimited 4WD,18.0,Small Sport Utility Vehicle 4WD
2013,Kia,Forte,27.0,Midsize Cars
2013,Kia,Forte Eco,30.0,Midsize Cars
2013,Kia,Forte Koup,26.5,Compact Cars
2013,Kia,Optima,27.0,Midsize Cars
2013,Kia,Optima Hybrid,37.0,Midsize Cars
2013,Kia,Optima Hybrid EX,36.0,Midsize Cars
2013,Kia,Rio,31.5,Compact Cars
2013,Kia,Rio Eco,32.0,Compact Cars
2013,Kia,Sorento 2WD,23.0,Small Sport Utility Vehicle 2WD
2013,Kia,Sorento 4WD,22.0,Small Sport Utility Vehicle 4WD
2013,Kia,Soul,26.5,Small Station Wagons
2013,Kia,Soul Eco,27.0,Small Station Wagons
2013,Kia,Sportage 2WD,24.0,Small Sport Utility Vehicle 2WD
2013,Kia,Sportage 4WD,22.0,Small Sport Utility Vehicle 4WD
2013,Lamborghini,Aventador Coupe,13.0,Two Seaters
2013,Lamborghini,Aventador Roadster,12.0,Two Seaters
2013,Lamborghini,Gallardo Coupe,15.5,Two Seaters
2013,Lamborghini,Gallardo Spyder,15.0,Two Seaters
2013,Land Rover,LR2,20.0,Small Sport Utility Vehicle 4WD
2013,Land Rover,LR4,14.0,Standard Sport Utility Vehicle 4WD
2013,Land Rover,Range Rover,15.5,Standard Sport Utility Vehicle 4WD
2013,Land Rover,Range Rover Evoque,22.0,Small Sport Utility Vehicle 4WD
2013,Land Rover,Range Rover Sport,14.5,Standard Sport Utility Vehicle 4WD
2013,Lexus,CT 200h,42.0,Compact Cars
2013,Lexus,ES 300h,40.0,Midsize Cars
2013,Lexus,ES 350,24.0,Midsize Cars
2013,Lexus,GS 350,23.0,Midsize Cars
2013,Lexus,GS 350 AWD,21.0,Midsize Cars
2013,Lexus,GS 450h,31.0,Midsize Cars
2013,Lexus,GX 460,17.0,Standard Sport Utility Vehicle 4WD
2013,Lexus,IS 250 AWD,23.0,Subcompact Cars
2013,Lexus,IS 250/IS 250C,24.0,Subcompact Cars
2013,Lexus,IS 350 AWD,22.0,Subcompact Cars
2013,Lexus,IS 350/IS 350C,22.0,Subcompact Cars
2013,Lexus,IS F,18.0,Subcompact Cars
2013,Lexus,LS 460,19.0,Midsize Cars
2013,Lexus,LS 460 AWD,18.0,Midsize Cars
2013,Lexus,LS 460 L,19.0,Midsize Cars
2013,Lexus,LS 460 L AWD,18.0,Midsize Cars
2013,Lexus,LS 600h L,20.0,Midsize Cars
2013,Lexus,LX 570,14.0,Standard Sport Utility Vehicle 4WD
2013,Lexus,RX 350,21.0,Small Sport Utility Vehicle 2WD
2013,Lexus,RX 350 AWD,20.5,Small Sport Utility Vehicle 4WD
2013,Lexus,RX 450h,29.0,Small Sport Utility Vehicle 2WD
2013,Lexus,RX 450h AWD,28.0,Small Sport Utility Vehicle 4WD
2013,Lincoln,MKS AWD,20.5,Large Cars
2013,Lincoln,MKS FWD,21.0,Large Cars
2013,Lincoln,MKT AWD,18.0,Small Sport Utility Vehicle 4WD
2013,Lincoln,MKT FWD,20.0,Small Sport Utility Vehicle 2WD
2013,Lincoln,MKT Livery AWD,19.0,Special Purpose Vehicle 4WD
2013,Lincoln,MKT Livery FWD,23.0,Special Purpose Vehicle 2WD
2013,Lincoln,MKX AWD,19.0,Small Sport Utility Vehicle 4WD
2013,Lincoln,MKX FWD,21.0,Small Sport Utility Vehicle 2WD
2013,Lincoln,MKZ AWD,23.0,Midsize Cars
2013,Lincoln,MKZ FWD,24.0,Midsize Cars
2013,Lincoln,MKZ Hybrid FWD,38.0,Midsize Cars
2013,Lincoln,Navigator 2WD FFV,16.0,Standard Sport Utility Vehicle 2WD
2013,Lincoln,Navigator 4WD FFV,15.0,Standard Sport Utility Vehicle 4WD
2013,Lotus,Evora,21.5,Minicompact Cars
2013,MINI,Cooper,31.0,Minicompact Cars
2013,MINI,Cooper Clubman,30.0,Subcompact Cars
2013,MINI,Cooper Clubvan,30.0,Two Seaters
2013,MINI,Cooper Convertible,30.0,Minicompact Cars
2013,MINI,Cooper Countryman,28.5,Compact Cars
2013,MINI,Cooper Countryman Coupe,28.5,Compact Cars
2013,MINI,Cooper Coupe,31.0,Two Seaters
2013,MINI,Cooper Roadster,30.0,Two Seaters
2013,MINI,Cooper S,29.0,Minicompact Cars
2013,MINI,Cooper S Clubman,29.0,Subcompact Cars
2013,MINI,Cooper S Convertible,29.0,Minicompact Cars
2013,MINI,Cooper S Countryman,28.0,Compact Cars
2013,MINI,Cooper S Countryman All4,26.5,Compact Cars
2013,MINI,Cooper S Countryman Coupe,28.0,Compact Cars
2013,MINI,Cooper S Countryman Coupe All4,26.5,Compact Cars
2013,MINI,Cooper S Coupe,29.0,Two Seaters
2013,MINI,Cooper S Roadster,29.0,Two Seaters
2013,MINI,JCW Countryman All4,26.5,Compact Cars
2013,MINI,JCW Countryman Coupe All4,26.5,Compact Cars
2013,MINI,John Cooper Works,29.0,Minicompact Cars
2013,MINI,John Cooper Works Clubman,29.0,Subcompact Cars
2013,MINI,John Cooper Works Convertible,29.0,Minicompact Cars
2013,MINI,John Cooper Works Coupe,28.5,Two Seaters
2013,MINI,John Cooper Works GP-2,29.0,Two Seaters
2013,MINI,John Cooper Works Roadster,29.0,Two Seaters
2013,Maserati,GranTurismo,16.0,Subcompact Cars
2013,Maserati,GranTurismo Convertible,15.0,Subcompact Cars
2013,Maserati,Quattroporte,14.0,Large Cars
2013,Mazda,2,30.5,Compact Cars
2013,Mazda,3,26.0,Compact Cars
2013,Mazda,3 DI 4-Door,31.0,Compact Cars
2013,Mazda,3 DI 5-Door,30.5,Midsize Cars
2013,Mazda,5,24.0,Minivan - 2WD
2013,Mazda,6,24.0,Midsize Cars
2013,Mazda,CX-5 2WD,28.5,Small Sport Utility Vehicle 2WD
2013,Mazda,CX-5 4WD,27.0,Small Sport Utility Vehicle 4WD
2013,Mazda,CX-9 2WD,19.0,Small Sport Utility Vehicle 2WD
2013,Mazda,CX-9 4WD,19.0,Small Sport Utility Vehicle 4WD
2013,Mazda,MX-5,24.0,Two Seaters
2013,Mazda,Speed 3,21.0,Midsize Cars
2013,Mercedes-Benz,C250,25.0,Compact Cars
2013,Mercedes-Benz,C250 Coupe,25.0,Subcompact Cars
2013,Mercedes-Benz,C300 4matic,22.0,Compact Cars
2013,Mercedes-Benz,C350,23.0,Compact Cars
2013,Mercedes-Benz,C350 4matic Coupe,22.0,Subcompact Cars
2013,Mercedes-Benz,C350 Coupe,23.0,Subcompact Cars
2013,Mercedes-Benz,C63 AMG,15.0,Compact Cars
2013,Mercedes-Benz,C63 AMG Black Series Coupe,16.0,Subcompact Cars
2013,Mercedes-Benz,C63 AMG Coupe,15.0,Subcompact Cars
2013,Mercedes-Benz,CL550 4matic,18.0,Compact Cars
2013,Mercedes-Benz,CL600,14.0,Compact Cars
2013,Mercedes-Benz,CL63 AMG,18.0,Compact Cars
2013,Mercedes-Benz,CL65 AMG,14.0,Compact Cars
2013,Mercedes-Benz,CLS550,20.0,Compact Cars
2013,Mercedes-Benz,CLS550 4matic,19.0,Compact Cars
2013,Mercedes-Benz,CLS63 AMG,19.0,Compact Cars
2013,Mercedes-Benz,E350,23.0,Midsize Cars
2013,Mercedes-Benz,E350 4Matic,22.0,Midsize Cars
2013,Mercedes-Benz,E350 4matic,22.0,Midsize Cars
2013,Mercedes-Benz,E350 4matic (wagon),22.0,Midsize Station Wagons
2013,Mercedes-Benz,E350 4matic Coupe,22.0,Subcompact Cars
2013,Mercedes-Benz,E350 Convertible,22.0,Subcompact Cars
2013,Mercedes-Benz,E350 Coupe,23.0,Subcompact Cars
2013,Mercedes-Benz,E400 Hybrid,26.0,Midsize Cars
2013,Mercedes-Benz,E550 4matic,20.0,Midsize Cars
2013,Mercedes-Benz,E550 Convertible,19.0,Subcompact Cars
2013,Mercedes-Benz,E550 Coupe,21.0,Subcompact Cars
2013,Mercedes-Benz,E63 AMG,19.0,Midsize Cars
2013,Mercedes-Benz,E63 AMG (wagon),18.0,Midsize Station Wagons
2013,Mercedes-Benz,G550,13.0,Standard Sport Utility Vehicle 4WD
2013,Mercedes-Benz,G63 AMG,13.0,Standard Sport Utility Vehicle 4WD
2013,Mercedes-Benz,GL450 4matic,16.0,Standard Sport Utility Vehicle 4WD
2013,Mercedes-Benz,GL550 4matic,15.0,Standard Sport Utility Vehicle 4WD
2013,Mercedes-Benz,GL63 AMG,14.0,Standard Sport Utility Vehicle 4WD
2013,Mercedes-Benz,GLK250 Bluetec 4matic,27.0,Small Sport Utility Vehicle 4WD
2013,Mercedes-Benz,GLK350,21.0,Small Sport Utility Vehicle 2WD
2013,Mercedes-Benz,GLK350 4matic,21.0,Small Sport Utility Vehicle 4WD
2013,Mercedes-Benz,ML350,20.0,Standard Sport Utility Vehicle 2WD
2013,Mercedes-Benz,ML350 4matic,20.0,Standard Sport Utility Vehicle 4WD
2013,Mercedes-Benz,ML550 4matic,16.0,Standard Sport Utility Vehicle 4WD
2013,Mercedes-Benz,ML63 AMG,15.0,Standard Sport Utility Vehicle 4WD
2013,Mercedes-Benz,R350 4matic,18.0,Standard Sport Utility Vehicle 4WD
2013,Mercedes-Benz,S400 Hybrid,21.0,Large Cars
2013,Mercedes-Benz,S550,19.0,Large Cars
2013,Mercedes-Benz,S550 4matic,18.0,Large Cars
2013,Mercedes-Benz,S600,14.0,Large Cars
2013,Mercedes-Benz,S63 AMG,18.0,Large Cars
2013,Mercedes-Benz,S65 AMG,15.0,Large Cars
2013,Mercedes-Benz,SL550,20.0,Two Seaters
2013,Mercedes-Benz,SL63 AMG,19.0,Two Seaters
2013,Mercedes-Benz,SL65 AMG,17.0,Two Seaters
2013,Mercedes-Benz,SLK250,26.0,Two Seaters
2013,Mercedes-Benz,SLK350,24.0,Two Seaters
2013,Mercedes-Benz,SLK55 AMG,22.0,Two Seaters
2013,Mercedes-Benz,SLS AMG Coupe,15.0,Two Seaters
2013,Mercedes-Benz,SLS AMG GT Coupe,15.0,Two Seaters
2013,Mercedes-Benz,SLS AMG GT Roadster,15.0,Two Seaters
2013,Mercedes-Benz,SLS AMG Roadster,15.0,Two Seaters
2013,Mitsubishi,Lancer,26.0,Compact Cars
2013,Mitsubishi,Lancer AWD,25.0,Compact Cars
2013,Mitsubishi,Lancer Evolution,19.0,Compact Cars
2013,Mitsubishi,Lancer Sportback,26.0,Small Station Wagons
2013,Mitsubishi,Outlander 2WD,23.5,Small Sport Utility Vehicle 2WD
2013,Mitsubishi,Outlander 4WD,22.5,Small Sport Utility Vehicle 4WD
2013,Mitsubishi,Outlander Sport 2WD,26.5,Small Sport Utility Vehicle 2WD
2013,Mitsubishi,Outlander Sport 4WD,26.0,Small Sport Utility Vehicle 4WD
2013,Mitsubishi,i-MiEV,112.0,Subcompact Cars
2013,Nissan,370Z,21.5,Two Seaters
2013,Nissan,370Z Roadster,20.0,Two Seaters
2013,Nissan,Altima,28.0,Midsize Cars
2013,Nissan,Altima Coupe,26.0,Subcompact Cars
2013,Nissan,Armada 2WD,15.0,Standard Sport Utility Vehicle 2WD
2013,Nissan,Armada 4WD,14.0,Standard Sport Utility Vehicle 4WD
2013,Nissan,Cube,27.5,Small Station Wagons
2013,Nissan,Frontier 2WD,19.0,Small Pickup Trucks 2WD
2013,Nissan,Frontier 4WD,17.5,Small Pickup Trucks 4WD
2013,Nissan,GT-R,19.0,Subcompact Cars
2013,Nissan,Juke,28.0,Small Station Wagons
2013,Nissan,Juke AWD,27.0,Small Station Wagons
2013,Nissan,Leaf,115.0,Midsize Cars
2013,Nissan,Maxima,22.0,Midsize Cars
2013,Nissan,Murano AWD,20.0,Small Sport Utility Vehicle 4WD
2013,Nissan,Murano CrossCabriolet,19.0,Small Sport Utility Vehicle 4WD
2013,Nissan,Murano FWD,20.0,Small Sport Utility Vehicle 2WD
2013,Nissan,NV200 Cargo Van,24.0,"Vans, Cargo Type"
2013,Nissan,Pathfinder 2WD,22.0,Small Sport Utility Vehicle 2WD
2013,Nissan,Pathfinder 4WD,21.0,Small Sport Utility Vehicle 4WD
2013,Nissan,Quest,21.0,Minivan - 2WD
2013,Nissan,Rogue AWD,24.0,Small Sport Utility Vehicle 4WD
2013,Nissan,Rogue FWD,25.0,Small Sport Utility Vehicle 2WD
2013,Nissan,Sentra,33.0,Midsize Cars
2013,Nissan,Sentra FE,33.0,Midsize Cars
2013,Nissan,Titan 2WD,15.0,Standard Pickup Trucks 2WD
2013,Nissan,Titan 4WD,14.0,Standard Pickup Trucks 4WD
2013,Nissan,Versa,30.0,Compact Cars
2013,Nissan,Xterra 2WD,18.0,Small Sport Utility Vehicle 2WD
2013,Nissan,Xterra 4WD,17.0,Small Sport Utility Vehicle 4WD
2013,Porsche,911 Carrera,22.5,Minicompact Cars
2013,Porsche,911 Carrera 4,22.5,Minicompact Cars
2013,Porsche,911 Carrera 4 Cabriolet,21.5,Minicompact Cars
2013,Porsche,911 Carrera 4S,21.5,Minicompact Cars
2013,Porsche,911 Carrera 4S Cabriolet,21.0,Minicompact Cars
2013,Porsche,911 Carrera Cabriolet,22.5,Minicompact Cars
2013,Porsche,911 Carrera S,22.0,Minicompact Cars
2013,Porsche,911 Carrera S Cabriolet,21.5,Minicompact Cars
2013,Porsche,911 Turbo,19.0,Minicompact Cars
2013,Porsche,911 Turbo Cabriolet,19.0,Minicompact Cars
2013,Porsche,911 Turbo S,19.0,Minicompact Cars
2013,Porsche,911 Turbo S Cabriolet,19.0,Minicompact Cars
2013,Porsche,Boxster,24.5,Two Seaters
2013,Porsche,Boxster S,23.0,Two Seaters
2013,Porsche,Cayenne,18.0,Standard Sport Utility Vehicle 4WD
2013,Porsche,Cayenne Diesel,23.0,Standard Sport Utility Vehicle 4WD
2013,Porsche,Cayenne GTS,16.0,Standard Sport Utility Vehicle 4WD
2013,Porsche,Cayenne S,18.0,Standard Sport Utility Vehicle 4WD
2013,Porsche,Cayenne S Hybrid,21.0,Standard Sport Utility Vehicle 4WD
2013,Porsche,Cayenne Turbo,17.0,Standard Sport Utility Vehicle 4WD
2013,Porsche,Panamera,21.0,Large Cars
2013,Porsche,Panamera 4,21.0,Large Cars
2013,Porsche,Panamera 4S,19.0,Large Cars
2013,Porsche,Panamera GTS,19.0,Large Cars
2013,Porsche,Panamera S,19.0,Large Cars
2013,Porsche,Panamera S Hybrid,25.0,Large Cars
2013,Porsche,Panamera Turbo,18.0,Large Cars
2013,Porsche,Panamera Turbo S,18.0,Large Cars
2013,Ram,1500 2WD,17.0,Standard Pickup Trucks 2WD
2013,Ram,1500 4WD,16.5,Standard Pickup Trucks 4WD
2013,Ram,1500 HFE 2WD,21.0,Standard Pickup Trucks 2WD
2013,Ram,C/V,20.0,Minivan - 2WD
2013,Rolls-Royce,Ghost,15.0,Large Cars
2013,Rolls-Royce,Ghost EWB,15.0,Large Cars
2013,Rolls-Royce,Phantom,14.0,Large Cars
2013,Rolls-Royce,Phantom Coupe,14.0,Compact Cars
2013,Rolls-Royce,Phantom Drophead Coupe,14.0,Compact Cars
2013,Rolls-Royce,Phantom EWB,14.0,Large Cars
2013,Roush Performance,Stage 3 Mustang,17.5,Subcompact Cars
2013,SRT,Viper,15.0,Two Seaters
2013,Scion,FR-S,26.5,Minicompact Cars
2013,Scion,iQ,37.0,Minicompact Cars
2013,Scion,iQ EV,121.0,Minicompact Cars
2013,Scion,tC,25.0,Compact Cars
2013,Scion,xB,24.0,Small Station Wagons
2013,Scion,xD,29.0,Subcompact Cars
2013,Subaru,BRZ,26.0,Minicompact Cars
2013,Subaru,Forester AWD,23.0,Small Sport Utility Vehicle 4WD
2013,Subaru,Impreza AWD,24.5,Compact Cars
2013,Subaru,Impreza Wagon AWD,24.0,Small Station Wagons
2013,Subaru,Legacy AWD,24.0,Midsize Cars
2013,Subaru,Outback AWD,24.0,Small Sport Utility Vehicle 4WD
2013,Subaru,Tribeca AWD,18.0,Small Sport Utility Vehicle 4WD
2013,Subaru,XV Crosstrek AWD,26.5,Small Sport Utility Vehicle 4WD
2013,Suzuki,Grand Vitara,21.5,Small Sport Utility Vehicle 2WD
2013,Suzuki,Grand Vitara 4WD,20.0,Small Sport Utility Vehicle 4WD
2013,Suzuki,Kizashi,24.5,Compact Cars
2013,Suzuki,Kizashi AWD,25.0,Compact Cars
2013,Suzuki,Kizashi S,24.0,Compact Cars
2013,Suzuki,Kizashi S AWD,25.0,Compact Cars
2013,Suzuki,SX4,25.0,Subcompact Cars
2013,Suzuki,SX4 AWD,25.0,Subcompact Cars
2013,Suzuki,SX4 Sedan,27.0,Compact Cars
2013,Suzuki,SX4 Sport,25.5,Compact Cars
2013,Tesla,Model S (40 kW-hr battery pack),94.0,Large Cars
2013,Tesla,Model S (60 kW-hr battery pack),95.0,Large Cars
2013,Tesla,Model S (85 kW-hr battery pack),89.0,Large Cars
2013,Toyota,4Runner 2WD,19.0,Standard Sport Utility Vehicle 2WD
2013,Toyota,4Runner 4WD,18.0,Standard Sport Utility Vehicle 4WD
2013,Toyota,Avalon,24.5,Midsize Cars
2013,Toyota,Avalon Hybrid,40.0,Midsize Cars
2013,Toyota,Camry,26.5,Midsize Cars
2013,Toyota,Camry Hybrid LE,40.0,Midsize Cars
2013,Toyota,Camry Hybrid XLE,39.0,Midsize Cars
2013,Toyota,Corolla,29.0,Compact Cars
2013,Toyota,FJ Cruiser 2WD,18.0,Small Sport Utility Vehicle 2WD
2013,Toyota,FJ Cruiser 4WD,17.0,Small Sport Utility Vehicle 4WD
2013,Toyota,Highlander 2WD,21.0,Small Sport Utility Vehicle 2WD
2013,Toyota,Highlander 4WD,19.0,Small Sport Utility Vehicle 4WD
2013,Toyota,Highlander Hybrid 4WD,28.0,Standard Sport Utility Vehicle 4WD
2013,Toyota,Land Cruiser Wagon 4WD,15.0,Standard Sport Utility Vehicle 4WD
2013,Toyota,Matrix,24.0,Small Station Wagons
2013,Toyota,Prius,48.0,Midsize Cars
2013,Toyota,Prius Plug-in Hybrid,50.0,Midsize Cars
2013,Toyota,Prius c,50.0,Compact Cars
2013,Toyota,Prius v,41.0,Midsize Station Wagons
2013,Toyota,RAV4 2WD,26.0,Small Sport Utility Vehicle 2WD
2013,Toyota,RAV4 AWD,25.0,Small Sport Utility Vehicle 4WD
2013,Toyota,RAV4 EV,76.0,Small Sport Utility Vehicle 2WD
2013,Toyota,RAV4 Limited AWD,25.0,Small Sport Utility Vehicle 4WD
2013,Toyota,Sequoia 2WD,15.0,Standard Sport Utility Vehicle 2WD
2013,Toyota,Sequoia 4WD,14.0,Standard Sport Utility Vehicle 4WD
2013,Toyota,Sequoia 4WD FFV,15.0,Standard Sport Utility Vehicle 4WD
2013,Toyota,Sienna 2WD,21.0,Minivan - 2WD
2013,Toyota,Sienna AWD,19.0,Minivan - 4WD
2013,Toyota,Tacoma 2WD,20.0,Small Pickup Trucks 2WD
2013,Toyota,Tacoma 4WD,18.5,Small Pickup Trucks 4WD
2013,Toyota,Tundra 2WD,17.0,Standard Pickup Trucks 2WD
2013,Toyota,Tundra 4WD,15.5,Standard Pickup Trucks 4WD
2013,Toyota,Tundra 4WD FFV,15.0,Standard Pickup Trucks 4WD
2013,Toyota,Venza,22.0,Small Sport Utility Vehicle 2WD
2013,Toyota,Venza AWD,21.5,Small Sport Utility Vehicle 4WD
2013,Toyota,Yaris,32.5,Compact Cars
2013,VPG,MV-1,15.0,Special Purpose Vehicle 2WD
2013,Volkswagen,Beetle,25.0,Compact Cars
2013,Volkswagen,Beetle Convertible,24.0,Subcompact Cars
2013,Volkswagen,CC,25.0,Compact Cars
2013,Volkswagen,CC 4motion,20.0,Compact Cars
2013,Volkswagen,Eos,25.0,Subcompact Cars
2013,Volkswagen,GTI,26.0,Compact Cars
2013,Volkswagen,Golf,29.0,Compact Cars
2013,Volkswagen,Golf R,22.0,Compact Cars
2013,Volkswagen,Jetta,26.5,Compact Cars
2013,Volkswagen,Jetta Hybrid,44.0,Compact Cars
2013,Volkswagen,Jetta SportWagen,29.0,Small Station Wagons
2013,Volkswagen,Passat,25.5,Midsize Cars
2013,Volkswagen,Routan,20.0,Minivan - 2WD
2013,Volkswagen,Tiguan,22.0,Small Sport Utility Vehicle 2WD
2013,Volkswagen,Tiguan 4motion,22.0,Small Sport Utility Vehicle 4WD
2013,Volkswagen,Touareg,21.0,Standard Sport Utility Vehicle 4WD
2013,Volkswagen,Touareg Hybrid,21.0,Standard Sport Utility Vehicle 4WD
2013,Volvo,C30 FWD,24.0,Compact Cars
2013,Volvo,C70 FWD,22.0,Subcompact Cars
2013,Volvo,S60 AWD,22.0,Compact Cars
2013,Volvo,S60 FWD,24.0,Compact Cars
2013,Volvo,S80 AWD,21.0,Midsize Cars
2013,Volvo,S80 FWD,22.0,Midsize Cars
2013,Volvo,XC60 AWD,20.0,Small Sport Utility Vehicle 4WD
2013,Volvo,XC60 FWD,21.0,Small Sport Utility Vehicle 2WD
2013,Volvo,XC70 AWD,20.0,Small Sport Utility Vehicle 4WD
2013,Volvo,XC70 FWD,21.0,Small Sport Utility Vehicle 2WD
2013,Volvo,XC90 AWD,18.0,Standard Sport Utility Vehicle 4WD
2013,Volvo,XC90 FWD,19.0,Standard Sport Utility Vehicle 2WD
2013,smart,fortwo cabriolet,36.0,Two Seaters
2013,smart,fortwo coupe,36.0,Two Seaters
2013,smart,fortwo electric drive convertible,107.0,Two Seaters
2013,smart,fortwo electric drive coupe,107.0,Two Seaters
2014,Acura,ILX,26.0,Compact Cars
2014,Acura,ILX Hybrid,38.0,Compact Cars
2014,Acura,MDX 2WD,23.0,Small Sport Utility Vehicle 2WD
2014,Acura,MDX 4WD,21.0,Small Sport Utility Vehicle 4WD
2014,Acura,RDX 2WD,23.0,Small Sport Utility Vehicle 2WD
2014,Acura,RDX 4WD,22.0,Small Sport Utility Vehicle 4WD
2014,Acura,RLX,23.0,Midsize Cars
2014,Acura,RLX Hybrid,30.0,Midsize Cars
2014,Acura,TL 2WD,23.0,Midsize Cars
2014,Acura,TL 4WD,20.5,Midsize Cars
2014,Acura,TSX,24.0,Compact Cars
2014,Acura,TSX Wagon,24.0,Small Station Wagons
2014,Aston Martin,DB9,15.0,Minicompact Cars
2014,Aston Martin,Rapide S,15.0,Subcompact Cars
2014,Aston Martin,V8 Vantage,15.5,Two Seaters
2014,Aston Martin,V8 Vantage S,15.5,Two Seaters
2014,Aston Martin,Vanquish,15.0,Minicompact Cars
2014,Audi,A4,26.0,Compact Cars
2014,Audi,A4 quattro,24.5,Compact Cars
2014,Audi,A5 Cabriolet,26.0,Subcompact Cars
2014,Audi,A5 Cabriolet quattro,23.0,Subcompact Cars
2014,Audi,A5 quattro,24.5,Subcompact Cars
2014,Audi,A6,28.0,Midsize Cars
2014,Audi,A6 quattro,23.0,Midsize Cars
2014,Audi,A7 quattro,25.0,Midsize Cars
2014,Audi,A8,21.0,Midsize Cars
2014,Audi,A8 L,20.0,Large Cars
2014,Audi,Q5,22.0,Small Sport Utility Vehicle 4WD
2014,Audi,Q5 Hybrid,26.0,Small Sport Utility Vehicle 4WD
2014,Audi,Q7,20.0,Standard Sport Utility Vehicle 4WD
2014,Audi,R8,15.0,Two Seaters
2014,Audi,R8 Spyder,15.0,Two Seaters
2014,Audi,RS 5,18.0,Subcompact Cars
2014,Audi,RS 5 Cabriolet,18.0,Subcompact Cars
2014,Audi,RS 7,19.0,Midsize Cars
2014,Audi,S4,20.5,Compact Cars
2014,Audi,S5,20.5,Subcompact Cars
2014,Audi,S5 Cabriolet,21.0,Subcompact Cars
2014,Audi,S6,20.0,Midsize Cars
2014,Audi,S7,20.0,Midsize Cars
2014,Audi,S8,18.0,Midsize Cars
2014,Audi,SQ5,19.0,Small Sport Utility Vehicle 4WD
2014,Audi,TT Coupe quattro,26.0,Subcompact Cars
2014,Audi,TT Roadster quattro,26.0,Two Seaters
2014,Audi,allroad quattro,22.0,Small Station Wagons
2014,BMW,228i,26.5,Subcompact Cars
2014,BMW,320i,27.5,Compact Cars
2014,BMW,320i xDrive,27.0,Compact Cars
2014,BMW,328d,36.0,Compact Cars
2014,BMW,328d xDrive,34.0,Compact Cars
2014,BMW,328d xDrive Sports Wagon,34.0,Small Station Wagons
2014,BMW,328i,26.5,Compact Cars
2014,BMW,328i xDrive,26.0,Compact Cars
2014,BMW,328i xDrive Gran Turismo,26.0,Large Cars
2014,BMW,328i xDrive Sports Wagon,26.0,Small Station Wagons
2014,BMW,335i,24.0,Compact Cars
2014,BMW,335i xDrive,23.5,Compact Cars
2014,BMW,335i xDrive Gran Turismo,24.0,Large Cars
2014,BMW,428i Convertible,26.0,Subcompact Cars
2014,BMW,428i Coupe,26.5,Compact Cars
2014,BMW,428i xDrive Convertible,25.0,Subcompact Cars
2014,BMW,428i xDrive Coupe,26.0,Compact Cars
2014,BMW,435i Convertible,23.0,Subcompact Cars
2014,BMW,435i Coupe,24.0,Compact Cars
2014,BMW,435i xDrive Coupe,23.5,Compact Cars
2014,BMW,528i,26.0,Midsize Cars
2014,BMW,528i xDrive,26.0,Midsize Cars
2014,BMW,535d,30.0,Midsize Cars
2014,BMW,535d xDrive,29.0,Midsize Cars
2014,BMW,535i,23.0,Midsize Cars
2014,BMW,535i Gran Turismo,22.0,Large Cars
2014,BMW,535i xDrive,23.0,Midsize Cars
2014,BMW,535i xDrive Gran Turismo,21.0,Large Cars
2014,BMW,550i,20.0,Midsize Cars
2014,BMW,550i Gran Turismo,19.0,Large Cars
2014,BMW,550i xDrive,19.0,Midsize Cars
2014,BMW,550i xDrive Gran Turismo,19.0,Large Cars
2014,BMW,640i Convertible,23.0,Subcompact Cars
2014,BMW,640i Coupe,25.0,Subcompact Cars
2014,BMW,640i Gran Coupe,23.0,Compact Cars
2014,BMW,640i xDrive Convertible,23.0,Subcompact Cars
2014,BMW,640i xDrive Coupe,23.0,Subcompact Cars
2014,BMW,640i xDrive Gran Coupe,23.0,Compact Cars
2014,BMW,650i Convertible,20.0,Subcompact Cars
2014,BMW,650i Coupe,20.0,Subcompact Cars
2014,BMW,650i Gran Coupe,20.0,Compact Cars
2014,BMW,650i xDrive Convertible,19.0,Subcompact Cars
2014,BMW,650i xDrive Coupe,19.0,Subcompact Cars
2014,BMW,650i xDrive Gran Coupe,19.0,Compact Cars
2014,BMW,740Li,22.0,Large Cars
2014,BMW,740Li xDrive,22.0,Large Cars
2014,BMW,740i,22.0,Large Cars
2014,BMW,750Li,19.0,Large Cars
2014,BMW,750Li xDrive,19.0,Large Cars
2014,BMW,750i,20.0,Large Cars
2014,BMW,750i xDrive,19.0,Large Cars
2014,BMW,760Li,15.0,Large Cars
2014,BMW,ActiveHybrid 3,28.0,Compact Cars
2014,BMW,ActiveHybrid 5,26.0,Midsize Cars
2014,BMW,ActiveHybrid 7L,25.0,Large Cars
2014,BMW,Alpina B7 LWB,19.0,Large Cars
2014,BMW,Alpina B7 LWB xDrive,19.0,Large Cars
2014,BMW,Alpina B7 SWB,19.0,Large Cars
2014,BMW,Alpina B7 SWB xDrive,19.0,Large Cars
2014,BMW,M235i,23.5,Subcompact Cars
2014,BMW,M5,16.5,Midsize Cars
2014,BMW,M6 Convertible,16.5,Subcompact Cars
2014,BMW,M6 Coupe,16.5,Subcompact Cars
2014,BMW,M6 Gran Coupe,16.5,Compact Cars
2014,BMW,X1 sDrive28i,26.0,Large Cars
2014,BMW,X1 xDrive28i,26.0,Large Cars
2014,BMW,X1 xDrive35i,21.0,Large Cars
2014,BMW,X3 xDrive28i,24.0,Small Sport Utility Vehicle 4WD
2014,BMW,X3 xDrive35i,21.0,Small Sport Utility Vehicle 4WD
2014,BMW,X5 sDrive35i,22.0,Standard Sport Utility Vehicle 4WD
2014,BMW,X5 xDrive35d,26.0,Standard Sport Utility Vehicle 4WD
2014,BMW,X5 xDrive35i,21.0,Standard Sport Utility Vehicle 4WD
2014,BMW,X5 xDrive50i,17.0,Standard Sport Utility Vehicle 4WD
2014,BMW,X6 M,15.0,Standard Sport Utility Vehicle 4WD
2014,BMW,X6 xDrive35i,20.0,Standard Sport Utility Vehicle 4WD
2014,BMW,X6 xDrive50i,17.0,Standard Sport Utility Vehicle 4WD
2014,BMW,Z4 sDrive28i,26.0,Two Seaters
2014,BMW,Z4 sDrive35i,20.0,Two Seaters
2014,BMW,Z4 sDrive35is,19.0,Two Seaters
2014,BMW,i3 BEV,124.0,Subcompact Cars
2014,BMW,i3 REX,39.0,Subcompact Cars
2014,BMW,i8,28.0,Subcompact Cars
2014,BYD,e6,63.0,Small Sport Utility Vehicle 2WD
2014,Bentley,Continental GT,16.5,Compact Cars
2014,Bentley,Continental GT Speed Convertible,15.0,Subcompact Cars
2014,Bentley,Continental GTC,16.0,Subcompact Cars
2014,Bentley,Flying Spur,14.0,Midsize Cars
2014,Bentley,Mulsanne,13.0,Midsize Cars
2014,Bugatti,Veyron,10.0,Two Seaters
2014,Buick,Enclave AWD,18.0,Standard Sport Utility Vehicle 4WD
2014,Buick,Enclave FWD,19.0,Standard Sport Utility Vehicle 2WD
2014,Buick,Encore,28.0,Small Sport Utility Vehicle 2WD
2014,Buick,Encore AWD,25.0,Small Sport Utility Vehicle 4WD
2014,Buick,LaCrosse,21.0,Midsize Cars
2014,Buick,LaCrosse AWD,20.0,Midsize Cars
2014,Buick,LaCrosse eAssist,28.0,Midsize Cars
2014,Buick,Regal,24.0,Midsize Cars
2014,Buick,Regal AWD,22.0,Midsize Cars
2014,Buick,Regal eAssist,28.0,Midsize Cars
2014,Buick,Verano,24.0,Compact Cars
2014,Cadillac,ATS,23.5,Compact Cars
2014,Cadillac,ATS AWD,22.0,Compact Cars
2014,Cadillac,CTS,16.0,Midsize Cars
2014,Cadillac,CTS AWD,21.0,Midsize Cars
2014,Cadillac,CTS Sedan,22.0,Midsize Cars
2014,Cadillac,CTS Sedan AWD,21.5,Midsize Cars
2014,Cadillac,CTS V,15.0,Midsize Cars
2014,Cadillac,CTS Wagon,18.5,Small Station Wagons
2014,Cadillac,CTS Wagon AWD,21.0,Small Station Wagons
2014,Cadillac,ELR,33.0,Subcompact Cars
2014,Cadillac,Escalade 2WD,16.0,Standard Sport Utility Vehicle 2WD
2014,Cadillac,Escalade AWD,15.0,Standard Sport Utility Vehicle 4WD
2014,Cadillac,Escalade ESV 2WD,16.0,Standard Sport Utility Vehicle 2WD
2014,Cadillac,Escalade ESV AWD,14.0,Standard Sport Utility Vehicle 4WD
2014,Cadillac,SRX 2WD,19.0,Standard Sport Utility Vehicle 2WD
2014,Cadillac,SRX AWD,18.0,Standard Sport Utility Vehicle 4WD
2014,Cadillac,XTS,21.0,Large Cars
2014,Cadillac,XTS AWD,19.5,Large Cars
2014,Cadillac,XTS Hearse,17.0,Special Purpose Vehicle 2WD
2014,Cadillac,XTS Limo,17.0,Special Purpose Vehicle 2WD
2014,Chevrolet,Camaro,18.5,Compact Cars
2014,Chevrolet,Captiva AWD,18.0,Small Sport Utility Vehicle 4WD
2014,Chevrolet,Captiva FWD,21.0,Small Sport Utility Vehicle 2WD
2014,Chevrolet,Corvette,20.5,Two Seaters
2014,Chevrolet,Cruze,30.0,Midsize Cars
2014,Chevrolet,Cruze Eco,31.0,Midsize Cars
2014,Chevrolet,Equinox AWD,21.0,Small Sport Utility Vehicle 4WD
2014,Chevrolet,Equinox FWD,23.0,Small Sport Utility Vehicle 2WD
2014,Chevrolet,Express 1500 2WD Cargo,15.5,"Vans, Cargo Type"
2014,Chevrolet,Express 1500 2WD Conversion Cargo,14.0,"Vans, Cargo Type"
2014,Chevrolet,Express 1500 2WD Passenger,14.0,"Vans, Passenger Type"
2014,Chevrolet,Express 1500 AWD Cargo,14.0,"Vans, Cargo Type"
2014,Chevrolet,Express 1500 AWD Conversion Cargo,14.0,"Vans, Cargo Type"
2014,Chevrolet,Express 1500 AWD Passenger,14.0,"Vans, Passenger Type"
2014,Chevrolet,Express 2500 2WD Conversion Cargo,12.0,"Vans, Cargo Type"
2014,Chevrolet,Express 2500 2WD Passenger,13.0,"Vans, Passenger Type"
2014,Chevrolet,Express 3500 2WD Passenger,12.5,"Vans, Passenger Type"
2014,Chevrolet,Impala,22.0,Large Cars
2014,Chevrolet,Impala Limited,22.0,Large Cars
2014,Chevrolet,Impala eAssist,28.0,Large Cars
2014,Chevrolet,Malibu,26.5,Midsize Cars
2014,Chevrolet,Malibu eAssist,28.0,Midsize Cars
2014,Chevrolet,SS,17.0,Large Cars
2014,Chevrolet,Silverado C15 2WD,19.5,Standard Pickup Trucks 2WD
2014,Chevrolet,Silverado K15 4WD,18.0,Standard Pickup Trucks 4WD
2014,Chevrolet,Sonic,29.5,Compact Cars
2014,Chevrolet,Sonic 5,29.5,Midsize Cars
2014,Chevrolet,Sonic 5 RS,28.5,Midsize Cars
2014,Chevrolet,Sonic RS,28.5,Compact Cars
2014,Chevrolet,Spark,33.5,Subcompact Cars
2014,Chevrolet,Spark EV,119.0,Subcompact Cars
2014,Chevrolet,Suburban C10 2WD,17.0,Standard Sport Utility Vehicle 2WD
2014,Chevrolet,Suburban K10 4WD,17.0,Standard Sport Utility Vehicle 4WD
2014,Chevrolet,Tahoe C10 2WD,17.0,Standard Sport Utility Vehicle 2WD
2014,Chevrolet,Tahoe K10 4WD,17.0,Standard Sport Utility Vehicle 4WD
2014,Chevrolet,Traverse AWD,19.0,Standard Sport Utility Vehicle 4WD
2014,Chevrolet,Traverse FWD,19.0,Standard Sport Utility Vehicle 2WD
2014,Chevrolet,Volt,37.0,Compact Cars
2014,Chrysler,200,23.0,Midsize Cars
2014,Chrysler,200 Convertible,22.0,Compact Cars
2014,Chrysler,300,23.0,Large Cars
2014,Chrysler,300 AWD,21.0,Large Cars
2014,Chrysler,300 SRT8,17.0,Large Cars
2014,Chrysler,Town and Country,20.0,Minivan - 2WD
2014,Dodge,Avenger,23.0,Midsize Cars
2014,Dodge,Challenger,18.0,Midsize Cars
2014,Dodge,Challenger SRT8,17.0,Midsize Cars
2014,Dodge,Charger,21.0,Large Cars
2014,Dodge,Charger AWD,21.0,Large Cars
2014,Dodge,Charger SRT8,17.0,Large Cars
2014,Dodge,Dart,27.0,Midsize Cars
2014,Dodge,Dart Aero,32.0,Midsize Cars
2014,Dodge,Dart GT,25.5,Midsize Cars
2014,Dodge,Durango AWD,17.5,Standard Sport Utility Vehicle 4WD
2014,Dodge,Durango RWD,18.5,Standard Sport Utility Vehicle 2WD
2014,Dodge,Grand Caravan,20.0,Minivan - 2WD
2014,Dodge,Journey AWD,19.0,Small Sport Utility Vehicle 4WD
2014,Dodge,Journey FWD,20.0,Small Sport Utility Vehicle 2WD
2014,Ferrari,458 Italia,14.5,Two Seaters
2014,Ferrari,458 Speciale,14.5,Two Seaters
2014,Ferrari,458 Spider,14.5,Two Seaters
2014,Ferrari,California,16.0,Minicompact Cars
2014,Ferrari,F12,13.0,Two Seaters
2014,Ferrari,FF,13.0,Midsize Cars
2014,Ferrari,LaFerrari Hybrid,14.0,Two Seaters
2014,Fiat,500,30.0,Minicompact Cars
2014,Fiat,500 Abarth,30.0,Minicompact Cars
2014,Fiat,500 L,27.5,Small Station Wagons
2014,Fiat,500e,116.0,Minicompact Cars
2014,Ford,C-MAX Energi Plug-in Hybrid,38.0,Midsize Cars
2014,Ford,C-MAX Hybrid FWD,39.0,Large Cars
2014,Ford,E150 Van FFV,14.5,"Vans, Cargo Type"
2014,Ford,E150 Wagon FFV,13.5,"Vans, Passenger Type"
2014,Ford,E250 Van FFV,14.5,"Vans, Cargo Type"
2014,Ford,E350 Van,12.0,"Vans, Cargo Type"
2014,Ford,E350 Van FFV,13.0,"Vans, Cargo Type"
2014,Ford,E350 Wagon,11.0,"Vans, Passenger Type"
2014,Ford,E350 Wagon FFV,13.0,"Vans, Passenger Type"
2014,Ford,Edge AWD,19.5,Small Sport Utility Vehicle 4WD
2014,Ford,Edge FWD,22.0,Small Sport Utility Vehicle 2WD
2014,Ford,Escape AWD,24.5,Small Sport Utility Vehicle 4WD
2014,Ford,Escape FWD,25.0,Small Sport Utility Vehicle 2WD
2014,Ford,Expedition 2WD FFV,16.0,Standard Sport Utility Vehicle 2WD
2014,Ford,Expedition 4WD FFV,15.0,Standard Sport Utility Vehicle 4WD
2014,Ford,Explorer 2WD FFV,20.0,Standard Sport Utility Vehicle 2WD
2014,Ford,Explorer AWD,18.5,Standard Sport Utility Vehicle 4WD
2014,Ford,Explorer AWD FFV,19.0,Standard Sport Utility Vehicle 4WD
2014,Ford,Explorer FWD,21.5,Standard Sport Utility Vehicle 2WD
2014,Ford,F150 Pickup 2WD,18.0,Standard Pickup Trucks 2WD
2014,Ford,F150 Pickup 2WD FFV,18.0,Standard Pickup Trucks 2WD
2014,Ford,F150 Pickup 4WD,17.0,Standard Pickup Trucks 4WD
2014,Ford,F150 Pickup 4WD FFV,17.0,Standard Pickup Trucks 4WD
2014,Ford,F150 Raptor Pickup 4WD,13.0,Standard Pickup Trucks 4WD
2014,Ford,Fiesta FWD,30.0,Subcompact Cars
2014,Ford,Fiesta SFE FWD,33.0,Subcompact Cars
2014,Ford,Fiesta ST FWD,29.0,Compact Cars
2014,Ford,Flex AWD,18.5,Standard Sport Utility Vehicle 4WD
2014,Ford,Flex FWD,20.0,Standard Sport Utility Vehicle 2WD
2014,Ford,Focus Electric,105.0,Compact Cars
2014,Ford,Focus FWD,29.5,Compact Cars
2014,Ford,Focus FWD FFV,30.0,Compact Cars
2014,Ford,Focus SFE FWD FFV,32.0,Compact Cars
2014,Ford,Fusion AWD,25.0,Midsize Cars
2014,Ford,Fusion Energi Plug-in Hybrid,38.0,Midsize Cars
2014,Ford,Fusion FWD,27.0,Midsize Cars
2014,Ford,Fusion Hybrid FWD,41.0,Midsize Cars
2014,Ford,Mustang,20.0,Subcompact Cars
2014,Ford,Mustang Convertible,23.0,Subcompact Cars
2014,Ford,Taurus AWD,20.5,Large Cars
2014,Ford,Taurus AWD FFV,21.0,Large Cars
2014,Ford,Taurus FWD,24.5,Large Cars
2014,Ford,Taurus FWD FFV,23.0,Large Cars
2014,Ford,Transit Connect Van 2WD,24.5,Special Purpose Vehicle 2WD
2014,Ford,Transit Connect Wagon FWD,23.5,Special Purpose Vehicle 2WD
2014,Ford,Transit Connect Wagon LWB FWD,23.0,Special Purpose Vehicle 2WD
2014,GMC,Acadia AWD,18.0,Standard Sport Utility Vehicle 4WD
2014,GMC,Acadia FWD,19.0,Standard Sport Utility Vehicle 2WD
2014,GMC,Savana 1500  AWD (cargo),14.0,"Vans, Cargo Type"
2014,GMC,Savana 1500  AWD Conversion (cargo),14.0,"Vans, Cargo Type"
2014,GMC,Savana 1500 2WD (Passenger),14.0,"Vans, Passenger Type"
2014,GMC,Savana 1500 2WD (cargo),15.5,"Vans, Cargo Type"
2014,GMC,Savana 1500 2WD Conversion (cargo),14.0,"Vans, Cargo Type"
2014,GMC,Savana 1500 AWD (Passenger),14.0,"Vans, Passenger Type"
2014,GMC,Savana 2500 2WD (Passenger),13.0,"Vans, Passenger Type"
2014,GMC,Savana 2500 2WD Conversion (cargo),12.0,"Vans, Cargo Type"
2014,GMC,Savana 3500 2WD (Passenger),12.5,"Vans, Passenger Type"
2014,GMC,Sierra C15 2WD,19.0,Standard Pickup Trucks 2WD
2014,GMC,Sierra K15 4WD,18.0,Standard Pickup Trucks 4WD
2014,GMC,Terrain AWD,21.0,Small Sport Utility Vehicle 4WD
2014,GMC,Terrain FWD,23.0,Small Sport Utility Vehicle 2WD
2014,GMC,Yukon C10 2WD,16.5,Standard Sport Utility Vehicle 2WD
2014,GMC,Yukon Denali K10 AWD,15.0,Standard Sport Utility Vehicle 4WD
2014,GMC,Yukon K10 4WD,17.0,Standard Sport Utility Vehicle 4WD
2014,GMC,Yukon XL C10 2WD,16.5,Standard Sport Utility Vehicle 2WD
2014,GMC,Yukon XL K10 4WD,17.0,Standard Sport Utility Vehicle 4WD
2014,GMC,Yukon XL K10 AWD,14.0,Standard Sport Utility Vehicle 4WD
2014,Honda,Accord,26.0,Midsize Cars
2014,Honda,Accord Hybrid,47.0,Midsize Cars
2014,Honda,Accord Plug-in Hybrid,46.0,Midsize Cars
2014,Honda,CR-V 2WD,26.0,Small Sport Utility Vehicle 2WD
2014,Honda,CR-V 4WD,25.0,Small Sport Utility Vehicle 4WD
2014,Honda,CR-Z,34.5,Two Seaters
2014,Honda,Civic,31.5,Compact Cars
2014,Honda,Civic HF,34.0,Compact Cars
2014,Honda,Civic Hybrid,44.0,Compact Cars
2014,Honda,Civic Natural Gas,31.0,Compact Cars
2014,Honda,Crosstour 2WD,24.0,Small Sport Utility Vehicle 2WD
2014,Honda,Crosstour 4WD,22.0,Small Sport Utility Vehicle 4WD
2014,Honda,FCX Clarity,60.0,Midsize Cars
2014,Honda,Fit EV,118.0,Small Station Wagons
2014,Honda,Insight,41.0,Compact Cars
2014,Honda,Odyssey,22.0,Minivan - 2WD
2014,Honda,Pilot 2WD,20.0,Small Sport Utility Vehicle 2WD
2014,Honda,Pilot 4WD,20.0,Small Sport Utility Vehicle 4WD
2014,Honda,Ridgeline Truck 4WD,17.0,Standard Pickup Trucks 4WD
2014,Hyundai,Accent,30.5,Compact Cars
2014,Hyundai,Azera,23.0,Large Cars
2014,Hyundai,Elantra,29.0,Midsize Cars
2014,Hyundai,Elantra Coupe,27.0,Midsize Cars
2014,Hyundai,Elantra GT,27.0,Midsize Cars
2014,Hyundai,Elantra Limited,30.0,Midsize Cars
2014,Hyundai,Equus,18.0,Large Cars
2014,Hyundai,Genesis,21.0,Large Cars
2014,Hyundai,Genesis Coupe,20.0,Subcompact Cars
2014,Hyundai,Genesis R Spec,18.0,Large Cars
2014,Hyundai,Santa Fe 2WD,21.0,Small Sport Utility Vehicle 2WD
2014,Hyundai,Santa Fe 4WD,20.0,Small Sport Utility Vehicle 4WD
2014,Hyundai,Santa Fe Sport 2WD,22.5,Small Sport Utility Vehicle 2WD
2014,Hyundai,Santa Fe Sport 4WD,21.0,Small Sport Utility Vehicle 4WD
2014,Hyundai,Santa Fe Ultimate 2WD,20.0,Small Sport Utility Vehicle 2WD
2014,Hyundai,Santa Fe Ultimate 4WD,19.0,Small Sport Utility Vehicle 4WD
2014,Hyundai,Sonata,25.5,Large Cars
2014,Hyundai,Sonata Hybrid,37.0,Midsize Cars
2014,Hyundai,Sonata Hybrid Limited,37.0,Midsize Cars
2014,Hyundai,Tucson 2WD,24.0,Small Sport Utility Vehicle 2WD
2014,Hyundai,Tucson 4WD,22.0,Small Sport Utility Vehicle 4WD
2014,Hyundai,Veloster,28.0,Compact Cars
2014,Infiniti,Q50,23.0,Midsize Cars
2014,Infiniti,Q50 AWD,22.0,Midsize Cars
2014,Infiniti,Q50 Hybrid,31.0,Compact Cars
2014,Infiniti,Q50 Hybrid AWD,30.0,Compact Cars
2014,Infiniti,Q50S Hybrid,30.0,Compact Cars
2014,Infiniti,Q50S Hybrid AWD,28.0,Compact Cars
2014,Infiniti,Q50a,23.0,Midsize Cars
2014,Infiniti,Q50a AWD,22.0,Midsize Cars
2014,Infiniti,Q60 AWD Coupe,20.0,Subcompact Cars
2014,Infiniti,Q60 Convertible,19.5,Subcompact Cars
2014,Infiniti,Q60 Coupe,21.0,Subcompact Cars
2014,Infiniti,Q70,20.0,Midsize Cars
2014,Infiniti,Q70 AWD,19.0,Midsize Cars
2014,Infiniti,Q70 Hybrid,31.0,Midsize Cars
2014,Infiniti,QX50,20.0,Small Station Wagons
2014,Infiniti,QX50 AWD,20.0,Small Station Wagons
2014,Infiniti,QX60 AWD,21.0,Small Sport Utility Vehicle 4WD
2014,Infiniti,QX60 FWD,22.0,Small Sport Utility Vehicle 2WD
2014,Infiniti,QX60 Hybrid AWD,26.0,Standard Sport Utility Vehicle 4WD
2014,Infiniti,QX60 Hybrid FWD,26.0,Standard Sport Utility Vehicle 2WD
2014,Infiniti,QX70 AWD,17.0,Small Sport Utility Vehicle 4WD
2014,Infiniti,QX70 RWD,19.0,Small Sport Utility Vehicle 2WD
2014,Infiniti,QX80 2WD,16.0,Standard Sport Utility Vehicle 2WD
2014,Infiniti,QX80 4WD,16.0,Standard Sport Utility Vehicle 4WD
2014,Jaguar,F-Type Convertible,23.0,Two Seaters
2014,Jaguar,F-Type S Convertible,22.0,Two Seaters
2014,Jaguar,F-Type V8 S Convertible,18.0,Two Seaters
2014,Jaguar,XF,20.5,Midsize Cars
2014,Jaguar,XF AWD,19.0,Midsize Cars
2014,Jaguar,XF FFV,19.5,Midsize Cars
2014,Jaguar,XJ,18.0,Large Cars
2014,Jaguar,XJ AWD,19.0,Large Cars
2014,Jaguar,XJ FFV,19.5,Large Cars
2014,Jaguar,XJL,18.0,Large Cars
2014,Jaguar,XJL AWD,19.0,Large Cars
2014,Jaguar,XJL FFV,19.0,Large Cars
2014,Jaguar,XK,18.5,Minicompact Cars
2014,Jaguar,XK Convertible,17.5,Minicompact Cars
2014,Jeep,Cherokee 4WD,22.5,Small Sport Utility Vehicle 4WD
2014,Jeep,Cherokee 4WD Active Drive II,22.0,Small Sport Utility Vehicle 4WD
2014,Jeep,Cherokee FWD,23.5,Small Sport Utility Vehicle 2WD
2014,Jeep,Cherokee Trailhawk 4WD,21.0,Small Sport Utility Vehicle 4WD
2014,Jeep,Compass 4WD,23.0,Small Sport Utility Vehicle 4WD
2014,Jeep,Compass FWD,24.0,Small Sport Utility Vehicle 2WD
2014,Jeep,Grand Cherokee 2WD,20.0,Standard Sport Utility Vehicle 2WD
2014,Jeep,Grand Cherokee 4WD,19.0,Standard Sport Utility Vehicle 4WD
2014,Jeep,Grand Cherokee SRT8,15.0,Standard Sport Utility Vehicle 4WD
2014,Jeep,Patriot 4WD,23.0,Small Sport Utility Vehicle 4WD
2014,Jeep,Patriot FWD,24.0,Small Sport Utility Vehicle 2WD
2014,Jeep,Wrangler 4WD,18.0,Small Sport Utility Vehicle 4WD
2014,Jeep,Wrangler Unlimited 4WD,18.0,Small Sport Utility Vehicle 4WD
2014,Kia,Cadenza,22.0,Large Cars
2014,Kia,Forte,28.0,Midsize Cars
2014,Kia,Forte 5,25.5,Large Cars
2014,Kia,Forte Eco,29.0,Midsize Cars
2014,Kia,Forte Koup,26.0,Compact Cars
2014,Kia,Optima,25.0,Midsize Cars
2014,Kia,Optima Hybrid,37.0,Midsize Cars
2014,Kia,Optima Hybrid EX,36.0,Midsize Cars
2014,Kia,Rio,30.0,Compact Cars
2014,Kia,Rio Eco,31.0,Compact Cars
2014,Kia,Sedona,20.0,Minivan - 2WD
2014,Kia,Sorento 2WD,21.0,Small Sport Utility Vehicle 2WD
2014,Kia,Sorento 4WD,20.5,Small Sport Utility Vehicle 4WD
2014,Kia,Soul,26.0,Small Station Wagons
2014,Kia,Soul ECO dynamics,26.0,Small Station Wagons
2014,Kia,Sportage 2WD,23.0,Small Sport Utility Vehicle 2WD
2014,Kia,Sportage 4WD,21.5,Small Sport Utility Vehicle 4WD
2014,Lamborghini,Aventador Coupe,13.0,Two Seaters
2014,Lamborghini,Aventador Roadster,12.0,Two Seaters
2014,Lamborghini,Aventador Veneno Coupe,13.0,Two Seaters
2014,Lamborghini,Gallardo Coupe,15.5,Two Seaters
2014,Lamborghini,Gallardo Spyder,15.0,Two Seaters
2014,Land Rover,LR2,20.0,Small Sport Utility Vehicle 4WD
2014,Land Rover,LR4,16.0,Standard Sport Utility Vehicle 4WD
2014,Land Rover,Range Rover,17.0,Standard Sport Utility Vehicle 4WD
2014,Land Rover,Range Rover Evoque,24.0,Small Sport Utility Vehicle 4WD
2014,Land Rover,Range Rover FFV,17.5,Standard Sport Utility Vehicle 4WD
2014,Land Rover,Range Rover L FFV,17.5,Standard Sport Utility Vehicle 4WD
2014,Land Rover,Range Rover Sport,17.5,Standard Sport Utility Vehicle 4WD
2014,Land Rover,Range Rover Sport FFV,17.5,Standard Sport Utility Vehicle 4WD
2014,Lexus,CT 200h,42.0,Compact Cars
2014,Lexus,ES 300h,40.0,Midsize Cars
2014,Lexus,ES 350,24.0,Midsize Cars
2014,Lexus,GS 350,23.0,Midsize Cars
2014,Lexus,GS 350 AWD,21.0,Midsize Cars
2014,Lexus,GS 450h,31.0,Midsize Cars
2014,Lexus,GX 460,17.0,Standard Sport Utility Vehicle 4WD
2014,Lexus,IS 250,24.0,Compact Cars
2014,Lexus,IS 250 AWD,23.0,Compact Cars
2014,Lexus,IS 250 C,24.0,Subcompact Cars
2014,Lexus,IS 350,22.0,Compact Cars
2014,Lexus,IS 350 AWD,21.0,Compact Cars
2014,Lexus,IS 350 C,22.0,Subcompact Cars
2014,Lexus,IS F,18.0,Subcompact Cars
2014,Lexus,LS 460,19.0,Midsize Cars
2014,Lexus,LS 460 AWD,18.0,Midsize Cars
2014,Lexus,LS 460 L,19.0,Midsize Cars
2014,Lexus,LS 460 L AWD,18.0,Midsize Cars
2014,Lexus,LS 600h L,20.0,Midsize Cars
2014,Lexus,LX 570,14.0,Standard Sport Utility Vehicle 4WD
2014,Lexus,RX 350,21.0,Small Sport Utility Vehicle 2WD
2014,Lexus,RX 350 AWD,20.5,Small Sport Utility Vehicle 4WD
2014,Lexus,RX 450h,29.0,Small Sport Utility Vehicle 2WD
2014,Lexus,RX 450h AWD,28.0,Small Sport Utility Vehicle 4WD
2014,Lincoln,MKS AWD,20.5,Large Cars
2014,Lincoln,MKS FWD,22.0,Large Cars
2014,Lincoln,MKT AWD,18.0,Small Sport Utility Vehicle 4WD
2014,Lincoln,MKT FWD,20.0,Standard Sport Utility Vehicle 2WD
2014,Lincoln,MKT Livery AWD,19.0,Special Purpose Vehicle 4WD
2014,Lincoln,MKT Livery FWD,23.0,Special Purpose Vehicle 2WD
2014,Lincoln,MKX AWD,19.0,Small Sport Utility Vehicle 4WD
2014,Lincoln,MKX FWD,21.0,Small Sport Utility Vehicle 2WD
2014,Lincoln,MKZ AWD,23.0,Midsize Cars
2014,Lincoln,MKZ FWD,24.0,Midsize Cars
2014,Lincoln,MKZ Hybrid FWD,38.0,Midsize Cars
2014,Lincoln,Navigator 2WD FFV,16.0,Standard Sport Utility Vehicle 2WD
2014,Lincoln,Navigator 4WD FFV,15.0,Standard Sport Utility Vehicle 4WD
2014,Lotus,Evora,21.5,Minicompact Cars
2014,MINI,Cooper (3-doors),32.0,Subcompact Cars
2014,MINI,Cooper Clubman,29.5,Subcompact Cars
2014,MINI,Cooper Clubvan,29.5,Two Seaters
2014,MINI,Cooper Convertible,29.5,Minicompact Cars
2014,MINI,Cooper Countryman,28.5,Compact Cars
2014,MINI,Cooper Coupe,31.0,Two Seaters
2014,MINI,Cooper Paceman,28.5,Compact Cars
2014,MINI,Cooper Roadster,29.5,Two Seaters
2014,MINI,Cooper S (3-doors),28.5,Subcompact Cars
2014,MINI,Cooper S Clubman,29.0,Subcompact Cars
2014,MINI,Cooper S Convertible,29.0,Minicompact Cars
2014,MINI,Cooper S Countryman,28.0,Compact Cars
2014,MINI,Cooper S Countryman All4,26.5,Compact Cars
2014,MINI,Cooper S Coupe,29.0,Two Seaters
2014,MINI,Cooper S Paceman,28.0,Compact Cars
2014,MINI,Cooper S Paceman All4,26.5,Compact Cars
2014,MINI,Cooper S Roadster,29.0,Two Seaters
2014,MINI,JCW Countryman All4,26.5,Compact Cars
2014,MINI,JCW Paceman All4,26.5,Compact Cars
2014,MINI,John Cooper Works Clubman,29.0,Subcompact Cars
2014,MINI,John Cooper Works Convertible,29.0,Minicompact Cars
2014,MINI,John Cooper Works Coupe,29.0,Two Seaters
2014,MINI,John Cooper Works Roadster,29.0,Two Seaters
2014,Maserati,Ghibli V6,19.0,Midsize Cars
2014,Maserati,Ghibli V6 AWD,18.0,Midsize Cars
2014,Maserati,GranTurismo,16.0,Subcompact Cars
2014,Maserati,GranTurismo Convertible,15.0,Subcompact Cars
2014,Maserati,Quattroporte GTS,16.0,Large Cars
2014,Maserati,Quattroporte SQ4 V6,18.0,Large Cars
2014,Mazda,2,30.5,Compact Cars
2014,Mazda,3 4-Door,32.5,Compact Cars
2014,Mazda,3 5-Door,32.0,Midsize Cars
2014,Mazda,5,24.0,Minivan - 2WD
2014,Mazda,6,30.0,Midsize Cars
2014,Mazda,CX-5 2WD,28.0,Small Sport Utility Vehicle 2WD
2014,Mazda,CX-5 4WD,26.5,Small Sport Utility Vehicle 4WD
2014,Mazda,CX-9 2WD,19.0,Small Sport Utility Vehicle 2WD
2014,Mazda,CX-9 4WD,19.0,Small Sport Utility Vehicle 4WD
2014,Mazda,MX-5,24.0,Two Seaters
2014,McLaren Automotive,MP4-12C Coupe,18.0,Two Seaters
2014,McLaren Automotive,MP4-12C Spider,18.0,Two Seaters
2014,McLaren Automotive,P1,17.0,Two Seaters
2014,Mercedes-Benz,B-Class Electric Drive,84.0,Midsize Cars
2014,Mercedes-Benz,C250,25.0,Compact Cars
2014,Mercedes-Benz,C250 Coupe,25.0,Subcompact Cars
2014,Mercedes-Benz,C300 4matic,22.0,Compact Cars
2014,Mercedes-Benz,C350,23.0,Compact Cars
2014,Mercedes-Benz,C350 4matic Coupe,22.0,Subcompact Cars
2014,Mercedes-Benz,C350 Coupe,23.0,Subcompact Cars
2014,Mercedes-Benz,C63 AMG,15.0,Compact Cars
2014,Mercedes-Benz,C63 AMG Coupe,15.0,Subcompact Cars
2014,Mercedes-Benz,CL550 4matic,18.0,Compact Cars
2014,Mercedes-Benz,CL600,14.0,Compact Cars
2014,Mercedes-Benz,CL63 AMG,18.0,Compact Cars
2014,Mercedes-Benz,CL65 AMG,14.0,Compact Cars
2014,Mercedes-Benz,CLA250,30.0,Compact Cars
2014,Mercedes-Benz,CLA250 4matic,27.0,Compact Cars
2014,Mercedes-Benz,CLA45 AMG 4matic,26.0,Compact Cars
2014,Mercedes-Benz,CLS550,20.0,Compact Cars
2014,Mercedes-Benz,CLS550 4matic,19.0,Compact Cars
2014,Mercedes-Benz,CLS63 AMG,19.0,Compact Cars
2014,Mercedes-Benz,CLS63 AMG 4matic,18.0,Compact Cars
2014,Mercedes-Benz,CLS63 AMG S,19.0,Compact Cars
2014,Mercedes-Benz,CLS63 AMG S 4matic,18.0,Compact Cars
2014,Mercedes-Benz,E350,23.0,Midsize Cars
2014,Mercedes-Benz,E350 4matic,23.0,Midsize Cars
2014,Mercedes-Benz,E350 4matic (wagon),22.0,Midsize Station Wagons
2014,Mercedes-Benz,E350 4matic Coupe,23.0,Subcompact Cars
2014,Mercedes-Benz,E350 Convertible,22.5,Subcompact Cars
2014,Mercedes-Benz,E350 Coupe,23.0,Subcompact Cars
2014,Mercedes-Benz,E400 Hybrid,26.0,Midsize Cars
2014,Mercedes-Benz,E550 4matic,21.0,Midsize Cars
2014,Mercedes-Benz,E550 Convertible,20.0,Subcompact Cars
2014,Mercedes-Benz,E550 Coupe,21.0,Subcompact Cars
2014,Mercedes-Benz,E63 AMG,19.0,Midsize Cars
2014,Mercedes-Benz,E63 AMG 4matic,19.0,Midsize Cars
2014,Mercedes-Benz,E63 AMG 4matic (wagon),17.0,Midsize Station Wagons
2014,Mercedes-Benz,E63 AMG S,19.0,Midsize Cars
2014,Mercedes-Benz,E63 AMG S 4matic,18.0,Midsize Cars
2014,Mercedes-Benz,E63 AMG S 4matic (wagon),18.0,Midsize Station Wagons
2014,Mercedes-Benz,G550,13.0,Standard Sport Utility Vehicle 4WD
2014,Mercedes-Benz,G63 AMG,13.0,Standard Sport Utility Vehicle 4WD
2014,Mercedes-Benz,GL450 4matic,16.0,Standard Sport Utility Vehicle 4WD
2014,Mercedes-Benz,GL550 4matic,15.0,Standard Sport Utility Vehicle 4WD
2014,Mercedes-Benz,GL63 AMG,14.0,Standard Sport Utility Vehicle 4WD
2014,Mercedes-Benz,GLK250 Bluetec 4matic,27.0,Small Sport Utility Vehicle 4WD
2014,Mercedes-Benz,GLK350,21.5,Small Sport Utility Vehicle 2WD
2014,Mercedes-Benz,GLK350 4matic,21.0,Small Sport Utility Vehicle 4WD
2014,Mercedes-Benz,ML350,20.0,Standard Sport Utility Vehicle 2WD
2014,Mercedes-Benz,ML350 4matic,19.0,Standard Sport Utility Vehicle 4WD
2014,Mercedes-Benz,ML550 4matic,16.0,Standard Sport Utility Vehicle 4WD
2014,Mercedes-Benz,ML63 AMG,15.0,Standard Sport Utility Vehicle 4WD
2014,Mercedes-Benz,S550,20.0,Large Cars
2014,Mercedes-Benz,S550 4matic,19.0,Large Cars
2014,Mercedes-Benz,S63 AMG 4matic,18.0,Large Cars
2014,Mercedes-Benz,SL550,20.0,Two Seaters
2014,Mercedes-Benz,SL63 AMG,19.0,Two Seaters
2014,Mercedes-Benz,SL65 AMG,17.0,Two Seaters
2014,Mercedes-Benz,SLK250,26.0,Two Seaters
2014,Mercedes-Benz,SLK350,24.0,Two Seaters
2014,Mercedes-Benz,SLK55 AMG,22.0,Two Seaters
2014,Mercedes-Benz,SLS AMG Black Series Coupe,14.0,Two Seaters
2014,Mercedes-Benz,SLS AMG Coupe,15.0,Two Seaters
2014,Mercedes-Benz,SLS AMG GT Coupe,15.0,Two Seaters
2014,Mercedes-Benz,SLS AMG GT Roadster,15.0,Two Seaters
2014,Mercedes-Benz,SLS AMG Roadster,15.0,Two Seaters
2014,Mitsubishi,Lancer,26.0,Compact Cars
2014,Mitsubishi,Lancer AWD,25.0,Compact Cars
2014,Mitsubishi,Lancer Evolution,19.0,Compact Cars
2014,Mitsubishi,Lancer Sportback,26.0,Small Station Wagons
2014,Mitsubishi,Mirage,37.5,Compact Cars
2014,Mitsubishi,Outlander 2WD,27.0,Small Sport Utility Vehicle 2WD
2014,Mitsubishi,Outlander 4WD,24.5,Small Sport Utility Vehicle 4WD
2014,Mitsubishi,Outlander Sport 2WD,26.0,Small Sport Utility Vehicle 2WD
2014,Mitsubishi,Outlander Sport 4WD,26.0,Small Sport Utility Vehicle 4WD
2014,Mitsubishi,i-MiEV,112.0,Subcompact Cars
2014,Mobility Ventures LLC,MV-1,15.0,Special Purpose Vehicle 2WD
2014,Mobility Ventures LLC,MV-1 CNG,13.0,Special Purpose Vehicle 2WD
2014,Nissan,370Z,21.0,Two Seaters
2014,Nissan,370Z Roadster,20.5,Two Seaters
2014,Nissan,Altima,28.0,Midsize Cars
2014,Nissan,Armada 2WD,15.0,Standard Sport Utility Vehicle 2WD
2014,Nissan,Armada 4WD,14.0,Standard Sport Utility Vehicle 4WD
2014,Nissan,Cube,27.5,Small Station Wagons
2014,Nissan,Frontier 2WD,19.0,Small Pickup Trucks 2WD
2014,Nissan,Frontier 4WD,17.5,Small Pickup Trucks 4WD
2014,Nissan,GT-R,19.0,Subcompact Cars
2014,Nissan,Juke,28.0,Small Station Wagons
2014,Nissan,Juke AWD,27.0,Small Station Wagons
2014,Nissan,Leaf,114.0,Midsize Cars
2014,Nissan,Maxima,22.0,Midsize Cars
2014,Nissan,Murano AWD,20.0,Small Sport Utility Vehicle 4WD
2014,Nissan,Murano CrossCabriolet,19.0,Small Sport Utility Vehicle 4WD
2014,Nissan,Murano FWD,20.0,Small Sport Utility Vehicle 2WD
2014,Nissan,NV200 Cargo Van,24.0,Special Purpose Vehicle 2WD
2014,Nissan,Pathfinder 2WD,22.0,Small Sport Utility Vehicle 2WD
2014,Nissan,Pathfinder 4WD,21.0,Small Sport Utility Vehicle 4WD
2014,Nissan,Pathfinder Hybrid 2WD,26.0,Standard Sport Utility Vehicle 2WD
2014,Nissan,Pathfinder Hybrid 4WD,26.0,Standard Sport Utility Vehicle 4WD
2014,Nissan,Quest,21.0,Minivan - 2WD
2014,Nissan,Rogue AWD,27.0,Small Sport Utility Vehicle 4WD
2014,Nissan,Rogue FWD,28.0,Small Sport Utility Vehicle 2WD
2014,Nissan,Rogue Select AWD,24.0,Small Sport Utility Vehicle 4WD
2014,Nissan,Rogue Select FWD,25.0,Small Sport Utility Vehicle 2WD
2014,Nissan,Sentra,32.0,Midsize Cars
2014,Nissan,Sentra FE,33.0,Midsize Cars
2014,Nissan,Titan 2WD,15.0,Standard Pickup Trucks 2WD
2014,Nissan,Titan 4WD,14.0,Standard Pickup Trucks 4WD
2014,Nissan,Versa,30.0,Compact Cars
2014,Nissan,Xterra 2WD,18.0,Small Sport Utility Vehicle 2WD
2014,Nissan,Xterra 4WD,17.0,Small Sport Utility Vehicle 4WD
2014,Pagani,Huayra Coupe,13.0,Two Seaters
2014,Porsche,911 Carrera,22.5,Minicompact Cars
2014,Porsche,911 Carrera 4,22.5,Minicompact Cars
2014,Porsche,911 Carrera 4 Cabriolet,21.5,Minicompact Cars
2014,Porsche,911 Carrera 4S,21.5,Minicompact Cars
2014,Porsche,911 Carrera 4S Cabriolet,21.0,Minicompact Cars
2014,Porsche,911 Carrera Cabriolet,22.5,Minicompact Cars
2014,Porsche,911 Carrera S,22.0,Minicompact Cars
2014,Porsche,911 Carrera S Cabriolet,21.5,Minicompact Cars
2014,Porsche,911 GT3,17.0,Two Seaters
2014,Porsche,911 Targa 4,21.5,Minicompact Cars
2014,Porsche,911 Targa 4S,21.0,Minicompact Cars
2014,Porsche,911 Turbo,20.0,Minicompact Cars
2014,Porsche,911 Turbo Cabriolet,20.0,Minicompact Cars
2014,Porsche,911 Turbo S,20.0,Minicompact Cars
2014,Porsche,911 Turbo S Cabriolet,20.0,Minicompact Cars
2014,Porsche,Boxster,24.5,Two Seaters
2014,Porsche,Boxster S,23.0,Two Seaters
2014,Porsche,Cayenne,18.0,Standard Sport Utility Vehicle 4WD
2014,Porsche,Cayenne Diesel,23.0,Standard Sport Utility Vehicle 4WD
2014,Porsche,Cayenne GTS,16.0,Standard Sport Utility Vehicle 4WD
2014,Porsche,Cayenne S,18.0,Standard Sport Utility Vehicle 4WD
2014,Porsche,Cayenne S Hybrid,21.0,Standard Sport Utility Vehicle 4WD
2014,Porsche,Cayenne Turbo,17.0,Standard Sport Utility Vehicle 4WD
2014,Porsche,Cayenne Turbo S,15.0,Standard Sport Utility Vehicle 4WD
2014,Porsche,Cayman,24.5,Two Seaters
2014,Porsche,Cayman S,23.0,Two Seaters
2014,Porsche,Panamera,22.0,Large Cars
2014,Porsche,Panamera 4,21.0,Large Cars
2014,Porsche,Panamera 4S,21.0,Large Cars
2014,Porsche,Panamera 4S Executive,20.0,Large Cars
2014,Porsche,Panamera GTS,19.0,Large Cars
2014,Porsche,Panamera S,21.0,Large Cars
2014,Porsche,Panamera S E-Hybrid,25.0,Large Cars
2014,Porsche,Panamera Turbo,18.0,Large Cars
2014,Porsche,Panamera Turbo Executive,18.0,Large Cars
2014,Porsche,Panamera Turbo S,18.0,Large Cars
2014,Porsche,Panamera Turbo S Executive,18.0,Large Cars
2014,Ram,1500 2WD,20.0,Standard Pickup Trucks 2WD
2014,Ram,1500 4WD,19.0,Standard Pickup Trucks 4WD
2014,Ram,1500 HFE 2WD,21.0,Standard Pickup Trucks 2WD
2014,Ram,C/V,21.0,Minivan - 2WD
2014,Rolls-Royce,Ghost,15.0,Large Cars
2014,Rolls-Royce,Ghost EWB,15.0,Large Cars
2014,Rolls-Royce,Phantom,14.0,Large Cars
2014,Rolls-Royce,Phantom Coupe,14.0,Compact Cars
2014,Rolls-Royce,Phantom Drophead Coupe,14.0,Compact Cars
2014,Rolls-Royce,Phantom EWB,14.0,Large Cars
2014,Rolls-Royce,Wraith,15.0,Midsize Cars
2014,Roush Performance,F150 Pickup 2WD,12.0,Standard Pickup Trucks 2WD
2014,Roush Performance,F150 Pickup 4WD,12.0,Standard Pickup Trucks 4WD
2014,Roush Performance,F150 Raptor Pickup 4WD,11.0,Standard Pickup Trucks 4WD
2014,Roush Performance,Stage 3 Mustang,17.0,Subcompact Cars
2014,SRT,Viper,15.0,Two Seaters
2014,Scion,FR-S,26.5,Minicompact Cars
2014,Scion,iQ,37.0,Minicompact Cars
2014,Scion,tC,26.0,Compact Cars
2014,Scion,xB,24.0,Small Station Wagons
2014,Scion,xD,29.0,Subcompact Cars
2014,Subaru,BRZ,26.0,Minicompact Cars
2014,Subaru,Forester AWD,25.0,Small Sport Utility Vehicle 4WD
2014,Subaru,Impreza AWD,24.5,Compact Cars
2014,Subaru,Impreza Wagon AWD,24.0,Small Station Wagons
2014,Subaru,Legacy AWD,24.0,Midsize Cars
2014,Subaru,Outback AWD,24.0,Small Sport Utility Vehicle 4WD
2014,Subaru,Tribeca AWD,18.0,Small Sport Utility Vehicle 4WD
2014,Subaru,XV Crosstrek AWD,26.5,Small Sport Utility Vehicle 4WD
2014,Subaru,XV Crosstrek Hybrid AWD,30.0,Small Sport Utility Vehicle 4WD
2014,Tesla,Model S (60 kW-hr battery pack),95.0,Large Cars
2014,Tesla,Model S (85 kW-hr battery pack),89.0,Large Cars
2014,Tesla,Model S AWD (85 kW-hr battery pack),89.0,Large Cars
2014,Toyota,4Runner 2WD,19.0,Standard Sport Utility Vehicle 2WD
2014,Toyota,4Runner 4WD,18.0,Standard Sport Utility Vehicle 4WD
2014,Toyota,Avalon,24.5,Midsize Cars
2014,Toyota,Avalon Hybrid,40.0,Midsize Cars
2014,Toyota,Camry,26.5,Midsize Cars
2014,Toyota,Camry Hybrid LE,40.0,Midsize Cars
2014,Toyota,Camry Hybrid XLE/SE,39.0,Midsize Cars
2014,Toyota,Corolla,31.5,Midsize Cars
2014,Toyota,Corolla LE Eco,33.5,Midsize Cars
2014,Toyota,FJ Cruiser 2WD,18.0,Small Sport Utility Vehicle 2WD
2014,Toyota,FJ Cruiser 4WD,17.0,Small Sport Utility Vehicle 4WD
2014,Toyota,Highlander 2WD,21.5,Small Sport Utility Vehicle 2WD
2014,Toyota,Highlander AWD,20.0,Standard Sport Utility Vehicle 4WD
2014,Toyota,Highlander Hybrid AWD,28.0,Standard Sport Utility Vehicle 4WD
2014,Toyota,Highlander Hybrid AWD LE Plus,28.0,Standard Sport Utility Vehicle 4WD
2014,Toyota,Land Cruiser Wagon 4WD,15.0,Standard Sport Utility Vehicle 4WD
2014,Toyota,Prius,48.0,Midsize Cars
2014,Toyota,Prius Plug-in Hybrid,50.0,Midsize Cars
2014,Toyota,Prius c,50.0,Compact Cars
2014,Toyota,Prius v,41.0,Midsize Station Wagons
2014,Toyota,RAV4,26.0,Small Sport Utility Vehicle 2WD
2014,Toyota,RAV4 AWD,25.0,Small Sport Utility Vehicle 4WD
2014,Toyota,RAV4 EV,76.0,Small Sport Utility Vehicle 2WD
2014,Toyota,RAV4 Limited AWD,24.0,Small Sport Utility Vehicle 4WD
2014,Toyota,Sequoia 2WD,15.0,Standard Sport Utility Vehicle 2WD
2014,Toyota,Sequoia 4WD,14.0,Standard Sport Utility Vehicle 4WD
2014,Toyota,Sequoia 4WD FFV,15.0,Standard Sport Utility Vehicle 4WD
2014,Toyota,Sienna 2WD,21.0,Minivan - 2WD
2014,Toyota,Sienna AWD,19.0,Minivan - 4WD
2014,Toyota,Tacoma 2WD,20.0,Small Pickup Trucks 2WD
2014,Toyota,Tacoma 4WD,18.5,Small Pickup Trucks 4WD
2014,Toyota,Tundra 2WD,17.0,Standard Pickup Trucks 2WD
2014,Toyota,Tundra 4WD,15.5,Standard Pickup Trucks 4WD
2014,Toyota,Tundra 4WD FFV,15.0,Standard Pickup Trucks 4WD
2014,Toyota,Venza,22.0,Small Sport Utility Vehicle 2WD
2014,Toyota,Venza 4WD,21.5,Small Sport Utility Vehicle 4WD
2014,Toyota,Yaris,32.5,Compact Cars
2014,Volkswagen,Beetle,26.5,Compact Cars
2014,Volkswagen,Beetle Convertible,26.5,Subcompact Cars
2014,Volkswagen,CC,25.0,Compact Cars
2014,Volkswagen,CC 4motion,20.0,Compact Cars
2014,Volkswagen,Eos,25.0,Subcompact Cars
2014,Volkswagen,GTI,26.0,Compact Cars
2014,Volkswagen,Golf,32.0,Compact Cars
2014,Volkswagen,Jetta,28.5,Compact Cars
2014,Volkswagen,Jetta Hybrid,44.0,Compact Cars
2014,Volkswagen,Jetta SportWagen,29.0,Small Station Wagons
2014,Volkswagen,Passat,27.0,Midsize Cars
2014,Volkswagen,Routan,20.0,Minivan - 2WD
2014,Volkswagen,Tiguan,22.0,Small Sport Utility Vehicle 2WD
2014,Volkswagen,Tiguan 4motion,22.0,Small Sport Utility Vehicle 4WD
2014,Volkswagen,Touareg,21.0,Standard Sport Utility Vehicle 4WD
2014,Volkswagen,Touareg Hybrid,21.0,Standard Sport Utility Vehicle 4WD
2014,Volvo,S60 AWD,22.0,Compact Cars
2014,Volvo,S60 FWD,24.0,Compact Cars
2014,Volvo,S80 AWD,21.0,Midsize Cars
2014,Volvo,S80 FWD,23.0,Midsize Cars
2014,Volvo,XC60 AWD,20.0,Small Sport Utility Vehicle 4WD
2014,Volvo,XC60 FWD,21.0,Small Sport Utility Vehicle 2WD
2014,Volvo,XC70 AWD,20.5,Small Sport Utility Vehicle 4WD
2014,Volvo,XC70 FWD,21.0,Small Sport Utility Vehicle 2WD
2014,Volvo,XC90 AWD,18.0,Standard Sport Utility Vehicle 4WD
2014,Volvo,XC90 FWD,19.0,Standard Sport Utility Vehicle 2WD
2014,smart,fortwo cabriolet,36.0,Two Seaters
2014,smart,fortwo coupe,36.0,Two Seaters
2014,smart,fortwo electric drive convertible,107.0,Two Seaters
2014,smart,fortwo electric drive coupe,107.0,Two Seaters
2015,Acura,ILX,26.5,Compact Cars
2015,Acura,MDX 2WD,23.0,Small Sport Utility Vehicle 2WD
2015,Acura,MDX 4WD,21.0,Small Sport Utility Vehicle 4WD
2015,Acura,RDX 2WD,23.0,Small Sport Utility Vehicle 2WD
2015,Acura,RDX 4WD,22.0,Small Sport Utility Vehicle 4WD
2015,Acura,RLX,23.0,Midsize Cars
2015,Acura,TLX,26.5,Compact Cars
2015,Acura,TLX AWD,25.0,Compact Cars
2015,Alfa Romeo,4C,28.0,Two Seaters
2015,Aston Martin,DB9,15.0,Minicompact Cars
2015,Aston Martin,Rapide S,17.0,Subcompact Cars
2015,Aston Martin,V12 Vantage S,14.0,Two Seaters
2015,Aston Martin,V8 Vantage,15.5,Two Seaters
2015,Aston Martin,V8 Vantage S,15.5,Two Seaters
2015,Aston Martin,Vanquish,16.0,Minicompact Cars
2015,Aston Martin,Vantage GT,15.5,Two Seaters
2015,Audi,A3,31.0,Subcompact Cars
2015,Audi,A3 Cabriolet,28.0,Subcompact Cars
2015,Audi,A3 Cabriolet quattro,26.0,Subcompact Cars
2015,Audi,A3 quattro,27.0,Subcompact Cars
2015,Audi,A4,26.0,Compact Cars
2015,Audi,A4 quattro,25.0,Compact Cars
2015,Audi,A5 Cabriolet quattro,24.0,Subcompact Cars
2015,Audi,A5 quattro,25.0,Subcompact Cars
2015,Audi,A6,28.0,Midsize Cars
2015,Audi,A6 quattro,23.0,Midsize Cars
2015,Audi,A7 quattro,25.0,Midsize Cars
2015,Audi,A8,22.0,Midsize Cars
2015,Audi,A8 L,21.5,Large Cars
2015,Audi,Q3,23.0,Compact Cars
2015,Audi,Q3 quattro,23.0,Compact Cars
2015,Audi,Q5,22.0,Small Sport Utility Vehicle 4WD
2015,Audi,Q5 Hybrid,26.0,Small Sport Utility Vehicle 4WD
2015,Audi,Q7,20.0,Standard Sport Utility Vehicle 4WD
2015,Audi,R8,15.0,Two Seaters
2015,Audi,R8 Spyder,15.0,Two Seaters
2015,Audi,RS 5,18.0,Subcompact Cars
2015,Audi,RS 5 Cabriolet,18.0,Subcompact Cars
2015,Audi,RS 7,18.0,Midsize Cars
2015,Audi,S3,26.0,Subcompact Cars
2015,Audi,S4,20.5,Compact Cars
2015,Audi,S5,20.5,Subcompact Cars
2015,Audi,S5 Cabriolet,21.0,Subcompact Cars
2015,Audi,S6,20.0,Midsize Cars
2015,Audi,S7,20.0,Midsize Cars
2015,Audi,S8,20.0,Midsize Cars
2015,Audi,SQ5,19.0,Small Sport Utility Vehicle 4WD
2015,Audi,TT Coupe quattro,26.0,Subcompact Cars
2015,Audi,TT Roadster quattro,26.0,Two Seaters
2015,Audi,allroad quattro,24.0,Small Station Wagons
2015,BMW,228i,26.5,Subcompact Cars
2015,BMW,228i Convertible,26.0,Subcompact Cars
2015,BMW,228i xDrive,27.0,Subcompact Cars
2015,BMW,228i xDrive Convertible,26.0,Subcompact Cars
2015,BMW,320i,27.5,Compact Cars
2015,BMW,320i xDrive,27.0,Compact Cars
2015,BMW,328d,36.0,Compact Cars
2015,BMW,328d xDrive,34.0,Compact Cars
2015,BMW,328d xDrive Sports Wagon,34.0,Small Station Wagons
2015,BMW,328i,26.5,Compact Cars
2015,BMW,328i xDrive,26.0,Compact Cars
2015,BMW,328i xDrive Gran Turismo,26.0,Large Cars
2015,BMW,328i xDrive Sports Wagon,26.0,Small Station Wagons
2015,BMW,335i,24.5,Compact Cars
2015,BMW,335i xDrive,23.0,Compact Cars
2015,BMW,335i xDrive Gran Turismo,23.0,Large Cars
2015,BMW,428i Convertible,26.0,Subcompact Cars
2015,BMW,428i Coupe,26.5,Compact Cars
2015,BMW,428i Gran Coupe,26.0,Compact Cars
2015,BMW,428i xDrive Convertible,25.0,Subcompact Cars
2015,BMW,428i xDrive Coupe,26.0,Compact Cars
2015,BMW,428i xDrive Gran Coupe,26.0,Compact Cars
2015,BMW,435i Convertible,24.0,Subcompact Cars
2015,BMW,435i Coupe,24.5,Compact Cars
2015,BMW,435i Gran Coupe,25.0,Compact Cars
2015,BMW,435i xDrive Convertible,23.0,Subcompact Cars
2015,BMW,435i xDrive Coupe,23.0,Compact Cars
2015,BMW,435i xDrive Gran Coupe,24.0,Compact Cars
2015,BMW,528i,26.0,Midsize Cars
2015,BMW,528i xDrive,26.0,Midsize Cars
2015,BMW,535d,30.0,Midsize Cars
2015,BMW,535d xDrive,30.0,Midsize Cars
2015,BMW,535i,24.0,Midsize Cars
2015,BMW,535i Gran Turismo,22.0,Large Cars
2015,BMW,535i xDrive,23.0,Midsize Cars
2015,BMW,535i xDrive Gran Turismo,21.0,Large Cars
2015,BMW,550i,20.0,Midsize Cars
2015,BMW,550i Gran Turismo,19.0,Large Cars
2015,BMW,550i xDrive,19.0,Midsize Cars
2015,BMW,550i xDrive Gran Turismo,19.0,Large Cars
2015,BMW,640i Convertible,24.0,Subcompact Cars
2015,BMW,640i Coupe,25.0,Subcompact Cars
2015,BMW,640i Gran Coupe,24.0,Compact Cars
2015,BMW,640i xDrive Convertible,23.0,Subcompact Cars
2015,BMW,640i xDrive Coupe,23.0,Subcompact Cars
2015,BMW,640i xDrive Gran Coupe,23.0,Compact Cars
2015,BMW,650i Convertible,20.0,Subcompact Cars
2015,BMW,650i Coupe,20.0,Subcompact Cars
2015,BMW,650i Gran Coupe,20.0,Compact Cars
2015,BMW,650i xDrive Convertible,19.0,Subcompact Cars
2015,BMW,650i xDrive Coupe,19.0,Subcompact Cars
2015,BMW,650i xDrive Gran Coupe,19.0,Compact Cars
2015,BMW,740Ld xDrive,26.0,Large Cars
2015,BMW,740Li,22.0,Large Cars
2015,BMW,740Li xDrive,22.0,Large Cars
2015,BMW,740i,22.0,Large Cars
2015,BMW,750Li,19.0,Large Cars
2015,BMW,750Li xDrive,19.0,Large Cars
2015,BMW,750i,20.0,Large Cars
2015,BMW,750i xDrive,19.0,Large Cars
2015,BMW,760Li,15.0,Large Cars
2015,BMW,ActiveHybrid 3,28.0,Compact Cars
2015,BMW,ActiveHybrid 5,26.0,Midsize Cars
2015,BMW,ActiveHybrid 7L,25.0,Large Cars
2015,BMW,Alpina B6 Gran Coupe xDrive,19.0,Compact Cars
2015,BMW,Alpina B7 LWB,19.0,Large Cars
2015,BMW,Alpina B7 LWB xDrive,19.0,Large Cars
2015,BMW,Alpina B7 SWB,19.0,Large Cars
2015,BMW,Alpina B7 SWB xDrive,19.0,Large Cars
2015,BMW,M235i,23.5,Subcompact Cars
2015,BMW,M235i Convertible,23.5,Subcompact Cars
2015,BMW,M235i xDrive,23.0,Subcompact Cars
2015,BMW,M3,19.5,Compact Cars
2015,BMW,M4 Convertible,19.5,Subcompact Cars
2015,BMW,M4 Coupe,19.5,Compact Cars
2015,BMW,M5,16.5,Midsize Cars
2015,BMW,M6 Convertible,16.5,Subcompact Cars
2015,BMW,M6 Coupe,16.5,Subcompact Cars
2015,BMW,M6 Gran Coupe,16.5,Compact Cars
2015,BMW,X1 sDrive28i,26.0,Large Cars
2015,BMW,X1 xDrive28i,26.0,Large Cars
2015,BMW,X1 xDrive35i,21.0,Large Cars
2015,BMW,X3 sDrive28i,24.0,Small Sport Utility Vehicle 2WD
2015,BMW,X3 xDrive28d,30.0,Small Sport Utility Vehicle 4WD
2015,BMW,X3 xDrive28i,24.0,Small Sport Utility Vehicle 4WD
2015,BMW,X3 xDrive35i,21.0,Small Sport Utility Vehicle 4WD
2015,BMW,X4 xDrive28i,23.0,Small Sport Utility Vehicle 4WD
2015,BMW,X4 xDrive35i,21.0,Small Sport Utility Vehicle 4WD
2015,BMW,X5 M,16.0,Standard Sport Utility Vehicle 4WD
2015,BMW,X5 sDrive35i,22.0,Standard Sport Utility Vehicle 2WD
2015,BMW,X5 xDrive35d,27.0,Standard Sport Utility Vehicle 4WD
2015,BMW,X5 xDrive35i,21.0,Standard Sport Utility Vehicle 4WD
2015,BMW,X5 xDrive50i,17.0,Standard Sport Utility Vehicle 4WD
2015,BMW,X6 M,16.0,Standard Sport Utility Vehicle 4WD
2015,BMW,X6 sDrive35i,22.0,Standard Sport Utility Vehicle 2WD
2015,BMW,X6 xDrive35i,21.0,Standard Sport Utility Vehicle 4WD
2015,BMW,X6 xDrive50i,17.0,Standard Sport Utility Vehicle 4WD
2015,BMW,Z4 sDrive28i,26.0,Two Seaters
2015,BMW,Z4 sDrive35i,19.0,Two Seaters
2015,BMW,Z4 sDrive35is,19.0,Two Seaters
2015,BMW,i3 BEV,124.0,Subcompact Cars
2015,BMW,i3 REX,39.0,Subcompact Cars
2015,BMW,i8,28.0,Subcompact Cars
2015,Bentley,Continental GT,16.5,Compact Cars
2015,Bentley,Continental GT Convertible,15.5,Subcompact Cars
2015,Bentley,Continental GT3-R,17.0,Two Seaters
2015,Bentley,Flying Spur,15.5,Midsize Cars
2015,Bentley,Mulsanne,13.0,Midsize Cars
2015,Bugatti,Veyron,10.0,Two Seaters
2015,Buick,Enclave AWD,18.0,Standard Sport Utility Vehicle 4WD
2015,Buick,Enclave FWD,19.0,Standard Sport Utility Vehicle 2WD
2015,Buick,Encore,28.0,Small Sport Utility Vehicle 2WD
2015,Buick,Encore AWD,26.0,Small Sport Utility Vehicle 4WD
2015,Buick,LaCrosse,21.0,Midsize Cars
2015,Buick,LaCrosse AWD,20.0,Midsize Cars
2015,Buick,LaCrosse eAssist,28.0,Midsize Cars
2015,Buick,Regal,24.0,Midsize Cars
2015,Buick,Regal AWD,22.0,Midsize Cars
2015,Buick,Regal eAssist,28.0,Midsize Cars
2015,Buick,Verano,24.0,Compact Cars
2015,Cadillac,ATS,23.5,Compact Cars
2015,Cadillac,ATS AWD,22.0,Compact Cars
2015,Cadillac,CTS,15.0,Midsize Cars
2015,Cadillac,CTS Sedan,22.0,Midsize Cars
2015,Cadillac,CTS Sedan AWD,21.5,Midsize Cars
2015,Cadillac,ELR,33.0,Subcompact Cars
2015,Cadillac,Escalade 2WD,17.0,Standard Sport Utility Vehicle 2WD
2015,Cadillac,Escalade 4WD,16.5,Standard Sport Utility Vehicle 4WD
2015,Cadillac,Escalade ESV 2WD,17.0,Standard Sport Utility Vehicle 2WD
2015,Cadillac,Escalade ESV 4WD,16.5,Standard Sport Utility Vehicle 4WD
2015,Cadillac,SRX,19.0,Standard Sport Utility Vehicle 2WD
2015,Cadillac,SRX AWD,18.0,Standard Sport Utility Vehicle 4WD
2015,Cadillac,XTS,21.0,Large Cars
2015,Cadillac,XTS AWD,19.5,Large Cars
2015,Cadillac,XTS Hearse,17.0,Special Purpose Vehicle 2WD
2015,Cadillac,XTS Limo,17.0,Special Purpose Vehicle 2WD
2015,Chevrolet,Camaro,18.5,Compact Cars
2015,Chevrolet,Captiva FWD,23.0,Small Sport Utility Vehicle 2WD
2015,Chevrolet,City Express Cargo Van,25.0,Special Purpose Vehicle 2WD
2015,Chevrolet,Colorado 2WD,22.0,Small Pickup Trucks 2WD
2015,Chevrolet,Colorado 4WD,20.5,Small Pickup Trucks 4WD
2015,Chevrolet,Colorado Cab Chassis 2WD,16.0,Special Purpose Vehicle 2WD
2015,Chevrolet,Corvette,19.0,Two Seaters
2015,Chevrolet,Cruze,30.0,Midsize Cars
2015,Chevrolet,Cruze Eco,31.0,Midsize Cars
2015,Chevrolet,Equinox AWD,23.0,Small Sport Utility Vehicle 4WD
2015,Chevrolet,Equinox FWD,26.0,Small Sport Utility Vehicle 2WD
2015,Chevrolet,Express 2500 2WD Conversion Cargo,12.0,"Vans, Cargo Type"
2015,Chevrolet,Express 2500 2WD Passenger,13.0,"Vans, Passenger Type"
2015,Chevrolet,Express 3500 2WD Passenger,12.0,"Vans, Passenger Type"
2015,Chevrolet,Impala,22.0,Large Cars
2015,Chevrolet,Impala Bi-Fuel  (CNG),20.0,Midsize Cars
2015,Chevrolet,Impala Limited,22.0,Large Cars
2015,Chevrolet,Malibu,26.5,Midsize Cars
2015,Chevrolet,SS,17.0,Large Cars
2015,Chevrolet,Silverado C15 2WD,19.0,Standard Pickup Trucks 2WD
2015,Chevrolet,Silverado C15 Cab Chassis 2WD,17.0,Special Purpose Vehicle 2WD
2015,Chevrolet,Silverado K15 4WD,18.0,Standard Pickup Trucks 4WD
2015,Chevrolet,Silverado K15 Cab Chassis 4WD,17.0,Special Purpose Vehicle 4WD
2015,Chevrolet,Sonic,29.5,Compact Cars
2015,Chevrolet,Sonic 5,29.5,Midsize Cars
2015,Chevrolet,Sonic 5 RS,28.5,Midsize Cars
2015,Chevrolet,Sonic RS,28.5,Compact Cars
2015,Chevrolet,Spark,33.5,Subcompact Cars
2015,Chevrolet,Spark EV,119.0,Subcompact Cars
2015,Chevrolet,Suburban C1500 2WD,18.0,Standard Sport Utility Vehicle 2WD
2015,Chevrolet,Suburban K1500 4WD,18.0,Standard Sport Utility Vehicle 4WD
2015,Chevrolet,Tahoe C1500 2WD,18.0,Standard Sport Utility Vehicle 2WD
2015,Chevrolet,Tahoe K1500 4WD,18.0,Standard Sport Utility Vehicle 4WD
2015,Chevrolet,Traverse AWD,19.0,Standard Sport Utility Vehicle 4WD
2015,Chevrolet,Traverse FWD,19.0,Standard Sport Utility Vehicle 2WD
2015,Chevrolet,Trax,29.0,Small Sport Utility Vehicle 2WD
2015,Chevrolet,Trax AWD,27.0,Small Sport Utility Vehicle 4WD
2015,Chevrolet,Volt,37.0,Compact Cars
2015,Chrysler,200,25.0,Midsize Cars
2015,Chrysler,200 AWD,22.0,Midsize Cars
2015,Chrysler,300,23.0,Large Cars
2015,Chrysler,300 AWD,21.0,Large Cars
2015,Chrysler,Town and Country,20.0,Minivan - 2WD
2015,Dodge,Challenger,18.0,Midsize Cars
2015,Dodge,Challenger SRT8,16.5,Midsize Cars
2015,Dodge,Charger,23.0,Large Cars
2015,Dodge,Charger AWD,21.0,Large Cars
2015,Dodge,Charger SRT8,17.0,Large Cars
2015,Dodge,Dart,27.0,Midsize Cars
2015,Dodge,Dart Aero,32.0,Midsize Cars
2015,Dodge,Dart GT,25.5,Midsize Cars
2015,Dodge,Durango AWD,17.5,Standard Sport Utility Vehicle 4WD
2015,Dodge,Durango RWD,18.5,Standard Sport Utility Vehicle 2WD
2015,Dodge,Grand Caravan,20.0,Minivan - 2WD
2015,Dodge,Journey AWD,19.0,Small Sport Utility Vehicle 4WD
2015,Dodge,Journey FWD,20.0,Small Sport Utility Vehicle 2WD
2015,Dodge,Viper SRT,15.0,Two Seaters
2015,Ferrari,458 Italia,14.5,Two Seaters
2015,Ferrari,458 Speciale,14.5,Two Seaters
2015,Ferrari,458 Speciale Spider,14.5,Two Seaters
2015,Ferrari,458 Spider,14.5,Two Seaters
2015,Ferrari,California T,18.5,Minicompact Cars
2015,Ferrari,F12,13.0,Two Seaters
2015,Ferrari,FF,13.0,Midsize Cars
2015,Fiat,500,29.5,Minicompact Cars
2015,Fiat,500 Abarth,28.5,Minicompact Cars
2015,Fiat,500 L,27.0,Small Station Wagons
2015,Fiat,500e,116.0,Minicompact Cars
2015,Ford,C-MAX Energi Plug-in Hybrid,38.0,Midsize Cars
2015,Ford,C-MAX Hybrid FWD,39.0,Large Cars
2015,Ford,Edge AWD,20.0,Small Sport Utility Vehicle 4WD
2015,Ford,Edge FWD,22.5,Small Sport Utility Vehicle 2WD
2015,Ford,Escape AWD,24.0,Small Sport Utility Vehicle 4WD
2015,Ford,Escape FWD,25.0,Small Sport Utility Vehicle 2WD
2015,Ford,Expedition 2WD,18.0,Standard Sport Utility Vehicle 2WD
2015,Ford,Expedition 4WD,17.0,Standard Sport Utility Vehicle 4WD
2015,Ford,Expedition EL 2WD,17.0,Standard Sport Utility Vehicle 2WD
2015,Ford,Expedition EL 4WD,16.0,Standard Sport Utility Vehicle 4WD
2015,Ford,Explorer 2WD FFV,20.0,Standard Sport Utility Vehicle 2WD
2015,Ford,Explorer AWD,18.5,Standard Sport Utility Vehicle 4WD
2015,Ford,Explorer AWD FFV,19.0,Standard Sport Utility Vehicle 4WD
2015,Ford,Explorer FWD,21.5,Standard Sport Utility Vehicle 2WD
2015,Ford,F150 Pickup 2WD,21.0,Standard Pickup Trucks 2WD
2015,Ford,F150 Pickup 2WD FFV,19.0,Standard Pickup Trucks 2WD
2015,Ford,F150 Pickup 4WD,19.5,Standard Pickup Trucks 4WD
2015,Ford,F150 Pickup 4WD FFV,18.0,Standard Pickup Trucks 4WD
2015,Ford,Fiesta FWD,30.0,Subcompact Cars
2015,Ford,Fiesta SFE FWD,35.0,Subcompact Cars
2015,Ford,Fiesta ST FWD,29.0,Compact Cars
2015,Ford,Flex AWD,18.5,Standard Sport Utility Vehicle 4WD
2015,Ford,Flex FWD,20.0,Standard Sport Utility Vehicle 2WD
2015,Ford,Focus Electric,105.0,Compact Cars
2015,Ford,Focus FWD,30.0,Compact Cars
2015,Ford,Focus FWD FFV,30.0,Compact Cars
2015,Ford,Focus SFE FWD,34.0,Compact Cars
2015,Ford,Fusion AWD,25.0,Midsize Cars
2015,Ford,Fusion Energi Plug-in Hybrid,38.0,Midsize Cars
2015,Ford,Fusion FWD,27.0,Midsize Cars
2015,Ford,Fusion Hybrid FWD,41.0,Midsize Cars
2015,Ford,Mustang,21.5,Subcompact Cars
2015,Ford,Mustang Convertible,21.0,Subcompact Cars
2015,Ford,Taurus AWD,20.5,Large Cars
2015,Ford,Taurus AWD FFV,21.0,Large Cars
2015,Ford,Taurus FWD,24.5,Large Cars
2015,Ford,Taurus FWD FFV,23.0,Large Cars
2015,Ford,Transit Connect Van 2WD,24.5,Special Purpose Vehicle 2WD
2015,Ford,Transit Connect Wagon FWD,24.0,Special Purpose Vehicle 2WD
2015,Ford,Transit Connect Wagon LWB FWD,23.0,Special Purpose Vehicle 2WD
2015,Ford,Transit T150 Wagon,16.0,"Vans, Passenger Type"
2015,Ford,Transit T150 Wagon FFV,16.0,"Vans, Passenger Type"
2015,GMC,Acadia AWD,19.0,Standard Sport Utility Vehicle 4WD
2015,GMC,Acadia FWD,19.0,Standard Sport Utility Vehicle 2WD
2015,GMC,Canyon 2WD,22.0,Small Pickup Trucks 2WD
2015,GMC,Canyon 4WD,20.5,Small Pickup Trucks 4WD
2015,GMC,Canyon Cab Chassis 2WD,16.0,Special Purpose Vehicle 2WD
2015,GMC,Savana 2500 2WD (Passenger),13.0,"Vans, Passenger Type"
2015,GMC,Savana 2500 2WD Conversion (cargo),12.0,"Vans, Cargo Type"
2015,GMC,Savana 3500 2WD (Passenger),13.0,"Vans, Passenger Type"
2015,GMC,Sierra C15 2WD,19.0,Standard Pickup Trucks 2WD
2015,GMC,Sierra C15 Cab Chassis 2WD,17.0,Special Purpose Vehicle 2WD
2015,GMC,Sierra K15 4WD,18.0,Standard Pickup Trucks 4WD
2015,GMC,Sierra K15 Cab Chassis 4WD,17.0,Special Purpose Vehicle 4WD
2015,GMC,Terrain AWD,21.0,Small Sport Utility Vehicle 4WD
2015,GMC,Terrain FWD,26.0,Small Sport Utility Vehicle 2WD
2015,GMC,Yukon C1500 2WD,17.5,Standard Sport Utility Vehicle 2WD
2015,GMC,Yukon C1500 XL 2WD,17.5,Standard Sport Utility Vehicle 2WD
2015,GMC,Yukon K1500 4WD,17.5,Standard Sport Utility Vehicle 4WD
2015,GMC,Yukon K1500 XL 4WD,17.5,Standard Sport Utility Vehicle 4WD
2015,Honda,Accord,26.0,Midsize Cars
2015,Honda,Accord Hybrid,47.0,Midsize Cars
2015,Honda,CR-V 2WD,29.0,Small Sport Utility Vehicle 2WD
2015,Honda,CR-V 4WD,28.0,Small Sport Utility Vehicle 4WD
2015,Honda,CR-Z,34.5,Two Seaters
2015,Honda,Civic,31.5,Compact Cars
2015,Honda,Civic HF,34.0,Compact Cars
2015,Honda,Civic Hybrid,44.0,Compact Cars
2015,Honda,Civic Natural Gas,31.0,Compact Cars
2015,Honda,Crosstour 2WD,24.0,Small Sport Utility Vehicle 2WD
2015,Honda,Crosstour 4WD,22.0,Small Sport Utility Vehicle 4WD
2015,Honda,Fit,34.0,Small Station Wagons
2015,Honda,Odyssey,22.0,Minivan - 2WD
2015,Honda,Pilot 2WD,20.0,Small Sport Utility Vehicle 2WD
2015,Honda,Pilot 4WD,20.0,Small Sport Utility Vehicle 4WD
2015,Hyundai,Accent,30.5,Compact Cars
2015,Hyundai,Azera,23.0,Large Cars
2015,Hyundai,Azera Limited,22.0,Large Cars
2015,Hyundai,Elantra,29.0,Midsize Cars
2015,Hyundai,Elantra Coupe,27.5,Midsize Cars
2015,Hyundai,Elantra GT,27.0,Midsize Cars
2015,Hyundai,Elantra Limited,30.0,Midsize Cars
2015,Hyundai,Equus,18.0,Large Cars
2015,Hyundai,Genesis AWD,19.0,Large Cars
2015,Hyundai,Genesis Coupe,19.0,Subcompact Cars
2015,Hyundai,Genesis RWD,20.0,Large Cars
2015,Hyundai,Santa Fe AWD,20.0,Small Sport Utility Vehicle 4WD
2015,Hyundai,Santa Fe FWD,21.0,Small Sport Utility Vehicle 2WD
2015,Hyundai,Santa Fe Sport AWD,20.5,Small Sport Utility Vehicle 4WD
2015,Hyundai,Santa Fe Sport FWD,22.5,Small Sport Utility Vehicle 2WD
2015,Hyundai,Santa Fe Sport Ultimate FWD,22.0,Small Sport Utility Vehicle 2WD
2015,Hyundai,Santa Fe Ultimate AWD,19.0,Small Sport Utility Vehicle 4WD
2015,Hyundai,Santa Fe Ultimate FWD,20.0,Small Sport Utility Vehicle 2WD
2015,Hyundai,Sonata,28.0,Large Cars
2015,Hyundai,Sonata Hybrid,37.0,Midsize Cars
2015,Hyundai,Sonata Hybrid Limited,37.0,Midsize Cars
2015,Hyundai,Sonata Limited,24.0,Large Cars
2015,Hyundai,Sonata Sport Limited,27.0,Large Cars
2015,Hyundai,Tucson 2WD,24.0,Small Sport Utility Vehicle 2WD
2015,Hyundai,Tucson AWD,22.0,Small Sport Utility Vehicle 4WD
2015,Hyundai,Tucson Fuel Cell,50.0,Small Sport Utility Vehicle 2WD
2015,Hyundai,Veloster,28.0,Compact Cars
2015,Infiniti,Q40,22.0,Midsize Cars
2015,Infiniti,Q40 AWD,20.0,Midsize Cars
2015,Infiniti,Q50,23.0,Midsize Cars
2015,Infiniti,Q50 AWD,22.0,Midsize Cars
2015,Infiniti,Q50 Hybrid,31.0,Compact Cars
2015,Infiniti,Q50 Hybrid AWD,30.0,Compact Cars
2015,Infiniti,Q50S Hybrid,30.0,Compact Cars
2015,Infiniti,Q50S Hybrid AWD,28.0,Compact Cars
2015,Infiniti,Q50a,23.0,Midsize Cars
2015,Infiniti,Q50a AWD,22.0,Midsize Cars
2015,Infiniti,Q60,21.0,Subcompact Cars
2015,Infiniti,Q60 AWD,20.0,Subcompact Cars
2015,Infiniti,Q60 Convertible,19.5,Subcompact Cars
2015,Infiniti,Q70,20.0,Midsize Cars
2015,Infiniti,Q70 AWD,19.0,Midsize Cars
2015,Infiniti,Q70 Hybrid,31.0,Midsize Cars
2015,Infiniti,QX50,20.0,Small Station Wagons
2015,Infiniti,QX50 AWD,20.0,Small Station Wagons
2015,Infiniti,QX60 AWD,22.0,Small Sport Utility Vehicle 4WD
2015,Infiniti,QX60 FWD,23.0,Small Sport Utility Vehicle 2WD
2015,Infiniti,QX60 Hybrid AWD,26.0,Standard Sport Utility Vehicle 4WD
2015,Infiniti,QX60 Hybrid FWD,26.0,Standard Sport Utility Vehicle 2WD
2015,Infiniti,QX70 AWD,18.0,Small Sport Utility Vehicle 4WD
2015,Infiniti,QX70 RWD,19.0,Small Sport Utility Vehicle 2WD
2015,Infiniti,QX80 2WD,16.0,Standard Sport Utility Vehicle 2WD
2015,Infiniti,QX80 4WD,16.0,Standard Sport Utility Vehicle 4WD
2015,Infiniti,QX80 4WD (over 6000 lbs curb weight),15.0,Standard Sport Utility Vehicle 4WD
2015,Jaguar,F-Type Convertible,23.0,Two Seaters
2015,Jaguar,F-Type Coupe,23.0,Two Seaters
2015,Jaguar,F-Type R Coupe,18.0,Two Seaters
2015,Jaguar,F-Type S Convertible,22.0,Two Seaters
2015,Jaguar,F-Type S Coupe,22.0,Two Seaters
2015,Jaguar,F-Type V8 S Convertible,18.0,Two Seaters
2015,Jaguar,XF,21.0,Midsize Cars
2015,Jaguar,XF AWD,20.0,Midsize Cars
2015,Jaguar,XF FFV,18.0,Midsize Cars
2015,Jaguar,XJ,18.0,Large Cars
2015,Jaguar,XJ AWD,19.0,Large Cars
2015,Jaguar,XJ FFV,19.5,Large Cars
2015,Jaguar,XJL,18.0,Large Cars
2015,Jaguar,XJL AWD,19.0,Large Cars
2015,Jaguar,XJL FFV,19.0,Large Cars
2015,Jaguar,XK,18.5,Minicompact Cars
2015,Jaguar,XK Convertible,17.5,Minicompact Cars
2015,Jeep,Cherokee 4WD,23.0,Small Sport Utility Vehicle 4WD
2015,Jeep,Cherokee 4WD Active Drive II,22.0,Small Sport Utility Vehicle 4WD
2015,Jeep,Cherokee FWD,25.0,Small Sport Utility Vehicle 2WD
2015,Jeep,Cherokee Trailhawk 4WD,22.0,Small Sport Utility Vehicle 4WD
2015,Jeep,Compass 4WD,23.0,Small Sport Utility Vehicle 4WD
2015,Jeep,Compass FWD,24.5,Small Sport Utility Vehicle 2WD
2015,Jeep,Grand Cherokee 2WD,20.0,Standard Sport Utility Vehicle 2WD
2015,Jeep,Grand Cherokee 4WD,19.0,Standard Sport Utility Vehicle 4WD
2015,Jeep,Grand Cherokee SRT8 4WD,15.0,Standard Sport Utility Vehicle 4WD
2015,Jeep,Patriot 4WD,23.0,Small Sport Utility Vehicle 4WD
2015,Jeep,Patriot FWD,24.5,Small Sport Utility Vehicle 2WD
2015,Jeep,Renegade 2WD,25.5,Small Sport Utility Vehicle 2WD
2015,Jeep,Renegade 4WD,25.5,Small Sport Utility Vehicle 4WD
2015,Jeep,Wrangler 4WD,18.0,Small Sport Utility Vehicle 4WD
2015,Jeep,Wrangler Unlimited 4WD,18.0,Small Sport Utility Vehicle 4WD
2015,Kia,Cadenza,22.0,Large Cars
2015,Kia,Forte,29.0,Midsize Cars
2015,Kia,Forte 5,24.0,Large Cars
2015,Kia,Forte Koup,26.0,Compact Cars
2015,Kia,K900,19.5,Large Cars
2015,Kia,Optima,25.0,Midsize Cars
2015,Kia,Optima Hybrid,37.0,Midsize Cars
2015,Kia,Optima Hybrid EX,36.0,Midsize Cars
2015,Kia,Rio,30.0,Compact Cars
2015,Kia,Rio Eco,31.0,Compact Cars
2015,Kia,Sedona,20.0,Minivan - 2WD
2015,Kia,Sedona SX,21.0,Minivan - 2WD
2015,Kia,Sedona SXL,19.0,Minivan - 2WD
2015,Kia,Sorento AWD,20.5,Small Sport Utility Vehicle 4WD
2015,Kia,Sorento FWD,22.0,Small Sport Utility Vehicle 2WD
2015,Kia,Soul,26.0,Small Station Wagons
2015,Kia,Soul ECO dynamics,26.0,Small Station Wagons
2015,Kia,Soul Electric,105.0,Small Station Wagons
2015,Kia,Sportage AWD,21.5,Small Sport Utility Vehicle 4WD
2015,Kia,Sportage FWD,23.0,Small Sport Utility Vehicle 2WD
2015,Kia,Sportage SX AWD,21.0,Small Sport Utility Vehicle 4WD
2015,Kia,Sportage SX FWD,22.0,Small Sport Utility Vehicle 2WD
2015,Lamborghini,Aventador Coupe,13.0,Two Seaters
2015,Lamborghini,Aventador Roadster,12.0,Two Seaters
2015,Lamborghini,Huracan,16.0,Two Seaters
2015,Lamborghini,Veneno Roadster,13.0,Two Seaters
2015,Land Rover,Discovery Sport,22.0,Standard Sport Utility Vehicle 4WD
2015,Land Rover,LR2,20.0,Small Sport Utility Vehicle 4WD
2015,Land Rover,LR4,16.0,Standard Sport Utility Vehicle 4WD
2015,Land Rover,Range Rover,19.0,Standard Sport Utility Vehicle 4WD
2015,Land Rover,Range Rover Evoque,24.0,Small Sport Utility Vehicle 4WD
2015,Land Rover,Range Rover FFV,16.0,Standard Sport Utility Vehicle 4WD
2015,Land Rover,Range Rover L FFV,16.0,Standard Sport Utility Vehicle 4WD
2015,Land Rover,Range Rover LWB,19.0,Standard Sport Utility Vehicle 4WD
2015,Land Rover,Range Rover Sport,17.5,Standard Sport Utility Vehicle 4WD
2015,Land Rover,Range Rover Sport FFV,16.0,Standard Sport Utility Vehicle 4WD
2015,Lexus,CT 200h,42.0,Compact Cars
2015,Lexus,ES 300h,40.0,Midsize Cars
2015,Lexus,ES 350,24.0,Midsize Cars
2015,Lexus,GS 350,23.0,Midsize Cars
2015,Lexus,GS 350 AWD,21.0,Midsize Cars
2015,Lexus,GS 450h,31.0,Midsize Cars
2015,Lexus,GX 460,17.0,Standard Sport Utility Vehicle 4WD
2015,Lexus,IS 250,24.0,Compact Cars
2015,Lexus,IS 250 AWD,23.0,Compact Cars
2015,Lexus,IS 250 C,24.0,Subcompact Cars
2015,Lexus,IS 350,22.0,Compact Cars
2015,Lexus,IS 350 AWD,21.0,Compact Cars
2015,Lexus,IS 350 C,22.0,Subcompact Cars
2015,Lexus,LS 460,19.0,Midsize Cars
2015,Lexus,LS 460 AWD,18.0,Midsize Cars
2015,Lexus,LS 460 L,19.0,Midsize Cars
2015,Lexus,LS 460 L AWD,18.0,Midsize Cars
2015,Lexus,LS 600h L,20.0,Midsize Cars
2015,Lexus,LX 570,14.0,Standard Sport Utility Vehicle 4WD
2015,Lexus,NX 200t,25.0,Small Sport Utility Vehicle 2WD
2015,Lexus,NX 200t AWD,24.0,Small Sport Utility Vehicle 4WD
2015,Lexus,NX 200t AWD F Sport,24.0,Small Sport Utility Vehicle 4WD
2015,Lexus,NX 300h,32.0,Small Sport Utility Vehicle 2WD
2015,Lexus,NX 300h AWD,31.0,Small Sport Utility Vehicle 4WD
2015,Lexus,RC 350,22.0,Subcompact Cars
2015,Lexus,RC 350 AWD,21.0,Subcompact Cars
2015,Lexus,RC F,19.0,Subcompact Cars
2015,Lexus,RX 350,21.0,Small Sport Utility Vehicle 2WD
2015,Lexus,RX 350 AWD,20.5,Small Sport Utility Vehicle 4WD
2015,Lexus,RX 450h,29.0,Small Sport Utility Vehicle 2WD
2015,Lexus,RX 450h AWD,28.0,Small Sport Utility Vehicle 4WD
2015,Lincoln,MKC AWD,21.5,Small Sport Utility Vehicle 4WD
2015,Lincoln,MKC FWD,23.0,Small Sport Utility Vehicle 2WD
2015,Lincoln,MKS AWD,20.5,Large Cars
2015,Lincoln,MKS FWD,22.0,Large Cars
2015,Lincoln,MKT AWD,18.0,Standard Sport Utility Vehicle 4WD
2015,Lincoln,MKT FWD,20.0,Standard Sport Utility Vehicle 2WD
2015,Lincoln,MKT Livery AWD,19.0,Special Purpose Vehicle 4WD
2015,Lincoln,MKT Livery FWD,23.0,Special Purpose Vehicle 2WD
2015,Lincoln,MKX AWD,19.0,Small Sport Utility Vehicle 4WD
2015,Lincoln,MKX FWD,20.0,Small Sport Utility Vehicle 2WD
2015,Lincoln,MKZ AWD,23.0,Midsize Cars
2015,Lincoln,MKZ FWD,23.5,Midsize Cars
2015,Lincoln,MKZ Hybrid FWD,40.0,Midsize Cars
2015,Lincoln,Navigator 2WD,18.0,Standard Sport Utility Vehicle 2WD
2015,Lincoln,Navigator 4WD,17.0,Standard Sport Utility Vehicle 4WD
2015,Lincoln,Navigator L 2WD,17.0,Standard Sport Utility Vehicle 2WD
2015,Lincoln,Navigator L 4WD,16.0,Standard Sport Utility Vehicle 4WD
2015,MINI,Cooper (3-doors),31.5,Subcompact Cars
2015,MINI,Cooper (5-doors),31.5,Subcompact Cars
2015,MINI,Cooper Convertible,29.0,Minicompact Cars
2015,MINI,Cooper Countryman,28.0,Compact Cars
2015,MINI,Cooper Coupe,31.0,Two Seaters
2015,MINI,Cooper Paceman,28.0,Compact Cars
2015,MINI,Cooper Roadster,29.0,Two Seaters
2015,MINI,Cooper S (3-doors),27.5,Subcompact Cars
2015,MINI,Cooper S (5-doors),27.5,Subcompact Cars
2015,MINI,Cooper S Convertible,28.5,Minicompact Cars
2015,MINI,Cooper S Countryman,28.0,Compact Cars
2015,MINI,Cooper S Countryman All4,26.5,Compact Cars
2015,MINI,Cooper S Coupe,28.5,Two Seaters
2015,MINI,Cooper S Paceman,28.0,Compact Cars
2015,MINI,Cooper S Paceman All4,26.5,Compact Cars
2015,MINI,Cooper S Roadster,28.5,Two Seaters
2015,MINI,JCW Countryman All4,26.5,Compact Cars
2015,MINI,JCW Paceman All4,26.5,Compact Cars
2015,MINI,John Cooper Works Convertible,28.5,Minicompact Cars
2015,MINI,John Cooper Works Coupe,28.5,Two Seaters
2015,MINI,John Cooper Works Hardtop,26.0,Subcompact Cars
2015,MINI,John Cooper Works Roadster,28.5,Two Seaters
2015,Maserati,Ghibli V6,19.0,Midsize Cars
2015,Maserati,Ghibli V6 SQ4,18.0,Midsize Cars
2015,Maserati,GranTurismo,16.0,Subcompact Cars
2015,Maserati,GranTurismo Convertible,15.0,Subcompact Cars
2015,Maserati,Quattroporte GTS,16.0,Large Cars
2015,Maserati,Quattroporte SQ4 V6,18.0,Large Cars
2015,Mazda,3 4-Door,32.0,Compact Cars
2015,Mazda,3 5-Door,32.0,Midsize Cars
2015,Mazda,5,24.0,Minivan - 2WD
2015,Mazda,6,30.0,Midsize Cars
2015,Mazda,CX-5 2WD,28.0,Small Sport Utility Vehicle 2WD
2015,Mazda,CX-5 4WD,26.5,Small Sport Utility Vehicle 4WD
2015,Mazda,CX-9 2WD,19.0,Small Sport Utility Vehicle 2WD
2015,Mazda,CX-9 4WD,19.0,Small Sport Utility Vehicle 4WD
2015,Mazda,MX-5,24.0,Two Seaters
2015,McLaren Automotive,650S Coupe,18.0,Two Seaters
2015,McLaren Automotive,650S Spider,18.0,Two Seaters
2015,McLaren Automotive,P1,17.0,Two Seaters
2015,Mercedes-Benz,AMG C63,20.0,Compact Cars
2015,Mercedes-Benz,AMG C63 S,20.0,Compact Cars
2015,Mercedes-Benz,B-Class Electric Drive,84.0,Midsize Cars
2015,Mercedes-Benz,C250 Coupe,25.0,Subcompact Cars
2015,Mercedes-Benz,C300,28.0,Compact Cars
2015,Mercedes-Benz,C300 4matic,27.0,Compact Cars
2015,Mercedes-Benz,C350 4matic Coupe,22.0,Subcompact Cars
2015,Mercedes-Benz,C350 Coupe,23.0,Subcompact Cars
2015,Mercedes-Benz,C400 4matic,24.0,Compact Cars
2015,Mercedes-Benz,C63 AMG Coupe,15.0,Subcompact Cars
2015,Mercedes-Benz,CLA250,30.0,Compact Cars
2015,Mercedes-Benz,CLA250 4matic,27.0,Compact Cars
2015,Mercedes-Benz,CLA45 AMG 4matic,26.0,Compact Cars
2015,Mercedes-Benz,CLS400,24.0,Compact Cars
2015,Mercedes-Benz,CLS400 4matic,22.0,Compact Cars
2015,Mercedes-Benz,CLS550,20.0,Compact Cars
2015,Mercedes-Benz,CLS550 4matic,19.0,Compact Cars
2015,Mercedes-Benz,CLS63 AMG S 4matic,18.0,Compact Cars
2015,Mercedes-Benz,E350,23.0,Midsize Cars
2015,Mercedes-Benz,E350 4matic,23.0,Midsize Cars
2015,Mercedes-Benz,E350 4matic (wagon),22.0,Midsize Station Wagons
2015,Mercedes-Benz,E350 Convertible,23.0,Subcompact Cars
2015,Mercedes-Benz,E350 Coupe,22.0,Subcompact Cars
2015,Mercedes-Benz,E400,23.0,Midsize Cars
2015,Mercedes-Benz,E400 4matic,22.0,Midsize Cars
2015,Mercedes-Benz,E400 4matic (station wagon),22.0,Midsize Station Wagons
2015,Mercedes-Benz,E400 4matic Coupe,23.0,Subcompact Cars
2015,Mercedes-Benz,E400 Convertible,23.0,Subcompact Cars
2015,Mercedes-Benz,E400 Coupe,23.0,Subcompact Cars
2015,Mercedes-Benz,E400 Hybrid,25.0,Midsize Cars
2015,Mercedes-Benz,E550 Convertible,20.0,Subcompact Cars
2015,Mercedes-Benz,E550 Coupe,21.0,Subcompact Cars
2015,Mercedes-Benz,E63 AMG 4matic,19.0,Midsize Cars
2015,Mercedes-Benz,E63 AMG S 4matic,18.0,Midsize Cars
2015,Mercedes-Benz,E63 AMG S 4matic (wagon),18.0,Midsize Station Wagons
2015,Mercedes-Benz,G550,13.0,Standard Sport Utility Vehicle 4WD
2015,Mercedes-Benz,G63 AMG,13.0,Standard Sport Utility Vehicle 4WD
2015,Mercedes-Benz,GL450 4matic,19.0,Standard Sport Utility Vehicle 4WD
2015,Mercedes-Benz,GL550 4matic,15.0,Standard Sport Utility Vehicle 4WD
2015,Mercedes-Benz,GL63 AMG,14.0,Standard Sport Utility Vehicle 4WD
2015,Mercedes-Benz,GLA250,28.0,Small Sport Utility Vehicle 2WD
2015,Mercedes-Benz,GLA250 4matic,27.0,Small Sport Utility Vehicle 4WD
2015,Mercedes-Benz,GLA45 AMG 4matic,25.0,Midsize Station Wagons
2015,Mercedes-Benz,GLK250 Bluetec 4matic,27.0,Small Sport Utility Vehicle 4WD
2015,Mercedes-Benz,GLK350,21.5,Small Sport Utility Vehicle 2WD
2015,Mercedes-Benz,GLK350 4matic,20.5,Small Sport Utility Vehicle 4WD
2015,Mercedes-Benz,ML250 Bluetec 4matic,25.0,Standard Sport Utility Vehicle 4WD
2015,Mercedes-Benz,ML350,20.0,Standard Sport Utility Vehicle 2WD
2015,Mercedes-Benz,ML350 4matic,19.0,Standard Sport Utility Vehicle 4WD
2015,Mercedes-Benz,ML400 4matic,20.0,Standard Sport Utility Vehicle 4WD
2015,Mercedes-Benz,ML63 AMG,15.0,Standard Sport Utility Vehicle 4WD
2015,Mercedes-Benz,S550,20.0,Large Cars
2015,Mercedes-Benz,S550 4matic,19.0,Large Cars
2015,Mercedes-Benz,S550 4matic Coupe,19.0,Compact Cars
2015,Mercedes-Benz,S550e,26.0,Large Cars
2015,Mercedes-Benz,S600,16.0,Large Cars
2015,Mercedes-Benz,S63 AMG 4matic,18.0,Large Cars
2015,Mercedes-Benz,S63 AMG 4matic Coupe,18.0,Compact Cars
2015,Mercedes-Benz,S65 AMG,15.0,Large Cars
2015,Mercedes-Benz,S65 AMG Coupe,15.0,Compact Cars
2015,Mercedes-Benz,SL400,23.0,Two Seaters
2015,Mercedes-Benz,SL550,20.0,Two Seaters
2015,Mercedes-Benz,SL63 AMG,19.0,Two Seaters
2015,Mercedes-Benz,SL65 AMG,17.0,Two Seaters
2015,Mercedes-Benz,SLK250,26.0,Two Seaters
2015,Mercedes-Benz,SLK350,24.0,Two Seaters
2015,Mercedes-Benz,SLK55 AMG,22.0,Two Seaters
2015,Mercedes-Benz,SLS AMG GT Coupe,15.0,Two Seaters
2015,Mercedes-Benz,SLS AMG GT Roadster,15.0,Two Seaters
2015,Mitsubishi,Lancer,27.0,Compact Cars
2015,Mitsubishi,Lancer AWD,22.5,Compact Cars
2015,Mitsubishi,Lancer Evolution,19.0,Compact Cars
2015,Mitsubishi,Mirage,37.5,Compact Cars
2015,Mitsubishi,Outlander 2WD,27.0,Small Sport Utility Vehicle 2WD
2015,Mitsubishi,Outlander 4WD,24.5,Small Sport Utility Vehicle 4WD
2015,Mitsubishi,Outlander Sport 2WD,26.0,Small Sport Utility Vehicle 2WD
2015,Mitsubishi,Outlander Sport 4WD,25.5,Small Sport Utility Vehicle 4WD
2015,Mobility Ventures LLC,MV-1,16.0,Special Purpose Vehicle 2WD
2015,Nissan,370Z,21.0,Two Seaters
2015,Nissan,370Z Roadster,20.5,Two Seaters
2015,Nissan,Altima,28.5,Midsize Cars
2015,Nissan,Armada 2WD,15.0,Standard Sport Utility Vehicle 2WD
2015,Nissan,Armada 4WD,14.0,Standard Sport Utility Vehicle 4WD
2015,Nissan,Frontier 2WD,19.0,Small Pickup Trucks 2WD
2015,Nissan,Frontier 4WD,17.5,Small Pickup Trucks 4WD
2015,Nissan,GT-R,19.0,Subcompact Cars
2015,Nissan,Juke,29.5,Small Station Wagons
2015,Nissan,Juke AWD,28.0,Small Station Wagons
2015,Nissan,Juke Nismo RS,27.0,Small Station Wagons
2015,Nissan,Juke Nismo RS AWD,26.0,Small Station Wagons
2015,Nissan,Leaf,114.0,Midsize Cars
2015,Nissan,Murano AWD,24.0,Midsize Station Wagons
2015,Nissan,Murano FWD,24.0,Midsize Station Wagons
2015,Nissan,NV200 Cargo Van,25.0,Special Purpose Vehicle 2WD
2015,Nissan,NV200 NYC Taxi,24.0,Special Purpose Vehicle 2WD
2015,Nissan,Pathfinder 2WD,23.0,Small Sport Utility Vehicle 2WD
2015,Nissan,Pathfinder 4WD,22.0,Small Sport Utility Vehicle 4WD
2015,Nissan,Pathfinder 4WD Platinum,21.0,Small Sport Utility Vehicle 4WD
2015,Nissan,Pathfinder Hybrid 2WD,26.0,Standard Sport Utility Vehicle 2WD
2015,Nissan,Pathfinder Hybrid 4WD,26.0,Standard Sport Utility Vehicle 4WD
2015,Nissan,Quest,22.0,Minivan - 2WD
2015,Nissan,Rogue AWD,27.0,Small Sport Utility Vehicle 4WD
2015,Nissan,Rogue FWD,28.0,Small Sport Utility Vehicle 2WD
2015,Nissan,Rogue Select AWD,24.0,Small Sport Utility Vehicle 4WD
2015,Nissan,Rogue Select FWD,25.0,Small Sport Utility Vehicle 2WD
2015,Nissan,Sentra,31.0,Midsize Cars
2015,Nissan,Sentra FE,33.0,Midsize Cars
2015,Nissan,Titan 2WD,15.0,Standard Pickup Trucks 2WD
2015,Nissan,Titan 4WD,14.0,Standard Pickup Trucks 4WD
2015,Nissan,Versa,30.0,Compact Cars
2015,Nissan,Xterra 2WD,18.0,Small Sport Utility Vehicle 2WD
2015,Nissan,Xterra 4WD,17.0,Small Sport Utility Vehicle 4WD
2015,Porsche,911 Carrera,22.5,Minicompact Cars
2015,Porsche,911 Carrera 4,22.5,Minicompact Cars
2015,Porsche,911 Carrera 4 Cabriolet,21.5,Minicompact Cars
2015,Porsche,911 Carrera 4 GTS,21.0,Minicompact Cars
2015,Porsche,911 Carrera 4 GTS Cabriolet,20.5,Minicompact Cars
2015,Porsche,911 Carrera 4S,21.5,Minicompact Cars
2015,Porsche,911 Carrera 4S Cabriolet,21.0,Minicompact Cars
2015,Porsche,911 Carrera Cabriolet,22.5,Minicompact Cars
2015,Porsche,911 Carrera GTS,21.0,Minicompact Cars
2015,Porsche,911 Carrera GTS Cabriolet,20.5,Minicompact Cars
2015,Porsche,911 Carrera S,22.0,Minicompact Cars
2015,Porsche,911 Carrera S Cabriolet,22.0,Minicompact Cars
2015,Porsche,911 GT3,17.0,Two Seaters
2015,Porsche,911 Targa 4,21.5,Minicompact Cars
2015,Porsche,911 Targa 4S,21.0,Minicompact Cars
2015,Porsche,911 Turbo,20.0,Minicompact Cars
2015,Porsche,911 Turbo S,20.0,Minicompact Cars
2015,Porsche,918 Spyder,22.0,Two Seaters
2015,Porsche,Boxster,24.5,Two Seaters
2015,Porsche,Boxster GTS,23.5,Two Seaters
2015,Porsche,Boxster S,23.0,Two Seaters
2015,Porsche,Cayenne Diesel,23.0,Standard Sport Utility Vehicle 4WD
2015,Porsche,Cayenne S,19.0,Standard Sport Utility Vehicle 4WD
2015,Porsche,Cayenne S e-Hybrid,22.0,Standard Sport Utility Vehicle 4WD
2015,Porsche,Cayenne Turbo,17.0,Standard Sport Utility Vehicle 4WD
2015,Porsche,Cayman,24.5,Two Seaters
2015,Porsche,Cayman GTS,23.5,Two Seaters
2015,Porsche,Cayman S,23.0,Two Seaters
2015,Porsche,Macan S,19.0,Small Sport Utility Vehicle 4WD
2015,Porsche,Macan Turbo,19.0,Small Sport Utility Vehicle 4WD
2015,Porsche,Panamera,22.0,Large Cars
2015,Porsche,Panamera 4,21.0,Large Cars
2015,Porsche,Panamera 4S,21.0,Large Cars
2015,Porsche,Panamera 4S Executive,20.0,Large Cars
2015,Porsche,Panamera GTS,19.0,Large Cars
2015,Porsche,Panamera S,21.0,Large Cars
2015,Porsche,Panamera S E-Hybrid,25.0,Large Cars
2015,Porsche,Panamera Turbo,18.0,Large Cars
2015,Porsche,Panamera Turbo Executive,18.0,Large Cars
2015,Porsche,Panamera Turbo S,18.0,Large Cars
2015,Porsche,Panamera Turbo S Executive,18.0,Large Cars
2015,Ram,1500 2WD,20.0,Standard Pickup Trucks 2WD
2015,Ram,1500 4WD,19.0,Standard Pickup Trucks 4WD
2015,Ram,1500 HFE 2WD,22.5,Standard Pickup Trucks 2WD
2015,Ram,C/V Tradesman,21.0,Minivan - 2WD
2015,Ram,Promaster City,24.0,Special Purpose Vehicle 2WD
2015,Rolls-Royce,Ghost,15.0,Large Cars
2015,Rolls-Royce,Ghost EWB,15.0,Large Cars
2015,Rolls-Royce,Phantom,14.0,Large Cars
2015,Rolls-Royce,Phantom Coupe,14.0,Compact Cars
2015,Rolls-Royce,Phantom Drophead Coupe,14.0,Compact Cars
2015,Rolls-Royce,Phantom EWB,14.0,Large Cars
2015,Rolls-Royce,Wraith,15.0,Midsize Cars
2015,Roush Performance,Stage 3 Mustang,16.0,Midsize Cars
2015,Scion,FR-S,26.0,Minicompact Cars
2015,Scion,iQ,37.0,Minicompact Cars
2015,Scion,tC,26.0,Compact Cars
2015,Scion,xB,24.0,Small Station Wagons
2015,Subaru,BRZ,26.0,Minicompact Cars
2015,Subaru,Forester AWD,25.0,Small Sport Utility Vehicle 4WD
2015,Subaru,Impreza AWD,29.5,Compact Cars
2015,Subaru,Impreza Sport AWD,28.5,Small Station Wagons
2015,Subaru,Impreza Wagon AWD,29.5,Small Station Wagons
2015,Subaru,Legacy AWD,26.0,Midsize Cars
2015,Subaru,Outback AWD,25.0,Small Sport Utility Vehicle 4WD
2015,Subaru,WRX,21.0,Compact Cars
2015,Subaru,XV Crosstrek AWD,27.5,Small Sport Utility Vehicle 4WD
2015,Subaru,XV Crosstrek Hybrid AWD,31.0,Small Sport Utility Vehicle 4WD
2015,Tesla,Model S (60 kW-hr battery pack),95.0,Large Cars
2015,Tesla,Model S (85 kW-hr battery pack),89.0,Large Cars
2015,Tesla,Model S (90 kW-hr battery pack),89.0,Large Cars
2015,Tesla,Model S AWD - 70D,101.0,Large Cars
2015,Tesla,Model S AWD - 85D,100.0,Large Cars
2015,Tesla,Model S AWD - 90D,100.0,Large Cars
2015,Tesla,Model S AWD - P85D,93.0,Large Cars
2015,Tesla,Model S AWD - P90D,93.0,Large Cars
2015,Toyota,4Runner 2WD,19.0,Standard Sport Utility Vehicle 2WD
2015,Toyota,4Runner 4WD,18.0,Standard Sport Utility Vehicle 4WD
2015,Toyota,Avalon,24.0,Midsize Cars
2015,Toyota,Avalon Hybrid,40.0,Midsize Cars
2015,Toyota,Camry,26.5,Midsize Cars
2015,Toyota,Camry Hybrid LE,40.0,Midsize Cars
2015,Toyota,Camry Hybrid XLE/SE,39.0,Midsize Cars
2015,Toyota,Corolla,31.0,Midsize Cars
2015,Toyota,Corolla LE Eco,33.5,Midsize Cars
2015,Toyota,Highlander 2WD,21.5,Small Sport Utility Vehicle 2WD
2015,Toyota,Highlander AWD,20.0,Standard Sport Utility Vehicle 4WD
2015,Toyota,Highlander Hybrid AWD,28.0,Standard Sport Utility Vehicle 4WD
2015,Toyota,Highlander Hybrid AWD LE Plus,28.0,Standard Sport Utility Vehicle 4WD
2015,Toyota,Land Cruiser Wagon 4WD,15.0,Standard Sport Utility Vehicle 4WD
2015,Toyota,Prius,48.0,Midsize Cars
2015,Toyota,Prius Plug-in Hybrid,50.0,Midsize Cars
2015,Toyota,Prius c,50.0,Compact Cars
2015,Toyota,Prius v,41.0,Midsize Station Wagons
2015,Toyota,RAV4,26.0,Small Sport Utility Vehicle 2WD
2015,Toyota,RAV4 AWD,25.0,Small Sport Utility Vehicle 4WD
2015,Toyota,RAV4 LE/XLE,26.0,Small Sport Utility Vehicle 2WD
2015,Toyota,RAV4 Limited AWD,24.0,Small Sport Utility Vehicle 4WD
2015,Toyota,Sequoia 2WD,15.0,Standard Sport Utility Vehicle 2WD
2015,Toyota,Sequoia 4WD,14.0,Standard Sport Utility Vehicle 4WD
2015,Toyota,Sequoia 4WD FFV,15.0,Standard Sport Utility Vehicle 4WD
2015,Toyota,Sienna 2WD,21.0,Minivan - 2WD
2015,Toyota,Sienna AWD,19.0,Minivan - 4WD
2015,Toyota,Tacoma 2WD,20.0,Small Pickup Trucks 2WD
2015,Toyota,Tacoma 4WD,18.5,Small Pickup Trucks 4WD
2015,Toyota,Tundra 2WD,16.0,Standard Pickup Trucks 2WD
2015,Toyota,Tundra 4WD,15.5,Standard Pickup Trucks 4WD
2015,Toyota,Tundra 4WD FFV,15.0,Standard Pickup Trucks 4WD
2015,Toyota,Venza,22.0,Small Sport Utility Vehicle 2WD
2015,Toyota,Venza 4WD,21.5,Small Sport Utility Vehicle 4WD
2015,Toyota,Yaris,32.5,Compact Cars
2015,Volkswagen,Beetle,27.0,Compact Cars
2015,Volkswagen,Beetle Convertible,27.0,Subcompact Cars
2015,Volkswagen,CC,25.0,Compact Cars
2015,Volkswagen,CC 4motion,20.0,Compact Cars
2015,Volkswagen,Eos,25.0,Subcompact Cars
2015,Volkswagen,GTI,28.0,Compact Cars
2015,Volkswagen,Golf,32.0,Compact Cars
2015,Volkswagen,Golf R,26.0,Compact Cars
2015,Volkswagen,Golf SportWagen,32.0,Small Station Wagons
2015,Volkswagen,Jetta,28.5,Compact Cars
2015,Volkswagen,Jetta Hybrid,44.0,Compact Cars
2015,Volkswagen,Passat,28.0,Midsize Cars
2015,Volkswagen,Tiguan,23.0,Small Sport Utility Vehicle 2WD
2015,Volkswagen,Tiguan 4motion,22.0,Small Sport Utility Vehicle 4WD
2015,Volkswagen,Touareg,21.0,Standard Sport Utility Vehicle 4WD
2015,Volkswagen,Touareg Hybrid,21.0,Standard Sport Utility Vehicle 4WD
2015,Volkswagen,e-Golf,116.0,Compact Cars
2015,Volvo,S60 AWD,22.5,Compact Cars
2015,Volvo,S60 FWD,28.0,Compact Cars
2015,Volvo,S60 PoleStar AWD,21.0,Compact Cars
2015,Volvo,S80 AWD,22.0,Midsize Cars
2015,Volvo,S80 FWD,29.0,Midsize Cars
2015,Volvo,V60 AWD,22.5,Small Station Wagons
2015,Volvo,V60 CC AWD,23.0,Small Sport Utility Vehicle 4WD
2015,Volvo,V60 CC FWD,27.0,Small Sport Utility Vehicle 2WD
2015,Volvo,V60 FWD,29.0,Small Station Wagons
2015,Volvo,V60 PoleStar AWD,21.0,Small Station Wagons
2015,Volvo,XC60 AWD,20.0,Small Sport Utility Vehicle 4WD
2015,Volvo,XC60 FWD,26.0,Small Sport Utility Vehicle 2WD
2015,Volvo,XC70 AWD,20.5,Small Sport Utility Vehicle 4WD
2015,Volvo,XC70 FWD,27.0,Small Sport Utility Vehicle 2WD
2015,smart,fortwo cabriolet,36.0,Two Seaters
2015,smart,fortwo coupe,36.0,Two Seaters
2015,smart,fortwo electric drive convertible,107.0,Two Seaters
2015,smart,fortwo electric drive coupe,107.0,Two Seaters
2016,Acura,ILX,29.0,Compact Cars
2016,Acura,MDX 2WD,22.5,Small Sport Utility Vehicle 2WD
2016,Acura,MDX 4WD,21.5,Small Sport Utility Vehicle 4WD
2016,Acura,RDX 2WD,23.0,Small Sport Utility Vehicle 2WD
2016,Acura,RDX 4WD,22.0,Small Sport Utility Vehicle 4WD
2016,Acura,RLX,23.0,Midsize Cars
2016,Acura,RLX Hybrid,30.0,Midsize Cars
2016,Acura,TLX 2WD,26.5,Compact Cars
2016,Acura,TLX 4WD,25.0,Compact Cars
2016,Alfa Romeo,4C,28.0,Two Seaters
2016,Aston Martin,DB9,15.0,Minicompact Cars
2016,Aston Martin,Rapide S,17.0,Subcompact Cars
2016,Aston Martin,V12 Vantage S,14.0,Two Seaters
2016,Aston Martin,V8 Vantage,15.5,Two Seaters
2016,Aston Martin,V8 Vantage S,15.5,Two Seaters
2016,Aston Martin,Vanquish,16.0,Minicompact Cars
2016,Aston Martin,Vantage GT,15.5,Two Seaters
2016,Audi,A3,27.0,Subcompact Cars
2016,Audi,A3 Cabriolet,28.0,Subcompact Cars
2016,Audi,A3 Cabriolet quattro,26.0,Subcompact Cars
2016,Audi,A3 e-tron,35.0,Compact Cars
2016,Audi,A3 e-tron ultra,39.0,Compact Cars
2016,Audi,A3 quattro,27.0,Subcompact Cars
2016,Audi,A4,27.0,Compact Cars
2016,Audi,A4 quattro,25.0,Compact Cars
2016,Audi,A5 Cabriolet quattro,24.0,Subcompact Cars
2016,Audi,A5 quattro,25.0,Subcompact Cars
2016,Audi,A6,28.0,Midsize Cars
2016,Audi,A6 quattro,25.0,Midsize Cars
2016,Audi,A7 quattro,27.0,Midsize Cars
2016,Audi,A8 L,22.0,Large Cars
2016,Audi,Q3,23.0,Compact Cars
2016,Audi,Q3 quattro,23.0,Compact Cars
2016,Audi,Q5,22.0,Small Sport Utility Vehicle 4WD
2016,Audi,Q5 Hybrid,26.0,Small Sport Utility Vehicle 4WD
2016,Audi,RS 7,18.0,Midsize Cars
2016,Audi,S3,26.0,Subcompact Cars
2016,Audi,S4,20.5,Compact Cars
2016,Audi,S5,20.5,Subcompact Cars
2016,Audi,S5 Cabriolet,21.0,Subcompact Cars
2016,Audi,S6,21.0,Midsize Cars
2016,Audi,S7,21.0,Midsize Cars
2016,Audi,S8,18.0,Midsize Cars
2016,Audi,SQ5,19.0,Small Sport Utility Vehicle 4WD
2016,Audi,TT Coupe quattro,26.0,Subcompact Cars
2016,Audi,TT Roadster quattro,26.0,Two Seaters
2016,Audi,TTS Coupe,25.0,Subcompact Cars
2016,Audi,allroad quattro,24.0,Small Station Wagons
2016,BMW,228i,26.5,Subcompact Cars
2016,BMW,228i Convertible,27.0,Subcompact Cars
2016,BMW,228i xDrive,27.0,Subcompact Cars
2016,BMW,228i xDrive Convertible,26.0,Subcompact Cars
2016,BMW,320i,27.5,Compact Cars
2016,BMW,320i xDrive,27.0,Compact Cars
2016,BMW,328d,35.0,Compact Cars
2016,BMW,328d xDrive,34.0,Compact Cars
2016,BMW,328d xDrive Sports Wagon,34.0,Small Station Wagons
2016,BMW,328i,26.5,Compact Cars
2016,BMW,328i xDrive,26.0,Compact Cars
2016,BMW,328i xDrive Gran Turismo,26.0,Large Cars
2016,BMW,328i xDrive Sports Wagon,26.0,Small Station Wagons
2016,BMW,330e,31.0,Compact Cars
2016,BMW,335i xDrive Gran Turismo,23.0,Large Cars
2016,BMW,340i,24.0,Compact Cars
2016,BMW,340i xDrive,24.0,Compact Cars
2016,BMW,428i Convertible,27.0,Subcompact Cars
2016,BMW,428i Coupe,26.5,Compact Cars
2016,BMW,428i Gran Coupe,27.0,Compact Cars
2016,BMW,428i xDrive Convertible,25.0,Subcompact Cars
2016,BMW,428i xDrive Coupe,26.0,Compact Cars
2016,BMW,428i xDrive Gran Coupe,26.0,Compact Cars
2016,BMW,435i Convertible,23.0,Subcompact Cars
2016,BMW,435i Coupe,23.5,Compact Cars
2016,BMW,435i Gran Coupe,24.0,Compact Cars
2016,BMW,435i xDrive Convertible,23.0,Subcompact Cars
2016,BMW,435i xDrive Coupe,22.5,Compact Cars
2016,BMW,435i xDrive Gran Coupe,23.0,Compact Cars
2016,BMW,528i,27.0,Midsize Cars
2016,BMW,528i xDrive,26.0,Midsize Cars
2016,BMW,535d,30.0,Midsize Cars
2016,BMW,535d xDrive,30.0,Midsize Cars
2016,BMW,535i,23.0,Midsize Cars
2016,BMW,535i Gran Turismo,22.0,Large Cars
2016,BMW,535i xDrive,23.0,Midsize Cars
2016,BMW,535i xDrive Gran Turismo,21.0,Large Cars
2016,BMW,550i,20.0,Midsize Cars
2016,BMW,550i xDrive,19.0,Midsize Cars
2016,BMW,640i Convertible,23.0,Subcompact Cars
2016,BMW,640i Coupe,24.0,Subcompact Cars
2016,BMW,640i Gran Coupe,23.0,Compact Cars
2016,BMW,640i xDrive Convertible,23.0,Subcompact Cars
2016,BMW,640i xDrive Coupe,23.0,Subcompact Cars
2016,BMW,640i xDrive Gran Coupe,23.0,Compact Cars
2016,BMW,650i Convertible,20.0,Subcompact Cars
2016,BMW,650i Coupe,20.0,Subcompact Cars
2016,BMW,650i Gran Coupe,20.0,Compact Cars
2016,BMW,650i xDrive Convertible,18.0,Subcompact Cars
2016,BMW,650i xDrive Coupe,19.0,Subcompact Cars
2016,BMW,650i xDrive Gran Coupe,18.0,Compact Cars
2016,BMW,740i,24.0,Large Cars
2016,BMW,750i,20.0,Large Cars
2016,BMW,750i xDrive,19.0,Large Cars
2016,BMW,ActiveHybrid 5,26.0,Midsize Cars
2016,BMW,Alpina B6 Gran Coupe xDrive,18.0,Compact Cars
2016,BMW,M2,21.5,Subcompact Cars
2016,BMW,M235i,23.0,Subcompact Cars
2016,BMW,M235i Convertible,23.0,Subcompact Cars
2016,BMW,M235i xDrive,23.0,Subcompact Cars
2016,BMW,M235i xDrive Convertible,23.0,Subcompact Cars
2016,BMW,M3,19.5,Compact Cars
2016,BMW,M4 Convertible,19.5,Subcompact Cars
2016,BMW,M4 Coupe,19.5,Compact Cars
2016,BMW,M4 GTS,19.0,Two Seaters
2016,BMW,M5,16.5,Midsize Cars
2016,BMW,M6 Convertible,16.5,Subcompact Cars
2016,BMW,M6 Coupe,16.5,Subcompact Cars
2016,BMW,M6 Gran Coupe,16.5,Compact Cars
2016,BMW,X1 xDrive28i,25.0,Large Cars
2016,BMW,X3 sDrive 28i,24.0,Small Sport Utility Vehicle 2WD
2016,BMW,X3 xDrive28d,30.0,Small Sport Utility Vehicle 4WD
2016,BMW,X3 xDrive28i,24.0,Small Sport Utility Vehicle 4WD
2016,BMW,X3 xDrive35i,21.0,Small Sport Utility Vehicle 4WD
2016,BMW,X4 M40i,21.0,Small Sport Utility Vehicle 4WD
2016,BMW,X4 xDrive28i,23.0,Small Sport Utility Vehicle 4WD
2016,BMW,X4 xDrive35i,21.0,Small Sport Utility Vehicle 4WD
2016,BMW,X5 M,16.0,Standard Sport Utility Vehicle 4WD
2016,BMW,X5 sDrive35i,21.0,Standard Sport Utility Vehicle 2WD
2016,BMW,X5 xDrive35d,25.0,Standard Sport Utility Vehicle 4WD
2016,BMW,X5 xDrive35i,20.0,Standard Sport Utility Vehicle 4WD
2016,BMW,X5 xDrive40e,24.0,Standard Sport Utility Vehicle 4WD
2016,BMW,X5 xDrive50i,17.0,Standard Sport Utility Vehicle 4WD
2016,BMW,X6 M,16.0,Standard Sport Utility Vehicle 4WD
2016,BMW,X6 sDrive35i,21.0,Standard Sport Utility Vehicle 2WD
2016,BMW,X6 xDrive35i,20.0,Standard Sport Utility Vehicle 4WD
2016,BMW,X6 xDrive50i,17.0,Standard Sport Utility Vehicle 4WD
2016,BMW,Z4 sDrive28i,26.0,Two Seaters
2016,BMW,Z4 sDrive35i,19.0,Two Seaters
2016,BMW,Z4 sDrive35is,19.0,Two Seaters
2016,BMW,i3 BEV,124.0,Subcompact Cars
2016,BMW,i3 REX,39.0,Subcompact Cars
2016,BMW,i8,28.0,Subcompact Cars
2016,BYD,e6,72.0,Small Sport Utility Vehicle 2WD
2016,Bentley,Continental GT,16.5,Compact Cars
2016,Bentley,Continental GT Convertible,15.5,Subcompact Cars
2016,Bentley,Flying Spur,15.5,Midsize Cars
2016,Bentley,Mulsanne,14.0,Midsize Cars
2016,Buick,Cascada,23.0,Subcompact Cars
2016,Buick,Enclave AWD,17.0,Standard Sport Utility Vehicle 4WD
2016,Buick,Enclave FWD,18.0,Standard Sport Utility Vehicle 2WD
2016,Buick,Encore,29.0,Small Sport Utility Vehicle 2WD
2016,Buick,Encore AWD,27.0,Small Sport Utility Vehicle 4WD
2016,Buick,Envision AWD,22.0,Small Sport Utility Vehicle 4WD
2016,Buick,LaCrosse,21.0,Midsize Cars
2016,Buick,LaCrosse AWD,20.0,Midsize Cars
2016,Buick,LaCrosse eAssist,28.0,Midsize Cars
2016,Buick,Regal,24.0,Midsize Cars
2016,Buick,Regal AWD,22.0,Midsize Cars
2016,Buick,Regal eAssist,28.0,Midsize Cars
2016,Buick,Verano,24.0,Compact Cars
2016,Cadillac,ATS,24.5,Compact Cars
2016,Cadillac,ATS AWD,23.5,Compact Cars
2016,Cadillac,ATS-V,19.0,Compact Cars
2016,Cadillac,CT6,25.0,Large Cars
2016,Cadillac,CT6 AWD,21.0,Large Cars
2016,Cadillac,CTS Sedan,24.0,Midsize Cars
2016,Cadillac,CTS Sedan AWD,23.0,Midsize Cars
2016,Cadillac,CTS-V,17.0,Midsize Cars
2016,Cadillac,ELR,32.0,Subcompact Cars
2016,Cadillac,ELR Sport,30.0,Subcompact Cars
2016,Cadillac,Escalade 2WD,17.0,Standard Sport Utility Vehicle 2WD
2016,Cadillac,Escalade 4WD,17.0,Standard Sport Utility Vehicle 4WD
2016,Cadillac,SRX,19.0,Standard Sport Utility Vehicle 2WD
2016,Cadillac,SRX AWD,18.0,Standard Sport Utility Vehicle 4WD
2016,Cadillac,XTS,21.0,Large Cars
2016,Cadillac,XTS AWD,19.0,Large Cars
2016,Cadillac,XTS Hearse,17.0,Special Purpose Vehicle 2WD
2016,Cadillac,XTS Limo,17.0,Special Purpose Vehicle 2WD
2016,Chevrolet,Camaro,21.5,Subcompact Cars
2016,Chevrolet,City Express Cargo Van,25.0,Special Purpose Vehicle 2WD
2016,Chevrolet,Colorado 2WD,22.0,Small Pickup Trucks 2WD
2016,Chevrolet,Colorado 4WD,21.0,Small Pickup Trucks 4WD
2016,Chevrolet,Colorado Cab Chassis 2WD,16.0,Special Purpose Vehicle 2WD
2016,Chevrolet,Corvette,19.0,Two Seaters
2016,Chevrolet,Cruze,33.0,Compact Cars
2016,Chevrolet,Cruze Limited,29.5,Midsize Cars
2016,Chevrolet,Cruze Limited  Eco,31.5,Midsize Cars
2016,Chevrolet,Cruze Premier,34.0,Compact Cars
2016,Chevrolet,Equinox AWD,23.0,Small Sport Utility Vehicle 4WD
2016,Chevrolet,Equinox FWD,26.0,Small Sport Utility Vehicle 2WD
2016,Chevrolet,Express 2500 2WD Passenger,13.0,"Vans, Passenger Type"
2016,Chevrolet,Express 3500 2WD Passenger,12.0,"Vans, Passenger Type"
2016,Chevrolet,Impala,22.0,Large Cars
2016,Chevrolet,Impala Bi-Fuel  (CNG),20.0,Midsize Cars
2016,Chevrolet,Impala Limited,22.0,Large Cars
2016,Chevrolet,Malibu,28.0,Midsize Cars
2016,Chevrolet,Malibu Hybrid,46.0,Midsize Cars
2016,Chevrolet,Malibu Limited,27.0,Midsize Cars
2016,Chevrolet,SS,16.5,Large Cars
2016,Chevrolet,Silverado 15 Hybrid 2WD,20.0,Standard Pickup Trucks 2WD
2016,Chevrolet,Silverado 15 Hybrid 4WD,18.0,Standard Pickup Trucks 4WD
2016,Chevrolet,Silverado C15 2WD,19.0,Standard Pickup Trucks 2WD
2016,Chevrolet,Silverado C15 Cab Chassis 2WD,17.0,Special Purpose Vehicle 2WD
2016,Chevrolet,Silverado K15 4WD,18.0,Standard Pickup Trucks 4WD
2016,Chevrolet,Silverado K15 Cab Chassis 4WD,17.0,Special Purpose Vehicle 4WD
2016,Chevrolet,Sonic,29.5,Compact Cars
2016,Chevrolet,Sonic 5,29.5,Small Station Wagons
2016,Chevrolet,Sonic 5 RS,28.5,Midsize Cars
2016,Chevrolet,Sonic RS,28.5,Compact Cars
2016,Chevrolet,Spark,33.5,Subcompact Cars
2016,Chevrolet,Spark EV,119.0,Subcompact Cars
2016,Chevrolet,Suburban C1500 2WD,18.5,Standard Sport Utility Vehicle 2WD
2016,Chevrolet,Suburban K1500 4WD,18.0,Standard Sport Utility Vehicle 4WD
2016,Chevrolet,Tahoe C1500 2WD,18.5,Standard Sport Utility Vehicle 2WD
2016,Chevrolet,Tahoe K1500 4WD,18.0,Standard Sport Utility Vehicle 4WD
2016,Chevrolet,Traverse AWD,17.0,Standard Sport Utility Vehicle 4WD
2016,Chevrolet,Traverse FWD,18.0,Standard Sport Utility Vehicle 2WD
2016,Chevrolet,Trax,29.0,Small Sport Utility Vehicle 2WD
2016,Chevrolet,Trax AWD,27.0,Small Sport Utility Vehicle 4WD
2016,Chevrolet,Volt,42.0,Compact Cars
2016,Chrysler,200,27.0,Midsize Cars
2016,Chrysler,200 AWD,22.0,Midsize Cars
2016,Chrysler,300,23.0,Large Cars
2016,Chrysler,300 AWD,21.0,Large Cars
2016,Chrysler,Town and Country,20.0,Minivan - 2WD
2016,Dodge,Challenger,18.0,Midsize Cars
2016,Dodge,Challenger SRT8,16.5,Midsize Cars
2016,Dodge,Charger,21.0,Large Cars
2016,Dodge,Charger AWD,21.0,Large Cars
2016,Dodge,Charger SRT8,17.0,Large Cars
2016,Dodge,Dart,28.0,Midsize Cars
2016,Dodge,Dart Aero,32.0,Midsize Cars
2016,Dodge,Dart GT,25.5,Midsize Cars
2016,Dodge,Durango AWD,19.0,Standard Sport Utility Vehicle 4WD
2016,Dodge,Durango RWD,19.0,Standard Sport Utility Vehicle 2WD
2016,Dodge,Grand Caravan,20.0,Minivan - 2WD
2016,Dodge,Journey,20.0,Small Sport Utility Vehicle 2WD
2016,Dodge,Journey AWD,19.0,Small Sport Utility Vehicle 4WD
2016,Dodge,Viper SRT,15.0,Two Seaters
2016,Ferrari,488 GTB,18.0,Two Seaters
2016,Ferrari,488 Spider,18.0,Two Seaters
2016,Ferrari,California T,18.5,Minicompact Cars
2016,Ferrari,F12,13.0,Two Seaters
2016,Ferrari,F12 tdf,13.0,Two Seaters
2016,Ferrari,F60 America,13.0,Two Seaters
2016,Ferrari,FF,13.0,Midsize Cars
2016,Fiat,500,29.5,Minicompact Cars
2016,Fiat,500 Abarth,28.5,Minicompact Cars
2016,Fiat,500 L,26.5,Small Station Wagons
2016,Fiat,500 X,26.5,Small Sport Utility Vehicle 2WD
2016,Fiat,500 X AWD,24.0,Small Sport Utility Vehicle 4WD
2016,Fiat,500e,112.0,Minicompact Cars
2016,Ford,C-MAX Energi Plug-in Hybrid,38.0,Midsize Cars
2016,Ford,C-MAX Hybrid FWD,39.0,Large Cars
2016,Ford,Edge AWD,20.0,Small Sport Utility Vehicle 4WD
2016,Ford,Edge FWD,24.0,Small Sport Utility Vehicle 2WD
2016,Ford,Escape AWD,24.0,Small Sport Utility Vehicle 4WD
2016,Ford,Escape FWD,25.0,Small Sport Utility Vehicle 2WD
2016,Ford,Expedition 2WD,18.0,Standard Sport Utility Vehicle 2WD
2016,Ford,Expedition 4WD,17.0,Standard Sport Utility Vehicle 4WD
2016,Ford,Expedition EL 2WD,17.0,Standard Sport Utility Vehicle 2WD
2016,Ford,Expedition EL 4WD,16.0,Standard Sport Utility Vehicle 4WD
2016,Ford,Explorer 2WD FFV,20.0,Standard Sport Utility Vehicle 2WD
2016,Ford,Explorer AWD,19.0,Standard Sport Utility Vehicle 4WD
2016,Ford,Explorer AWD FFV,19.0,Standard Sport Utility Vehicle 4WD
2016,Ford,Explorer FWD,21.0,Standard Sport Utility Vehicle 2WD
2016,Ford,F150 2.7L 2WD GVWR>6649 LBS PAYLOAD PACKAGE,21.0,Standard Pickup Trucks 2WD
2016,Ford,F150 2.7L 4WD GVWR>6799 LBS PAYLOAD PACKAGE,19.0,Standard Pickup Trucks 4WD
2016,Ford,F150 3.5L 2WD GVWR>7599 LBS PAYLOAD PACKAGE,18.0,Standard Pickup Trucks 2WD
2016,Ford,F150 3.5L 4WD GVWR>7599 LBS PAYLOAD PACKAGE,17.0,Standard Pickup Trucks 4WD
2016,Ford,F150 5.0L 2WD FFV GVWR>7599 LBS PAYLOAD PACKAGE,16.0,Standard Pickup Trucks 2WD
2016,Ford,F150 5.0L 4WD FFV GVWR>7599 LBS PAYLOAD PACKAGE,16.0,Standard Pickup Trucks 4WD
2016,Ford,F150 Pickup 2WD,20.5,Standard Pickup Trucks 2WD
2016,Ford,F150 Pickup 2WD FFV,19.0,Standard Pickup Trucks 2WD
2016,Ford,F150 Pickup 4WD,19.0,Standard Pickup Trucks 4WD
2016,Ford,F150 Pickup 4WD FFV,18.0,Standard Pickup Trucks 4WD
2016,Ford,Fiesta FWD,30.0,Subcompact Cars
2016,Ford,Fiesta SFE FWD,35.0,Subcompact Cars
2016,Ford,Fiesta ST FWD,29.0,Compact Cars
2016,Ford,Flex AWD,17.5,Standard Sport Utility Vehicle 4WD
2016,Ford,Flex FWD,19.0,Standard Sport Utility Vehicle 2WD
2016,Ford,Focus Electric,105.0,Compact Cars
2016,Ford,Focus FWD,31.0,Compact Cars
2016,Ford,Focus FWD FFV,30.0,Compact Cars
2016,Ford,Focus RS AWD,22.0,Midsize Cars
2016,Ford,Focus ST FWD,25.0,Midsize Cars
2016,Ford,Fusion AWD,25.0,Midsize Cars
2016,Ford,Fusion Energi Plug-in Hybrid,38.0,Midsize Cars
2016,Ford,Fusion FWD,27.0,Midsize Cars
2016,Ford,Fusion Hybrid FWD,41.0,Midsize Cars
2016,Ford,Mustang,21.5,Subcompact Cars
2016,Ford,Mustang Convertible,20.5,Subcompact Cars
2016,Ford,Shelby GT350 Mustang,16.0,Subcompact Cars
2016,Ford,Taurus AWD,19.0,Large Cars
2016,Ford,Taurus AWD FFV,19.0,Large Cars
2016,Ford,Taurus FWD,22.0,Large Cars
2016,Ford,Taurus FWD FFV,21.0,Large Cars
2016,Ford,Transit Connect Van 2WD,24.0,Special Purpose Vehicle 2WD
2016,Ford,Transit Connect Van FFV,23.0,Special Purpose Vehicle 2WD
2016,Ford,Transit Connect Wagon FFV,22.0,Special Purpose Vehicle 2WD
2016,Ford,Transit Connect Wagon FWD,23.0,Special Purpose Vehicle 2WD
2016,Ford,Transit Connect Wagon LWB FFV,22.0,Special Purpose Vehicle 2WD
2016,Ford,Transit Connect Wagon LWB FWD,22.0,Special Purpose Vehicle 2WD
2016,Ford,Transit T150 Wagon,16.0,"Vans, Passenger Type"
2016,Ford,Transit T150 Wagon FFV,16.0,"Vans, Passenger Type"
2016,GMC,Acadia AWD,17.0,Standard Sport Utility Vehicle 4WD
2016,GMC,Acadia FWD,18.0,Standard Sport Utility Vehicle 2WD
2016,GMC,Canyon 2WD,22.0,Small Pickup Trucks 2WD
2016,GMC,Canyon 4WD,21.0,Small Pickup Trucks 4WD
2016,GMC,Canyon Cab Chassis 2WD,16.0,Special Purpose Vehicle 2WD
2016,GMC,Savana 2500 2WD (Passenger),13.0,"Vans, Passenger Type"
2016,GMC,Savana 3500 2WD (Passenger),12.0,"Vans, Passenger Type"
2016,GMC,Sierra 15 Hybrid 2WD,20.0,Standard Pickup Trucks 2WD
2016,GMC,Sierra 15 Hybrid 4WD,18.0,Standard Pickup Trucks 4WD
2016,GMC,Sierra C15 2WD,19.0,Standard Pickup Trucks 2WD
2016,GMC,Sierra C15 Cab Chassis 2WD,17.0,Special Purpose Vehicle 2WD
2016,GMC,Sierra K15 4WD,18.0,Standard Pickup Trucks 4WD
2016,GMC,Sierra K15 Cab Chassis 4WD,17.0,Special Purpose Vehicle 4WD
2016,GMC,Terrain AWD,20.5,Small Sport Utility Vehicle 4WD
2016,GMC,Terrain FWD,26.0,Small Sport Utility Vehicle 2WD
2016,GMC,Yukon C1500 2WD,18.0,Standard Sport Utility Vehicle 2WD
2016,GMC,Yukon C1500 XL 2WD,18.0,Standard Sport Utility Vehicle 2WD
2016,GMC,Yukon K1500 4WD,18.0,Standard Sport Utility Vehicle 4WD
2016,GMC,Yukon K1500 XL 4WD,18.0,Standard Sport Utility Vehicle 4WD
2016,Honda,Accord,26.0,Midsize Cars
2016,Honda,CR-V 2WD,29.0,Small Sport Utility Vehicle 2WD
2016,Honda,CR-V 4WD,27.0,Small Sport Utility Vehicle 4WD
2016,Honda,CR-Z,34.5,Two Seaters
2016,Honda,Civic 2Dr,34.0,Compact Cars
2016,Honda,Civic 4Dr,34.0,Midsize Cars
2016,Honda,Fit,34.0,Small Station Wagons
2016,Honda,HR-V 2WD,31.0,Small Sport Utility Vehicle 2WD
2016,Honda,HR-V 4WD,29.0,Small Sport Utility Vehicle 4WD
2016,Honda,Odyssey,22.0,Minivan - 2WD
2016,Honda,Pilot 2WD,22.5,Small Sport Utility Vehicle 2WD
2016,Honda,Pilot 4WD,21.5,Small Sport Utility Vehicle 4WD
2016,Hyundai,Accent,30.5,Compact Cars
2016,Hyundai,Azera,23.0,Large Cars
2016,Hyundai,Azera Limited,22.0,Large Cars
2016,Hyundai,Elantra,29.0,Midsize Cars
2016,Hyundai,Elantra GT,27.0,Midsize Cars
2016,Hyundai,Elantra Limited,30.0,Midsize Cars
2016,Hyundai,Equus,18.0,Large Cars
2016,Hyundai,Genesis AWD,19.0,Large Cars
2016,Hyundai,Genesis Coupe,19.0,Subcompact Cars
2016,Hyundai,Genesis RWD,20.0,Large Cars
2016,Hyundai,Santa Fe AWD,20.0,Small Sport Utility Vehicle 4WD
2016,Hyundai,Santa Fe FWD,21.0,Small Sport Utility Vehicle 2WD
2016,Hyundai,Santa Fe Sport AWD,20.5,Small Sport Utility Vehicle 4WD
2016,Hyundai,Santa Fe Sport FWD,22.5,Small Sport Utility Vehicle 2WD
2016,Hyundai,Santa Fe Sport Ultimate FWD,22.0,Small Sport Utility Vehicle 2WD
2016,Hyundai,Santa Fe Ultimate AWD,19.0,Small Sport Utility Vehicle 4WD
2016,Hyundai,Santa Fe Ultimate FWD,20.0,Small Sport Utility Vehicle 2WD
2016,Hyundai,Sonata,29.0,Large Cars
2016,Hyundai,Sonata Hybrid,40.0,Midsize Cars
2016,Hyundai,Sonata Hybrid SE,41.0,Midsize Cars
2016,Hyundai,Sonata Limited,24.0,Large Cars
2016,Hyundai,Sonata Plug-in Hybrid,40.0,Midsize Cars
2016,Hyundai,Sonata Sport Limited,28.0,Large Cars
2016,Hyundai,Tucson AWD,24.0,Small Sport Utility Vehicle 4WD
2016,Hyundai,Tucson Eco AWD,27.0,Small Sport Utility Vehicle 4WD
2016,Hyundai,Tucson Eco FWD,28.0,Small Sport Utility Vehicle 2WD
2016,Hyundai,Tucson FWD,26.5,Small Sport Utility Vehicle 2WD
2016,Hyundai,Tucson Fuel Cell,50.0,Small Sport Utility Vehicle 2WD
2016,Hyundai,Veloster,29.5,Compact Cars
2016,Infiniti,Q50,24.5,Midsize Cars
2016,Infiniti,Q50 AWD,23.0,Midsize Cars
2016,Infiniti,Q50 Hybrid,30.0,Compact Cars
2016,Infiniti,Q50 Hybrid AWD,28.0,Compact Cars
2016,Infiniti,Q50S,23.0,Midsize Cars
2016,Infiniti,Q50S AWD,21.0,Midsize Cars
2016,Infiniti,Q50S Red Sport,22.0,Midsize Cars
2016,Infiniti,Q50S Red Sport  AWD,22.0,Midsize Cars
2016,Infiniti,Q70,20.0,Midsize Cars
2016,Infiniti,Q70 AWD,19.0,Midsize Cars
2016,Infiniti,Q70 Hybrid,31.0,Midsize Cars
2016,Infiniti,QX50,20.0,Small Station Wagons
2016,Infiniti,QX50 AWD,20.0,Small Station Wagons
2016,Infiniti,QX60 AWD,22.0,Small Sport Utility Vehicle 4WD
2016,Infiniti,QX60 FWD,23.0,Small Sport Utility Vehicle 2WD
2016,Infiniti,QX60 Hybrid AWD,26.0,Standard Sport Utility Vehicle 4WD
2016,Infiniti,QX60 Hybrid FWD,26.0,Standard Sport Utility Vehicle 2WD
2016,Infiniti,QX70 AWD,18.0,Small Sport Utility Vehicle 4WD
2016,Infiniti,QX70 RWD,19.0,Small Sport Utility Vehicle 2WD
2016,Infiniti,QX80 2WD,16.0,Standard Sport Utility Vehicle 2WD
2016,Infiniti,QX80 4WD,16.0,Standard Sport Utility Vehicle 4WD
2016,Jaguar,F-Type Convertible,20.5,Two Seaters
2016,Jaguar,F-Type Coupe,20.5,Two Seaters
2016,Jaguar,F-Type R AWD Convertible,18.0,Two Seaters
2016,Jaguar,F-Type R AWD Coupe,18.0,Two Seaters
2016,Jaguar,F-Type R Convertible,18.0,Two Seaters
2016,Jaguar,F-Type S AWD Convertible,21.0,Two Seaters
2016,Jaguar,F-Type S AWD Coupe,21.0,Two Seaters
2016,Jaguar,F-Type S Convertible,20.0,Two Seaters
2016,Jaguar,F-Type S Coupe,20.0,Two Seaters
2016,Jaguar,XF,23.0,Midsize Cars
2016,Jaguar,XF AWD,23.0,Midsize Cars
2016,Jaguar,XJ,19.5,Large Cars
2016,Jaguar,XJ AWD,20.0,Large Cars
2016,Jaguar,XJL,19.5,Large Cars
2016,Jaguar,XJL AWD,20.0,Large Cars
2016,Jeep,Cherokee 4WD,23.0,Small Sport Utility Vehicle 4WD
2016,Jeep,Cherokee 4WD Active Drive II,22.5,Small Sport Utility Vehicle 4WD
2016,Jeep,Cherokee FWD,25.0,Small Sport Utility Vehicle 2WD
2016,Jeep,Cherokee Trailhawk 4WD,22.0,Small Sport Utility Vehicle 4WD
2016,Jeep,Compass 4WD,22.0,Small Sport Utility Vehicle 4WD
2016,Jeep,Compass FWD,24.5,Small Sport Utility Vehicle 2WD
2016,Jeep,Grand Cherokee 2WD,23.0,Standard Sport Utility Vehicle 2WD
2016,Jeep,Grand Cherokee 4WD,21.0,Standard Sport Utility Vehicle 4WD
2016,Jeep,Grand Cherokee SRT8 4WD,15.0,Standard Sport Utility Vehicle 4WD
2016,Jeep,Patriot 4WD,22.0,Small Sport Utility Vehicle 4WD
2016,Jeep,Patriot FWD,24.5,Small Sport Utility Vehicle 2WD
2016,Jeep,Renegade 2WD,25.5,Small Sport Utility Vehicle 2WD
2016,Jeep,Renegade 4WD,25.5,Small Sport Utility Vehicle 4WD
2016,Jeep,Wrangler 4WD,18.0,Small Sport Utility Vehicle 4WD
2016,Jeep,Wrangler Unlimited 4WD,18.0,Small Sport Utility Vehicle 4WD
2016,Kia,Cadenza,22.0,Large Cars
2016,Kia,Forte,29.0,Midsize Cars
2016,Kia,Forte 5,24.0,Large Cars
2016,Kia,Forte Koup,26.0,Compact Cars
2016,Kia,K900,19.0,Large Cars
2016,Kia,Optima,28.0,Large Cars
2016,Kia,Optima FE,27.0,Large Cars
2016,Kia,Optima Hybrid,37.0,Midsize Cars
2016,Kia,Optima Hybrid EX,36.0,Midsize Cars
2016,Kia,Rio,30.5,Compact Cars
2016,Kia,Rio Eco,31.0,Compact Cars
2016,Kia,Sedona,20.0,Minivan - 2WD
2016,Kia,Sedona SX,21.0,Minivan - 2WD
2016,Kia,Sedona SXL,19.0,Minivan - 2WD
2016,Kia,Sorento AWD,21.0,Small Sport Utility Vehicle 4WD
2016,Kia,Sorento FE AWD,21.0,Small Sport Utility Vehicle 4WD
2016,Kia,Sorento FWD,23.0,Small Sport Utility Vehicle 2WD
2016,Kia,Soul,26.0,Small Station Wagons
2016,Kia,Soul ECO dynamics,26.0,Small Station Wagons
2016,Kia,Soul Electric,105.0,Small Station Wagons
2016,Kia,Sportage AWD,22.0,Small Sport Utility Vehicle 4WD
2016,Kia,Sportage FWD,23.0,Small Sport Utility Vehicle 2WD
2016,Kia,Sportage SX AWD,21.0,Small Sport Utility Vehicle 4WD
2016,Kia,Sportage SX FWD,22.0,Small Sport Utility Vehicle 2WD
2016,Lamborghini,Aventador Coupe,13.0,Two Seaters
2016,Lamborghini,Aventador Roadster,12.0,Two Seaters
2016,Lamborghini,Huracan,17.0,Two Seaters
2016,Lamborghini,Huracan Spyder,16.0,Two Seaters
2016,Land Rover,Discovery Sport,22.0,Small Sport Utility Vehicle 4WD
2016,Land Rover,LR4,16.0,Standard Sport Utility Vehicle 4WD
2016,Land Rover,Range Rover,17.5,Standard Sport Utility Vehicle 4WD
2016,Land Rover,Range Rover Evoque,24.0,Small Sport Utility Vehicle 4WD
2016,Land Rover,Range Rover Evoque Convertible,23.0,Small Sport Utility Vehicle 4WD
2016,Land Rover,Range Rover LWB,17.5,Standard Sport Utility Vehicle 4WD
2016,Land Rover,Range Rover Sport,17.5,Standard Sport Utility Vehicle 4WD
2016,Land Rover,Range Rover Sport TDV6,24.0,Standard Sport Utility Vehicle 4WD
2016,Land Rover,Range Rover TDV6,24.0,Standard Sport Utility Vehicle 4WD
2016,Lexus,CT 200h,42.0,Compact Cars
2016,Lexus,ES 300h,40.0,Midsize Cars
2016,Lexus,ES 350,24.0,Midsize Cars
2016,Lexus,GS 200t,26.0,Midsize Cars
2016,Lexus,GS 200t F Sport,24.0,Midsize Cars
2016,Lexus,GS 350,23.0,Midsize Cars
2016,Lexus,GS 350 AWD,22.0,Midsize Cars
2016,Lexus,GS 350 F Sport,22.0,Midsize Cars
2016,Lexus,GS 450h,31.0,Midsize Cars
2016,Lexus,GS F,19.0,Compact Cars
2016,Lexus,GX 460,17.0,Standard Sport Utility Vehicle 4WD
2016,Lexus,IS 200t,26.0,Compact Cars
2016,Lexus,IS 300 AWD,21.0,Compact Cars
2016,Lexus,IS 350,22.0,Compact Cars
2016,Lexus,IS 350 AWD,21.0,Compact Cars
2016,Lexus,LS 460,19.0,Midsize Cars
2016,Lexus,LS 460 AWD,18.0,Midsize Cars
2016,Lexus,LS 460 L,19.0,Midsize Cars
2016,Lexus,LS 460 L AWD,18.0,Midsize Cars
2016,Lexus,LS 600h L,20.0,Midsize Cars
2016,Lexus,LX 570,15.0,Standard Sport Utility Vehicle 4WD
2016,Lexus,NX 200t,25.0,Small Sport Utility Vehicle 2WD
2016,Lexus,NX 200t AWD,24.0,Small Sport Utility Vehicle 4WD
2016,Lexus,NX 200t AWD F Sport,24.0,Small Sport Utility Vehicle 4WD
2016,Lexus,NX 300h,32.0,Small Sport Utility Vehicle 2WD
2016,Lexus,NX 300h AWD,31.0,Small Sport Utility Vehicle 4WD
2016,Lexus,RC 200t,26.0,Subcompact Cars
2016,Lexus,RC 300 AWD,21.0,Subcompact Cars
2016,Lexus,RC 350,22.0,Subcompact Cars
2016,Lexus,RC 350 AWD,21.0,Subcompact Cars
2016,Lexus,RC F,19.0,Subcompact Cars
2016,Lexus,RX 350,23.0,Small Sport Utility Vehicle 2WD
2016,Lexus,RX 350 AWD,22.0,Small Sport Utility Vehicle 4WD
2016,Lexus,RX 450h,30.0,Small Sport Utility Vehicle 2WD
2016,Lexus,RX 450h AWD,30.0,Standard Sport Utility Vehicle 4WD
2016,Lincoln,MKC AWD,21.5,Small Sport Utility Vehicle 4WD
2016,Lincoln,MKC FWD,23.0,Small Sport Utility Vehicle 2WD
2016,Lincoln,MKS AWD,19.0,Large Cars
2016,Lincoln,MKS FWD,20.0,Large Cars
2016,Lincoln,MKT AWD,17.0,Standard Sport Utility Vehicle 4WD
2016,Lincoln,MKT FWD,19.0,Standard Sport Utility Vehicle 2WD
2016,Lincoln,MKT Livery AWD,18.0,Special Purpose Vehicle 4WD
2016,Lincoln,MKT Livery FWD,21.0,Special Purpose Vehicle 2WD
2016,Lincoln,MKX AWD,19.0,Small Sport Utility Vehicle 4WD
2016,Lincoln,MKX FWD,20.0,Small Sport Utility Vehicle 2WD
2016,Lincoln,MKZ AWD,22.5,Midsize Cars
2016,Lincoln,MKZ FWD,23.5,Midsize Cars
2016,Lincoln,MKZ Hybrid FWD,40.0,Midsize Cars
2016,Lincoln,Navigator 2WD,18.0,Standard Sport Utility Vehicle 2WD
2016,Lincoln,Navigator 4WD,17.0,Standard Sport Utility Vehicle 4WD
2016,Lincoln,Navigator L 2WD,17.0,Standard Sport Utility Vehicle 2WD
2016,Lincoln,Navigator L 4WD,16.0,Standard Sport Utility Vehicle 4WD
2016,MINI,Cooper Clubman,28.0,Midsize Cars
2016,MINI,Cooper Convertible,30.0,Minicompact Cars
2016,MINI,Cooper Countryman,28.0,Compact Cars
2016,MINI,Cooper Hardtop 2 door,31.0,Subcompact Cars
2016,MINI,Cooper Hardtop 4 door,31.0,Subcompact Cars
2016,MINI,Cooper Paceman,28.0,Compact Cars
2016,MINI,Cooper S Clubman,26.0,Midsize Cars
2016,MINI,Cooper S Convertible,27.0,Minicompact Cars
2016,MINI,Cooper S Countryman,28.0,Compact Cars
2016,MINI,Cooper S Countryman All4,26.5,Compact Cars
2016,MINI,Cooper S Hardtop 2 door,27.5,Subcompact Cars
2016,MINI,Cooper S Hardtop 4 door,27.5,Subcompact Cars
2016,MINI,Cooper S Paceman,28.0,Compact Cars
2016,MINI,Cooper S Paceman All4,26.5,Compact Cars
2016,MINI,JCW Countryman All4,26.5,Compact Cars
2016,MINI,JCW Paceman All4,26.5,Compact Cars
2016,MINI,John Cooper Works Hardtop,26.0,Subcompact Cars
2016,Maserati,Ghibli  S RWD,19.0,Midsize Cars
2016,Maserati,Ghibli V6,19.0,Midsize Cars
2016,Maserati,Ghibli V6 SQ4,19.0,Midsize Cars
2016,Maserati,GranTurismo,16.0,Subcompact Cars
2016,Maserati,GranTurismo Convertible,15.0,Subcompact Cars
2016,Maserati,Quattroporte GTS,17.0,Large Cars
2016,Maserati,Quattroporte S,18.0,Large Cars
2016,Maserati,Quattroporte SQ4 V6,18.0,Large Cars
2016,Mazda,2,35.0,Compact Cars
2016,Mazda,3 4-Door,32.0,Compact Cars
2016,Mazda,3 5-Door,32.0,Midsize Cars
2016,Mazda,6,30.0,Midsize Cars
2016,Mazda,CX-3 2WD,31.0,Compact Cars
2016,Mazda,CX-3 4WD,29.0,Compact Cars
2016,Mazda,CX-5 2WD,29.0,Small Sport Utility Vehicle 2WD
2016,Mazda,CX-5 4WD,26.0,Small Sport Utility Vehicle 4WD
2016,Mazda,CX-9 2WD,24.0,Small Sport Utility Vehicle 2WD
2016,Mazda,CX-9 4WD,23.0,Small Sport Utility Vehicle 4WD
2016,Mazda,MX-5,30.0,Two Seaters
2016,McLaren Automotive,570S Coupe,19.0,Two Seaters
2016,McLaren Automotive,650S Can-Am,18.0,Two Seaters
2016,McLaren Automotive,650S Coupe,18.0,Two Seaters
2016,McLaren Automotive,650S Spider,18.0,Two Seaters
2016,McLaren Automotive,675LT Coupe,18.0,Two Seaters
2016,McLaren Automotive,675LT Spider,18.0,Two Seaters
2016,McLaren Automotive,MSO HS,18.0,Two Seaters
2016,Mercedes-Benz,AMG C63,20.0,Compact Cars
2016,Mercedes-Benz,AMG C63 S,20.0,Compact Cars
2016,Mercedes-Benz,AMG CLA45 4matic,26.0,Compact Cars
2016,Mercedes-Benz,AMG CLS63 S 4matic,18.0,Compact Cars
2016,Mercedes-Benz,AMG E63 4matic,19.0,Midsize Cars
2016,Mercedes-Benz,AMG E63 S 4matic,18.0,Midsize Cars
2016,Mercedes-Benz,AMG E63 S 4matic (wagon),18.0,Midsize Station Wagons
2016,Mercedes-Benz,AMG G63,13.0,Standard Sport Utility Vehicle 4WD
2016,Mercedes-Benz,AMG G65,12.0,Standard Sport Utility Vehicle 4WD
2016,Mercedes-Benz,AMG GL63,14.0,Standard Sport Utility Vehicle 4WD
2016,Mercedes-Benz,AMG GLA45 4matic,25.0,Midsize Station Wagons
2016,Mercedes-Benz,AMG GLE63,15.0,Standard Sport Utility Vehicle 4WD
2016,Mercedes-Benz,AMG GLE63 S,15.0,Standard Sport Utility Vehicle 4WD
2016,Mercedes-Benz,AMG GLE63 S Coupe,15.0,Standard Sport Utility Vehicle 4WD
2016,Mercedes-Benz,AMG GT S,18.0,Two Seaters
2016,Mercedes-Benz,AMG S63 4matic,18.0,Large Cars
2016,Mercedes-Benz,AMG S63 4matic Coupe,18.0,Compact Cars
2016,Mercedes-Benz,AMG S65,15.0,Large Cars
2016,Mercedes-Benz,AMG S65 Coupe,15.0,Compact Cars
2016,Mercedes-Benz,AMG SL63,19.0,Two Seaters
2016,Mercedes-Benz,AMG SL65,17.0,Two Seaters
2016,Mercedes-Benz,AMG SLK55,22.0,Two Seaters
2016,Mercedes-Benz,B250e,84.0,Midsize Cars
2016,Mercedes-Benz,C300,28.0,Compact Cars
2016,Mercedes-Benz,C300 4matic,27.0,Compact Cars
2016,Mercedes-Benz,C350e,30.0,Compact Cars
2016,Mercedes-Benz,C450 AMG,24.0,Compact Cars
2016,Mercedes-Benz,CLA250,30.0,Compact Cars
2016,Mercedes-Benz,CLA250 4matic,27.0,Compact Cars
2016,Mercedes-Benz,CLS400,24.0,Compact Cars
2016,Mercedes-Benz,CLS400 4matic,22.0,Compact Cars
2016,Mercedes-Benz,CLS550,20.0,Compact Cars
2016,Mercedes-Benz,CLS550 4matic,20.0,Compact Cars
2016,Mercedes-Benz,E350,23.0,Midsize Cars
2016,Mercedes-Benz,E350 4matic,23.0,Midsize Cars
2016,Mercedes-Benz,E350 4matic (wagon),22.0,Midsize Station Wagons
2016,Mercedes-Benz,E400,23.0,Midsize Cars
2016,Mercedes-Benz,E400 4matic,22.0,Midsize Cars
2016,Mercedes-Benz,E400 4matic Coupe,23.0,Subcompact Cars
2016,Mercedes-Benz,E400 Convertible,23.0,Subcompact Cars
2016,Mercedes-Benz,E400 Coupe,23.0,Subcompact Cars
2016,Mercedes-Benz,E550 4matic,21.0,Midsize Cars
2016,Mercedes-Benz,E550 Convertible,20.0,Subcompact Cars
2016,Mercedes-Benz,E550 Coupe,21.0,Subcompact Cars
2016,Mercedes-Benz,G550,13.0,Standard Sport Utility Vehicle 4WD
2016,Mercedes-Benz,GL450 4matic,19.0,Standard Sport Utility Vehicle 4WD
2016,Mercedes-Benz,GL550 4matic,15.0,Standard Sport Utility Vehicle 4WD
2016,Mercedes-Benz,GLA250,28.0,Small Sport Utility Vehicle 2WD
2016,Mercedes-Benz,GLA250 4matic,27.0,Small Sport Utility Vehicle 4WD
2016,Mercedes-Benz,GLC300,24.0,Small Sport Utility Vehicle 2WD
2016,Mercedes-Benz,GLC300 4matic,24.0,Small Sport Utility Vehicle 4WD
2016,Mercedes-Benz,GLE300 d 4matic,24.0,Standard Sport Utility Vehicle 4WD
2016,Mercedes-Benz,GLE350,20.0,Standard Sport Utility Vehicle 2WD
2016,Mercedes-Benz,GLE350 4matic,19.0,Standard Sport Utility Vehicle 4WD
2016,Mercedes-Benz,GLE350 d 4matic,25.0,Standard Sport Utility Vehicle 4WD
2016,Mercedes-Benz,GLE400 4matic,20.0,Standard Sport Utility Vehicle 4WD
2016,Mercedes-Benz,GLE450 AMG Coupe,20.0,Standard Sport Utility Vehicle 4WD
2016,Mercedes-Benz,GLE550e 4matic,21.0,Standard Sport Utility Vehicle 4WD
2016,Mercedes-Benz,Maybach S 600,15.0,Large Cars
2016,Mercedes-Benz,Metris (Cargo Van),22.0,Special Purpose Vehicle 2WD
2016,Mercedes-Benz,Metris (Passenger Van),22.0,Special Purpose Vehicle 2WD
2016,Mercedes-Benz,S550,20.0,Large Cars
2016,Mercedes-Benz,S550 4matic,19.0,Large Cars
2016,Mercedes-Benz,S550 4matic Coupe,19.0,Compact Cars
2016,Mercedes-Benz,S550e,26.0,Large Cars
2016,Mercedes-Benz,S600,16.0,Large Cars
2016,Mercedes-Benz,SL400,23.0,Two Seaters
2016,Mercedes-Benz,SL550,19.0,Two Seaters
2016,Mercedes-Benz,SLK300,27.0,Two Seaters
2016,Mercedes-Benz,SLK350,24.0,Two Seaters
2016,Mitsubishi,Lancer,27.0,Compact Cars
2016,Mitsubishi,Lancer 4WD,26.0,Compact Cars
2016,Mitsubishi,Outlander 2WD,27.0,Small Sport Utility Vehicle 2WD
2016,Mitsubishi,Outlander 4WD,24.0,Small Sport Utility Vehicle 4WD
2016,Mitsubishi,Outlander Sport 2WD,25.0,Small Sport Utility Vehicle 2WD
2016,Mitsubishi,Outlander Sport 4WD,25.0,Small Sport Utility Vehicle 4WD
2016,Mitsubishi,i-MiEV,112.0,Subcompact Cars
2016,Mobility Ventures LLC,MV-1,16.0,Special Purpose Vehicle 2WD
2016,Nissan,370Z,21.0,Two Seaters
2016,Nissan,370Z Roadster,20.5,Two Seaters
2016,Nissan,Altima,28.5,Midsize Cars
2016,Nissan,Altima SR,30.0,Midsize Cars
2016,Nissan,Frontier 2WD,19.0,Small Pickup Trucks 2WD
2016,Nissan,Frontier 4WD,17.5,Small Pickup Trucks 4WD
2016,Nissan,GT-R,19.0,Subcompact Cars
2016,Nissan,Juke,29.5,Small Station Wagons
2016,Nissan,Juke AWD,28.0,Small Station Wagons
2016,Nissan,Juke Nismo RS,27.0,Small Station Wagons
2016,Nissan,Juke Nismo RS AWD,26.0,Small Station Wagons
2016,Nissan,Leaf (24 kW-hr battery pack),114.0,Midsize Cars
2016,Nissan,Leaf (30 kW-hr battery pack),112.0,Midsize Cars
2016,Nissan,Maxima,25.0,Midsize Cars
2016,Nissan,Murano AWD,24.0,Midsize Station Wagons
2016,Nissan,Murano FWD,24.0,Midsize Station Wagons
2016,Nissan,Murano Hybrid AWD,27.0,Midsize Station Wagons
2016,Nissan,Murano Hybrid FWD,29.0,Midsize Station Wagons
2016,Nissan,NV200 Cargo Van,25.0,Special Purpose Vehicle 2WD
2016,Nissan,NV200 NYC Taxi,24.0,Special Purpose Vehicle 2WD
2016,Nissan,Pathfinder 2WD,23.0,Small Sport Utility Vehicle 2WD
2016,Nissan,Pathfinder 4WD,22.0,Small Sport Utility Vehicle 4WD
2016,Nissan,Pathfinder 4WD Platinum,21.0,Small Sport Utility Vehicle 4WD
2016,Nissan,Quest,22.0,Minivan - 2WD
2016,Nissan,Rogue AWD,27.0,Small Sport Utility Vehicle 4WD
2016,Nissan,Rogue FWD,28.0,Small Sport Utility Vehicle 2WD
2016,Nissan,Sentra,31.0,Midsize Cars
2016,Nissan,Sentra FE,33.0,Midsize Cars
2016,Nissan,Versa,30.0,Compact Cars
2016,Pagani,Huayra Coupe,13.0,Two Seaters
2016,Porsche,911 Carrera,22.5,Minicompact Cars
2016,Porsche,911 Carrera 4,22.5,Minicompact Cars
2016,Porsche,911 Carrera 4 Cabriolet,21.5,Minicompact Cars
2016,Porsche,911 Carrera 4 GTS,21.0,Minicompact Cars
2016,Porsche,911 Carrera 4 GTS Cabriolet,20.5,Minicompact Cars
2016,Porsche,911 Carrera 4S,21.5,Minicompact Cars
2016,Porsche,911 Carrera 4S Cabriolet,21.0,Minicompact Cars
2016,Porsche,911 Carrera Cabriolet,22.5,Minicompact Cars
2016,Porsche,911 Carrera GTS,21.0,Minicompact Cars
2016,Porsche,911 Carrera GTS Cabriolet,20.5,Minicompact Cars
2016,Porsche,911 Carrera S,22.0,Minicompact Cars
2016,Porsche,911 Carrera S Cabriolet,22.0,Minicompact Cars
2016,Porsche,911 GT3,17.0,Two Seaters
2016,Porsche,911 GT3 RS,17.0,Two Seaters
2016,Porsche,911 R,16.0,Minicompact Cars
2016,Porsche,911 Targa 4,21.5,Minicompact Cars
2016,Porsche,911 Targa 4 GTS,21.0,Minicompact Cars
2016,Porsche,911 Targa 4S,21.0,Minicompact Cars
2016,Porsche,911 Turbo,20.0,Minicompact Cars
2016,Porsche,911 Turbo Cabriolet,20.0,Minicompact Cars
2016,Porsche,911 Turbo S,20.0,Minicompact Cars
2016,Porsche,911 Turbo S Cabriolet,20.0,Minicompact Cars
2016,Porsche,Boxster,24.5,Two Seaters
2016,Porsche,Boxster GTS,23.5,Two Seaters
2016,Porsche,Boxster S,23.0,Two Seaters
2016,Porsche,Boxster Spyder,20.0,Two Seaters
2016,Porsche,Cayenne,20.0,Standard Sport Utility Vehicle 4WD
2016,Porsche,Cayenne Diesel,24.0,Standard Sport Utility Vehicle 4WD
2016,Porsche,Cayenne GTS,18.0,Standard Sport Utility Vehicle 4WD
2016,Porsche,Cayenne S,19.0,Standard Sport Utility Vehicle 4WD
2016,Porsche,Cayenne S e-Hybrid,22.0,Standard Sport Utility Vehicle 4WD
2016,Porsche,Cayenne Turbo,17.0,Standard Sport Utility Vehicle 4WD
2016,Porsche,Cayenne Turbo S,16.0,Standard Sport Utility Vehicle 4WD
2016,Porsche,Cayman,24.5,Two Seaters
2016,Porsche,Cayman GT4,20.0,Two Seaters
2016,Porsche,Cayman GTS,23.5,Two Seaters
2016,Porsche,Cayman S,23.0,Two Seaters
2016,Porsche,Macan S,19.0,Small Sport Utility Vehicle 4WD
2016,Porsche,Macan Turbo,19.0,Small Sport Utility Vehicle 4WD
2016,Porsche,Panamera,22.0,Large Cars
2016,Porsche,Panamera 4,21.0,Large Cars
2016,Porsche,Panamera 4S,21.0,Large Cars
2016,Porsche,Panamera 4S Executive,20.0,Large Cars
2016,Porsche,Panamera GTS,19.0,Large Cars
2016,Porsche,Panamera S,21.0,Large Cars
2016,Porsche,Panamera S E-Hybrid,25.0,Large Cars
2016,Porsche,Panamera Turbo,18.0,Large Cars
2016,Porsche,Panamera Turbo Executive,18.0,Large Cars
2016,Porsche,Panamera Turbo S,18.0,Large Cars
2016,Porsche,Panamera Turbo S Executive,18.0,Large Cars
2016,Ram,1500 2WD,18.5,Standard Pickup Trucks 2WD
2016,Ram,1500 4WD,18.0,Standard Pickup Trucks 4WD
2016,Ram,1500 HFE 2WD,22.5,Standard Pickup Trucks 2WD
2016,Ram,Promaster City,24.0,Special Purpose Vehicle 2WD
2016,Rolls-Royce,Dawn,15.0,Compact Cars
2016,Rolls-Royce,Ghost,15.0,Large Cars
2016,Rolls-Royce,Ghost EWB,15.0,Large Cars
2016,Rolls-Royce,Phantom,14.0,Large Cars
2016,Rolls-Royce,Phantom Coupe,14.0,Compact Cars
2016,Rolls-Royce,Phantom Drophead Coupe,14.0,Compact Cars
2016,Rolls-Royce,Phantom EWB,14.0,Large Cars
2016,Rolls-Royce,Wraith,15.0,Midsize Cars
2016,Roush Performance,F150 Pickup 2WD,13.0,Standard Pickup Trucks 2WD
2016,Roush Performance,F150 Pickup 4WD,13.0,Standard Pickup Trucks 4WD
2016,Roush Performance,Stage 3 Mustang,16.5,Subcompact Cars
2016,Scion,FR-S,26.0,Minicompact Cars
2016,Scion,iA,35.0,Subcompact Cars
2016,Scion,iM,30.5,Midsize Cars
2016,Scion,tC,26.0,Compact Cars
2016,Subaru,BRZ,26.0,Minicompact Cars
2016,Subaru,Forester AWD,25.0,Small Sport Utility Vehicle 4WD
2016,Subaru,Impreza AWD,29.5,Compact Cars
2016,Subaru,Impreza Sport AWD,28.5,Small Station Wagons
2016,Subaru,Impreza Wagon AWD,29.5,Small Station Wagons
2016,Subaru,Legacy AWD,26.0,Midsize Cars
2016,Subaru,Outback AWD,25.0,Small Sport Utility Vehicle 4WD
2016,Subaru,WRX,21.0,Compact Cars
2016,Subaru,XV Crosstrek AWD,27.5,Small Sport Utility Vehicle 4WD
2016,Subaru,XV Crosstrek Hybrid AWD,31.0,Small Sport Utility Vehicle 4WD
2016,Tesla,Model S (60 kW-hr battery pack),99.0,Large Cars
2016,Tesla,Model S (70 kW-hr battery pack),89.0,Large Cars
2016,Tesla,Model S (75 kW-hr battery pack),98.0,Large Cars
2016,Tesla,Model S (85 kW-hr battery pack),89.0,Large Cars
2016,Tesla,Model S (90 kW-hr battery pack),89.0,Large Cars
2016,Tesla,Model S AWD - 60D,104.0,Large Cars
2016,Tesla,Model S AWD - 70D,101.0,Large Cars
2016,Tesla,Model S AWD - 75D,103.0,Large Cars
2016,Tesla,Model S AWD - 85D,100.0,Large Cars
2016,Tesla,Model S AWD - 90D,103.0,Large Cars
2016,Tesla,Model S AWD - P100D,98.0,Large Cars
2016,Tesla,Model S AWD - P85D,93.0,Large Cars
2016,Tesla,Model S AWD - P90D,95.0,Large Cars
2016,Tesla,Model X AWD - 60D,93.0,Standard Sport Utility Vehicle 4WD
2016,Tesla,Model X AWD - 75D,93.0,Standard Sport Utility Vehicle 4WD
2016,Tesla,Model X AWD - 90D,92.0,Standard Sport Utility Vehicle 4WD
2016,Tesla,Model X AWD - P100D,86.0,Standard Sport Utility Vehicle 4WD
2016,Tesla,Model X AWD - P90D,89.0,Standard Sport Utility Vehicle 4WD
2016,Toyota,4Runner 2WD,19.0,Standard Sport Utility Vehicle 2WD
2016,Toyota,4Runner 4WD,18.0,Standard Sport Utility Vehicle 4WD
2016,Toyota,Avalon,24.0,Midsize Cars
2016,Toyota,Avalon Hybrid,40.0,Midsize Cars
2016,Toyota,Camry,26.5,Midsize Cars
2016,Toyota,Camry Hybrid LE,40.0,Midsize Cars
2016,Toyota,Camry Hybrid XLE/SE,39.0,Midsize Cars
2016,Toyota,Corolla,31.0,Midsize Cars
2016,Toyota,Corolla LE Eco,33.5,Midsize Cars
2016,Toyota,Highlander 2WD,21.5,Small Sport Utility Vehicle 2WD
2016,Toyota,Highlander AWD,20.0,Standard Sport Utility Vehicle 4WD
2016,Toyota,Highlander Hybrid AWD,28.0,Standard Sport Utility Vehicle 4WD
2016,Toyota,Highlander Hybrid AWD LE Plus,28.0,Standard Sport Utility Vehicle 4WD
2016,Toyota,Land Cruiser Wagon 4WD,15.0,Standard Sport Utility Vehicle 4WD
2016,Toyota,Mirai,67.0,Subcompact Cars
2016,Toyota,Prius,52.0,Midsize Cars
2016,Toyota,Prius Eco,56.0,Midsize Cars
2016,Toyota,Prius c,50.0,Compact Cars
2016,Toyota,Prius v,41.0,Midsize Station Wagons
2016,Toyota,RAV4,25.0,Small Sport Utility Vehicle 2WD
2016,Toyota,RAV4 AWD,25.0,Small Sport Utility Vehicle 4WD
2016,Toyota,RAV4 Hybrid AWD,32.0,Small Sport Utility Vehicle 4WD
2016,Toyota,RAV4 LE/XLE,26.0,Small Sport Utility Vehicle 2WD
2016,Toyota,RAV4 Limited AWD/SE AWD,24.0,Small Sport Utility Vehicle 4WD
2016,Toyota,Sequoia 2WD,15.0,Standard Sport Utility Vehicle 2WD
2016,Toyota,Sequoia 4WD,14.0,Standard Sport Utility Vehicle 4WD
2016,Toyota,Sequoia 4WD FFV,15.0,Standard Sport Utility Vehicle 4WD
2016,Toyota,Sienna 2WD,21.0,Minivan - 2WD
2016,Toyota,Sienna AWD,19.0,Minivan - 4WD
2016,Toyota,Tacoma 2WD,21.0,Small Pickup Trucks 2WD
2016,Toyota,Tacoma 4WD,20.0,Small Pickup Trucks 4WD
2016,Toyota,Tacoma 4WD Double Cab,18.0,Small Pickup Trucks 4WD
2016,Toyota,Tundra 2WD,16.0,Standard Pickup Trucks 2WD
2016,Toyota,Tundra 2WD FFV,15.0,Standard Pickup Trucks 2WD
2016,Toyota,Tundra 4WD,15.5,Standard Pickup Trucks 4WD
2016,Toyota,Tundra 4WD FFV,15.0,Standard Pickup Trucks 4WD
2016,Toyota,Yaris,32.5,Compact Cars
2016,Volkswagen,Beetle,27.0,Compact Cars
2016,Volkswagen,Beetle Convertible,26.0,Subcompact Cars
2016,Volkswagen,Beetle Dune,27.0,Compact Cars
2016,Volkswagen,Beetle Dune Convertible,27.0,Subcompact Cars
2016,Volkswagen,CC,25.0,Compact Cars
2016,Volkswagen,CC 4motion,20.0,Compact Cars
2016,Volkswagen,Eos,25.0,Subcompact Cars
2016,Volkswagen,GTI,28.0,Compact Cars
2016,Volkswagen,Golf,29.0,Compact Cars
2016,Volkswagen,Golf R,25.0,Compact Cars
2016,Volkswagen,Golf SportWagen,28.5,Small Station Wagons
2016,Volkswagen,Jetta,29.0,Compact Cars
2016,Volkswagen,Jetta Hybrid,44.0,Compact Cars
2016,Volkswagen,Passat,26.0,Midsize Cars
2016,Volkswagen,Tiguan,23.0,Small Sport Utility Vehicle 2WD
2016,Volkswagen,Tiguan 4motion,22.0,Small Sport Utility Vehicle 4WD
2016,Volkswagen,Touareg,21.5,Standard Sport Utility Vehicle 4WD
2016,Volkswagen,e-Golf,116.0,Compact Cars
2016,Volvo,S60 AWD,23.0,Compact Cars
2016,Volvo,S60 CC AWD,23.0,Compact Cars
2016,Volvo,S60 FWD,28.5,Compact Cars
2016,Volvo,S60 Inscription AWD,23.0,Compact Cars
2016,Volvo,S60 Inscription FWD,29.0,Compact Cars
2016,Volvo,S60 PoleStar AWD,21.0,Compact Cars
2016,Volvo,S80 FWD,29.0,Midsize Cars
2016,Volvo,V60 AWD,23.0,Small Station Wagons
2016,Volvo,V60 CC AWD,23.0,Small Station Wagons
2016,Volvo,V60 FWD,29.0,Small Station Wagons
2016,Volvo,V60 PoleStar AWD,21.0,Small Station Wagons
2016,Volvo,XC60 AWD,21.0,Small Sport Utility Vehicle 4WD
2016,Volvo,XC60 FWD,25.0,Small Sport Utility Vehicle 2WD
2016,Volvo,XC70 AWD,21.0,Small Sport Utility Vehicle 4WD
2016,Volvo,XC70 FWD,26.0,Small Sport Utility Vehicle 2WD
2016,Volvo,XC90 AWD,22.5,Standard Sport Utility Vehicle 4WD
2016,Volvo,XC90 AWD PHEV,25.0,Standard Sport Utility Vehicle 4WD
2016,Volvo,XC90 FWD,24.0,Standard Sport Utility Vehicle 2WD
2016,smart,fortwo coupe,34.5,Two Seaters
2016,smart,fortwo electric drive convertible,107.0,Two Seaters
2016,smart,fortwo electric drive coupe,107.0,Two Seaters
2017,Acura,ILX,29.0,Compact Cars
2017,Acura,MDX AWD,21.5,Small Sport Utility Vehicle 4WD
2017,Acura,MDX FWD,22.5,Small Sport Utility Vehicle 2WD
2017,Acura,MDX Hybrid AWD,27.0,Small Sport Utility Vehicle 4WD
2017,Acura,NSX Hybrid,21.0,Two Seaters
2017,Acura,RDX AWD,22.0,Small Sport Utility Vehicle 4WD
2017,Acura,RDX FWD,23.0,Small Sport Utility Vehicle 2WD
2017,Acura,RLX,23.0,Midsize Cars
2017,Acura,RLX Hybrid,29.0,Midsize Cars
2017,Acura,TLX AWD,25.0,Compact Cars
2017,Acura,TLX FWD,26.5,Compact Cars
2017,Alfa Romeo,4C,28.0,Two Seaters
2017,Alfa Romeo,Giulia,23.5,Midsize Cars
2017,Alfa Romeo,Giulia AWD,26.0,Midsize Cars
2017,Aston Martin,DB11 V12,17.0,Minicompact Cars
2017,Aston Martin,Rapide S,17.0,Subcompact Cars
2017,Aston Martin,V12 Vantage S,13.0,Two Seaters
2017,Aston Martin,Vanquish S Zagato,16.0,Minicompact Cars
2017,Audi,A3,29.0,Subcompact Cars
2017,Audi,A3 Cabriolet,28.0,Subcompact Cars
2017,Audi,A3 Cabriolet quattro,25.0,Subcompact Cars
2017,Audi,A3 e-tron,34.0,Compact Cars
2017,Audi,A3 quattro,27.0,Subcompact Cars
2017,Audi,A4,28.0,Compact Cars
2017,Audi,A4 Ultra,31.0,Compact Cars
2017,Audi,A4 allroad quattro,25.0,Small Station Wagons
2017,Audi,A4 quattro,27.0,Compact Cars
2017,Audi,A5 Cabriolet quattro,24.0,Subcompact Cars
2017,Audi,A5 quattro,25.0,Subcompact Cars
2017,Audi,A6,28.0,Midsize Cars
2017,Audi,A6 quattro,24.5,Midsize Cars
2017,Audi,A7 quattro,24.0,Midsize Cars
2017,Audi,A8 L,22.0,Large Cars
2017,Audi,Q3,23.0,Compact Cars
2017,Audi,Q3 quattro,23.0,Compact Cars
2017,Audi,Q5,21.5,Small Sport Utility Vehicle 4WD
2017,Audi,Q7,21.5,Standard Sport Utility Vehicle 4WD
2017,Audi,R8,17.0,Two Seaters
2017,Audi,R8 Spyder,17.0,Two Seaters
2017,Audi,RS 3,22.0,Subcompact Cars
2017,Audi,RS 7,18.0,Midsize Cars
2017,Audi,S3,24.0,Subcompact Cars
2017,Audi,S5,20.5,Subcompact Cars
2017,Audi,S5 Cabriolet,21.0,Subcompact Cars
2017,Audi,S6,21.0,Midsize Cars
2017,Audi,S7,21.0,Midsize Cars
2017,Audi,S8,18.0,Midsize Cars
2017,Audi,SQ5,19.0,Small Sport Utility Vehicle 4WD
2017,Audi,TT Coupe quattro,26.0,Subcompact Cars
2017,Audi,TT Roadster quattro,26.0,Two Seaters
2017,Audi,TTS Coupe,25.0,Subcompact Cars
2017,BMW,230i Convertible,27.0,Subcompact Cars
2017,BMW,230i Coupe,26.5,Subcompact Cars
2017,BMW,230i xDrive Convertible,26.0,Subcompact Cars
2017,BMW,230i xDrive Coupe,27.0,Subcompact Cars
2017,BMW,320i,27.5,Compact Cars
2017,BMW,320i xDrive,27.0,Compact Cars
2017,BMW,328d,36.0,Compact Cars
2017,BMW,328d xDrive,34.0,Compact Cars
2017,BMW,328d xDrive Sports Wagon,34.0,Small Station Wagons
2017,BMW,330e,30.0,Compact Cars
2017,BMW,330i,26.0,Compact Cars
2017,BMW,330i xDrive,26.0,Compact Cars
2017,BMW,330i xDrive Gran Turismo,26.0,Large Cars
2017,BMW,330i xDrive Sports Wagon,26.0,Small Station Wagons
2017,BMW,340i,24.0,Compact Cars
2017,BMW,340i xDrive,24.0,Compact Cars
2017,BMW,340i xDrive Gran Turismo,24.0,Large Cars
2017,BMW,430i Convertible,27.0,Subcompact Cars
2017,BMW,430i Coupe,26.0,Compact Cars
2017,BMW,430i Gran Coupe,27.0,Compact Cars
2017,BMW,430i xDrive Convertible,26.0,Subcompact Cars
2017,BMW,430i xDrive Coupe,26.0,Compact Cars
2017,BMW,430i xDrive Gran Coupe,26.0,Compact Cars
2017,BMW,440i Convertible,24.0,Subcompact Cars
2017,BMW,440i Coupe,24.0,Compact Cars
2017,BMW,440i Gran Coupe,25.0,Compact Cars
2017,BMW,440i xDrive Convertible,24.0,Subcompact Cars
2017,BMW,440i xDrive Coupe,24.0,Compact Cars
2017,BMW,440i xDrive Gran Coupe,25.0,Compact Cars
2017,BMW,530i,27.0,Midsize Cars
2017,BMW,530i xDrive,27.0,Midsize Cars
2017,BMW,535i Gran Turismo,22.0,Large Cars
2017,BMW,535i xDrive Gran Turismo,21.0,Large Cars
2017,BMW,540i,24.0,Midsize Cars
2017,BMW,540i xDrive,23.0,Midsize Cars
2017,BMW,550i xDrive Gran Turismo,18.0,Large Cars
2017,BMW,640i Convertible,23.0,Subcompact Cars
2017,BMW,640i Coupe,24.0,Subcompact Cars
2017,BMW,640i Gran Coupe,23.0,Compact Cars
2017,BMW,640i xDrive Convertible,22.0,Subcompact Cars
2017,BMW,640i xDrive Coupe,22.0,Subcompact Cars
2017,BMW,640i xDrive Gran Coupe,22.0,Compact Cars
2017,BMW,650i Convertible,19.0,Subcompact Cars
2017,BMW,650i Coupe,19.0,Subcompact Cars
2017,BMW,650i Gran Coupe,19.0,Compact Cars
2017,BMW,650i xDrive Convertible,18.0,Subcompact Cars
2017,BMW,650i xDrive Coupe,19.0,Subcompact Cars
2017,BMW,650i xDrive Gran Coupe,18.0,Compact Cars
2017,BMW,740e xDrive,27.0,Large Cars
2017,BMW,740i,24.0,Large Cars
2017,BMW,740i xDrive,22.0,Large Cars
2017,BMW,750i,20.0,Large Cars
2017,BMW,750i xDrive,19.0,Large Cars
2017,BMW,Alpina B6 xDrive Gran Coupe,18.0,Compact Cars
2017,BMW,Alpina B7 xDrive,18.0,Large Cars
2017,BMW,M2,21.5,Subcompact Cars
2017,BMW,M240i Convertible,24.0,Subcompact Cars
2017,BMW,M240i Coupe,23.5,Subcompact Cars
2017,BMW,M240i xDrive Convertible,25.0,Subcompact Cars
2017,BMW,M240i xDrive Coupe,25.0,Subcompact Cars
2017,BMW,M3,19.5,Compact Cars
2017,BMW,M4 Convertible,19.5,Subcompact Cars
2017,BMW,M4 Coupe,19.5,Compact Cars
2017,BMW,M6 Convertible,16.5,Subcompact Cars
2017,BMW,M6 Coupe,16.5,Subcompact Cars
2017,BMW,M6 Gran Coupe,16.5,Compact Cars
2017,BMW,M760i xDrive,16.0,Large Cars
2017,BMW,X1 sDrive28i,26.0,Large Cars
2017,BMW,X1 xDrive28i,25.0,Large Cars
2017,BMW,X3 sDrive28i,24.0,Small Sport Utility Vehicle 2WD
2017,BMW,X3 xDrive28i,24.0,Small Sport Utility Vehicle 4WD
2017,BMW,X3 xDrive35i,21.0,Small Sport Utility Vehicle 4WD
2017,BMW,X4 M40i,21.0,Small Sport Utility Vehicle 4WD
2017,BMW,X4 xDrive28i,23.0,Small Sport Utility Vehicle 4WD
2017,BMW,X5 M,16.0,Standard Sport Utility Vehicle 4WD
2017,BMW,X5 sDrive35i,21.0,Standard Sport Utility Vehicle 2WD
2017,BMW,X5 xDrive 35d,25.0,Standard Sport Utility Vehicle 4WD
2017,BMW,X5 xDrive35i,20.0,Standard Sport Utility Vehicle 4WD
2017,BMW,X5 xDrive40e,24.0,Standard Sport Utility Vehicle 4WD
2017,BMW,X5 xDrive50i,17.0,Standard Sport Utility Vehicle 4WD
2017,BMW,X6 M,16.0,Standard Sport Utility Vehicle 4WD
2017,BMW,X6 sDrive35i,21.0,Standard Sport Utility Vehicle 2WD
2017,BMW,X6 xDrive35i,20.0,Standard Sport Utility Vehicle 4WD
2017,BMW,X6 xDrive50i,17.0,Standard Sport Utility Vehicle 4WD
2017,BMW,i3 BEV (60  Amp-hour battery),124.0,Subcompact Cars
2017,BMW,i3 BEV (94 Amp-hour battery),118.0,Subcompact Cars
2017,BMW,i3 REX  (94 Amp-hour battery),35.0,Subcompact Cars
2017,BMW,i8,28.0,Subcompact Cars
2017,BYD,e6,72.0,Small Sport Utility Vehicle 2WD
2017,Bentley,Bentayga,15.0,Standard Sport Utility Vehicle 4WD
2017,Bentley,Continental GT,16.5,Compact Cars
2017,Bentley,Continental GT Convertible,15.5,Subcompact Cars
2017,Bentley,Continental Supersports,14.0,Compact Cars
2017,Bentley,Continental Supersports Convertible,13.0,Subcompact Cars
2017,Bentley,Flying Spur,16.0,Midsize Cars
2017,Bentley,Mulsanne,14.0,Midsize Cars
2017,Bentley,Mulsanne EWB,13.0,Midsize Cars
2017,Buick,Cascada,23.0,Subcompact Cars
2017,Buick,Enclave AWD,17.0,Standard Sport Utility Vehicle 4WD
2017,Buick,Enclave FWD,18.0,Standard Sport Utility Vehicle 2WD
2017,Buick,Encore,29.0,Small Sport Utility Vehicle 2WD
2017,Buick,Encore AWD,27.5,Small Sport Utility Vehicle 4WD
2017,Buick,Envision AWD,23.0,Small Sport Utility Vehicle 4WD
2017,Buick,Envision FWD,25.0,Small Sport Utility Vehicle 2WD
2017,Buick,LaCrosse,25.0,Midsize Cars
2017,Buick,LaCrosse AWD,23.0,Midsize Cars
2017,Buick,Regal,23.5,Midsize Cars
2017,Buick,Regal AWD,22.0,Midsize Cars
2017,Buick,Verano,24.0,Compact Cars
2017,Cadillac,ATS,24.5,Compact Cars
2017,Cadillac,ATS AWD,23.5,Compact Cars
2017,Cadillac,ATS-V,19.5,Compact Cars
2017,Cadillac,CT6,25.0,Large Cars
2017,Cadillac,CT6 AWD,21.0,Large Cars
2017,Cadillac,CT6 Plug-In,26.0,Midsize Cars
2017,Cadillac,CTS,24.0,Midsize Cars
2017,Cadillac,CTS AWD,23.0,Midsize Cars
2017,Cadillac,CTS-V,17.0,Midsize Cars
2017,Cadillac,Escalade 2WD,17.0,Standard Sport Utility Vehicle 2WD
2017,Cadillac,Escalade 4WD,17.0,Standard Sport Utility Vehicle 4WD
2017,Cadillac,XT5,22.0,Small Sport Utility Vehicle 2WD
2017,Cadillac,XT5 AWD,21.0,Small Sport Utility Vehicle 4WD
2017,Cadillac,XTS,22.0,Large Cars
2017,Cadillac,XTS AWD,19.0,Large Cars
2017,Cadillac,XTS Hearse,17.0,Special Purpose Vehicle 2WD
2017,Cadillac,XTS Limo,17.0,Special Purpose Vehicle 2WD
2017,Chevrolet,Bolt EV,119.0,Small Station Wagons
2017,Chevrolet,Camaro,20.0,Subcompact Cars
2017,Chevrolet,City Express Cargo Van,25.0,Special Purpose Vehicle 2WD
2017,Chevrolet,Colorado 2WD,22.0,Small Pickup Trucks 2WD
2017,Chevrolet,Colorado 4WD,21.0,Small Pickup Trucks 4WD
2017,Chevrolet,Colorado Cab Chassis 2WD,15.0,Special Purpose Vehicle 2WD
2017,Chevrolet,Colorado ZR2 4WD,18.5,Small Pickup Trucks 4WD
2017,Chevrolet,Corvette,18.5,Two Seaters
2017,Chevrolet,Cruze,35.5,Compact Cars
2017,Chevrolet,Cruze Hatchback,31.5,Midsize Cars
2017,Chevrolet,Cruze Premier,33.0,Compact Cars
2017,Chevrolet,Cruze Premier Hatchback,31.0,Midsize Cars
2017,Chevrolet,Equinox AWD,23.0,Small Sport Utility Vehicle 4WD
2017,Chevrolet,Equinox FWD,25.0,Small Sport Utility Vehicle 2WD
2017,Chevrolet,Express 2500 2WD Passenger,13.0,"Vans, Passenger Type"
2017,Chevrolet,Express 3500 2WD Passenger,12.0,"Vans, Passenger Type"
2017,Chevrolet,Impala,22.0,Large Cars
2017,Chevrolet,Malibu,28.0,Midsize Cars
2017,Chevrolet,Malibu Hybrid,46.0,Midsize Cars
2017,Chevrolet,SS,16.5,Large Cars
2017,Chevrolet,Silverado 15 Hybrid 2WD,20.0,Standard Pickup Trucks 2WD
2017,Chevrolet,Silverado 15 Hybrid 4WD,18.0,Standard Pickup Trucks 4WD
2017,Chevrolet,Silverado C15 2WD,19.0,Standard Pickup Trucks 2WD
2017,Chevrolet,Silverado C15 Cab Chassis 2WD,17.0,Special Purpose Vehicle 2WD
2017,Chevrolet,Silverado K15 4WD,18.0,Standard Pickup Trucks 4WD
2017,Chevrolet,Silverado K15 Cab Chassis 4WD,17.0,Special Purpose Vehicle 4WD
2017,Chevrolet,Sonic,29.0,Compact Cars
2017,Chevrolet,Sonic 5,29.0,Small Station Wagons
2017,Chevrolet,Spark,33.0,Subcompact Cars
2017,Chevrolet,Spark ACTIV,32.5,Subcompact Cars
2017,Chevrolet,Suburban C1500 2WD,19.0,Standard Sport Utility Vehicle 2WD
2017,Chevrolet,Suburban K1500 4WD,18.0,Standard Sport Utility Vehicle 4WD
2017,Chevrolet,Tahoe C1500 2WD,19.0,Standard Sport Utility Vehicle 2WD
2017,Chevrolet,Tahoe K1500 4WD,18.0,Standard Sport Utility Vehicle 4WD
2017,Chevrolet,Traverse AWD,17.0,Standard Sport Utility Vehicle 4WD
2017,Chevrolet,Traverse FWD,18.0,Standard Sport Utility Vehicle 2WD
2017,Chevrolet,Trax,28.0,Small Sport Utility Vehicle 2WD
2017,Chevrolet,Trax AWD,27.0,Small Sport Utility Vehicle 4WD
2017,Chevrolet,Volt,42.0,Compact Cars
2017,Chrysler,200,27.0,Midsize Cars
2017,Chrysler,200 AWD,22.0,Midsize Cars
2017,Chrysler,300,23.0,Large Cars
2017,Chrysler,300 AWD,21.0,Large Cars
2017,Chrysler,Pacifica,22.0,Minivan - 2WD
2017,Chrysler,Pacifica Hybrid,32.0,Minivan - 2WD
2017,Dodge,Challenger,18.0,Midsize Cars
2017,Dodge,Challenger GT,21.0,Midsize Cars
2017,Dodge,Challenger SRT,16.5,Midsize Cars
2017,Dodge,Charger,21.0,Large Cars
2017,Dodge,Charger AWD,21.0,Large Cars
2017,Dodge,Charger SRT,17.0,Large Cars
2017,Dodge,Durango AWD,19.0,Standard Sport Utility Vehicle 4WD
2017,Dodge,Durango RWD,19.0,Standard Sport Utility Vehicle 2WD
2017,Dodge,Grand Caravan,20.0,Minivan - 2WD
2017,Dodge,Journey,20.0,Small Sport Utility Vehicle 2WD
2017,Dodge,Journey AWD,19.0,Small Sport Utility Vehicle 4WD
2017,Dodge,Viper,14.0,Two Seaters
2017,Ferrari,488 GTB,18.0,Two Seaters
2017,Ferrari,488 Spider,18.0,Two Seaters
2017,Ferrari,California T,18.5,Minicompact Cars
2017,Ferrari,F12 Berlinetta,13.0,Two Seaters
2017,Ferrari,F12 tdf,12.5,Two Seaters
2017,Ferrari,GTC4Lusso,13.0,Minicompact Cars
2017,Ferrari,LaFerrari Aperta,13.0,Two Seaters
2017,Fiat,124 Spider,29.5,Two Seaters
2017,Fiat,500,29.5,Minicompact Cars
2017,Fiat,500 Abarth,28.5,Minicompact Cars
2017,Fiat,500 L,25.0,Small Station Wagons
2017,Fiat,500 X,26.5,Small Sport Utility Vehicle 2WD
2017,Fiat,500 X AWD,24.0,Small Sport Utility Vehicle 4WD
2017,Fiat,500e,112.0,Minicompact Cars
2017,Ford,C-MAX Energi Plug-In Hybrid,39.0,Midsize Cars
2017,Ford,C-MAX Hybrid FWD,40.0,Large Cars
2017,Ford,Edge AWD,20.0,Small Sport Utility Vehicle 4WD
2017,Ford,Edge FWD,24.0,Small Sport Utility Vehicle 2WD
2017,Ford,Escape AWD,23.5,Small Sport Utility Vehicle 4WD
2017,Ford,Escape FWD,25.0,Small Sport Utility Vehicle 2WD
2017,Ford,Escape FWD FFV,24.0,Small Sport Utility Vehicle 2WD
2017,Ford,Expedition 2WD,18.0,Standard Sport Utility Vehicle 2WD
2017,Ford,Expedition 4WD,17.0,Standard Sport Utility Vehicle 4WD
2017,Ford,Expedition EL 2WD,17.0,Standard Sport Utility Vehicle 2WD
2017,Ford,Expedition EL 4WD,16.0,Standard Sport Utility Vehicle 4WD
2017,Ford,Explorer 2WD FFV,20.0,Standard Sport Utility Vehicle 2WD
2017,Ford,Explorer AWD,19.0,Standard Sport Utility Vehicle 4WD
2017,Ford,Explorer AWD FFV,19.0,Standard Sport Utility Vehicle 4WD
2017,Ford,Explorer FWD,21.0,Standard Sport Utility Vehicle 2WD
2017,Ford,F150 2.7L 2WD GVWR>6649 LBS,21.0,Standard Pickup Trucks 2WD
2017,Ford,F150 2.7L 4WD GVWR>6799 LBS,19.0,Standard Pickup Trucks 4WD
2017,Ford,F150 2WD BASE PAYLOAD LT TIRE,20.5,Standard Pickup Trucks 2WD
2017,Ford,F150 3.5L 2WD GVWR>7599 LBS,19.0,Standard Pickup Trucks 2WD
2017,Ford,F150 3.5L 4WD GVWR>7599 LBS,19.0,Standard Pickup Trucks 4WD
2017,Ford,F150 4WD BASE PAYLOAD LT TIRE,19.0,Standard Pickup Trucks 4WD
2017,Ford,F150 4WD FFV BASE PAYLOAD LT TIRE,17.0,Standard Pickup Trucks 4WD
2017,Ford,F150 5.0L 2WD FFV GVWR>7599 LBS,16.0,Standard Pickup Trucks 2WD
2017,Ford,F150 5.0L 4WD FFV GVWR>7599 LBS,16.0,Standard Pickup Trucks 4WD
2017,Ford,F150 Pickup 2WD,21.5,Standard Pickup Trucks 2WD
2017,Ford,F150 Pickup 2WD FFV,19.0,Standard Pickup Trucks 2WD
2017,Ford,F150 Pickup 4WD,20.0,Standard Pickup Trucks 4WD
2017,Ford,F150 Pickup 4WD FFV,18.0,Standard Pickup Trucks 4WD
2017,Ford,F150 RAPTOR 4WD,16.0,Standard Pickup Trucks 4WD
2017,Ford,Fiesta FWD,30.5,Subcompact Cars
2017,Ford,Fiesta SFE FWD,35.0,Subcompact Cars
2017,Ford,Fiesta ST FWD,29.0,Compact Cars
2017,Ford,Flex AWD,17.5,Standard Sport Utility Vehicle 4WD
2017,Ford,Flex FWD,19.0,Standard Sport Utility Vehicle 2WD
2017,Ford,Focus Electric,107.0,Compact Cars
2017,Ford,Focus FWD,31.0,Compact Cars
2017,Ford,Focus FWD FFV,29.0,Compact Cars
2017,Ford,Focus RS AWD,22.0,Midsize Cars
2017,Ford,Focus ST FWD,25.0,Midsize Cars
2017,Ford,Fusion AWD,21.5,Midsize Cars
2017,Ford,Fusion Energi Plug-in Hybrid,42.0,Midsize Cars
2017,Ford,Fusion FWD,25.0,Midsize Cars
2017,Ford,Fusion Hybrid FWD,42.0,Midsize Cars
2017,Ford,GT,14.0,Two Seaters
2017,Ford,Mustang,21.0,Subcompact Cars
2017,Ford,Mustang Convertible,20.5,Subcompact Cars
2017,Ford,Mustang Performance Package,23.0,Subcompact Cars
2017,Ford,Shelby GT350 Mustang,16.0,Subcompact Cars
2017,Ford,Taurus AWD,19.0,Large Cars
2017,Ford,Taurus AWD FFV,19.0,Large Cars
2017,Ford,Taurus FWD,22.0,Large Cars
2017,Ford,Taurus FWD FFV,21.0,Large Cars
2017,Ford,Transit Connect Van 2WD,23.0,Special Purpose Vehicle 2WD
2017,Ford,Transit Connect Van FFV,23.0,Special Purpose Vehicle 2WD
2017,Ford,Transit Connect Wagon FFV,22.0,Special Purpose Vehicle 2WD
2017,Ford,Transit Connect Wagon FWD,22.0,Special Purpose Vehicle 2WD
2017,Ford,Transit Connect Wagon LWB FFV,22.0,Special Purpose Vehicle 2WD
2017,Ford,Transit Connect Wagon LWB FWD,22.0,Special Purpose Vehicle 2WD
2017,Ford,Transit T150 Wagon,16.0,"Vans, Passenger Type"
2017,Ford,Transit T150 Wagon FFV,16.0,"Vans, Passenger Type"
2017,GMC,Acadia AWD,21.5,Standard Sport Utility Vehicle 4WD
2017,GMC,Acadia FWD,22.0,Standard Sport Utility Vehicle 2WD
2017,GMC,Acadia Limited AWD,17.0,Standard Sport Utility Vehicle 4WD
2017,GMC,Acadia Limited FWD,18.0,Standard Sport Utility Vehicle 2WD
2017,GMC,Canyon 2WD,22.0,Small Pickup Trucks 2WD
2017,GMC,Canyon 4WD,21.0,Small Pickup Trucks 4WD
2017,GMC,Canyon Cab Chassis 2WD,15.0,Special Purpose Vehicle 2WD
2017,GMC,Savana 2500 2WD (Passenger),13.0,"Vans, Passenger Type"
2017,GMC,Savana 3500 2WD (Passenger),12.0,"Vans, Passenger Type"
2017,GMC,Sierra 15 Hybrid 2WD,20.0,Standard Pickup Trucks 2WD
2017,GMC,Sierra 15 Hybrid 4WD,18.0,Standard Pickup Trucks 4WD
2017,GMC,Sierra C15 2WD,19.0,Standard Pickup Trucks 2WD
2017,GMC,Sierra C15 Cab Chassis 2WD,17.0,Special Purpose Vehicle 2WD
2017,GMC,Sierra K15 4WD,18.0,Standard Pickup Trucks 4WD
2017,GMC,Sierra K15 Cab Chassis 4WD,17.0,Special Purpose Vehicle 4WD
2017,GMC,Terrain AWD,20.5,Small Sport Utility Vehicle 4WD
2017,GMC,Terrain FWD,25.0,Small Sport Utility Vehicle 2WD
2017,GMC,Yukon C1500 2WD,19.0,Standard Sport Utility Vehicle 2WD
2017,GMC,Yukon C1500 XL 2WD,19.0,Standard Sport Utility Vehicle 2WD
2017,GMC,Yukon K1500 4WD,18.0,Standard Sport Utility Vehicle 4WD
2017,GMC,Yukon K1500 XL 4WD,18.0,Standard Sport Utility Vehicle 4WD
2017,Genesis,G80 AWD,19.0,Large Cars
2017,Genesis,G80 RWD,20.0,Large Cars
2017,Genesis,G90 AWD,19.0,Large Cars
2017,Genesis,G90 RWD,19.5,Large Cars
2017,Honda,Accord,25.5,Midsize Cars
2017,Honda,Accord Hybrid,48.0,Midsize Cars
2017,Honda,CR-V AWD,28.0,Small Sport Utility Vehicle 4WD
2017,Honda,CR-V FWD,29.0,Small Sport Utility Vehicle 2WD
2017,Honda,Civic 2Dr,34.5,Compact Cars
2017,Honda,Civic 4Dr,34.5,Midsize Cars
2017,Honda,Civic 5Dr,33.5,Large Cars
2017,Honda,Civic 5Dr - Type R,25.0,Large Cars
2017,Honda,Civic 5Dr Sport,32.5,Large Cars
2017,Honda,Civic Si 2Dr,32.0,Compact Cars
2017,Honda,Civic Si 4Dr,32.0,Midsize Cars
2017,Honda,Clarity EV,114.0,Midsize Cars
2017,Honda,Clarity FCV,68.0,Midsize Cars
2017,Honda,Fit,34.0,Small Station Wagons
2017,Honda,HR-V AWD,29.0,Small Station Wagons
2017,Honda,HR-V FWD,31.0,Small Station Wagons
2017,Honda,Odyssey,22.0,Minivan - 2WD
2017,Honda,Pilot AWD,21.5,Small Sport Utility Vehicle 4WD
2017,Honda,Pilot FWD,22.5,Small Sport Utility Vehicle 2WD
2017,Honda,Ridgeline AWD,21.0,Standard Pickup Trucks 4WD
2017,Honda,Ridgeline FWD,22.0,Small Pickup Trucks 2WD
2017,Hyundai,Accent,30.5,Compact Cars
2017,Hyundai,Azera,23.0,Large Cars
2017,Hyundai,Azera Limited,22.0,Large Cars
2017,Hyundai,Elantra,29.0,Midsize Cars
2017,Hyundai,Elantra GT,27.0,Midsize Cars
2017,Hyundai,Elantra SE,33.0,Midsize Cars
2017,Hyundai,Ioniq,55.0,Large Cars
2017,Hyundai,Ioniq Blue,58.0,Large Cars
2017,Hyundai,Ioniq Electric,136.0,Midsize Cars
2017,Hyundai,Santa Fe AWD,20.0,Small Sport Utility Vehicle 4WD
2017,Hyundai,Santa Fe FWD,21.0,Small Sport Utility Vehicle 2WD
2017,Hyundai,Santa Fe Sport AWD,22.0,Small Sport Utility Vehicle 4WD
2017,Hyundai,Santa Fe Sport FWD,23.5,Small Sport Utility Vehicle 2WD
2017,Hyundai,Santa Fe Sport Ultimate AWD,21.0,Small Sport Utility Vehicle 4WD
2017,Hyundai,Santa Fe Sport Ultimate FWD,23.0,Small Sport Utility Vehicle 2WD
2017,Hyundai,Santa Fe Ultimate AWD,19.0,Small Sport Utility Vehicle 4WD
2017,Hyundai,Santa Fe Ultimate FWD,20.0,Small Sport Utility Vehicle 2WD
2017,Hyundai,Sonata,29.0,Large Cars
2017,Hyundai,Sonata Hybrid,40.0,Midsize Cars
2017,Hyundai,Sonata Hybrid SE,42.0,Midsize Cars
2017,Hyundai,Sonata Limited,24.0,Large Cars
2017,Hyundai,Sonata Plug-in Hybrid,39.0,Midsize Cars
2017,Hyundai,Sonata Sport Limited,28.0,Large Cars
2017,Hyundai,Tucson AWD,24.0,Small Sport Utility Vehicle 4WD
2017,Hyundai,Tucson Eco AWD,27.0,Small Sport Utility Vehicle 4WD
2017,Hyundai,Tucson Eco FWD,28.0,Small Sport Utility Vehicle 2WD
2017,Hyundai,Tucson FWD,26.5,Small Sport Utility Vehicle 2WD
2017,Hyundai,Tucson Fuel Cell,50.0,Small Sport Utility Vehicle 2WD
2017,Hyundai,Veloster,29.5,Compact Cars
2017,Infiniti,Q50,24.5,Midsize Cars
2017,Infiniti,Q50 AWD,23.0,Midsize Cars
2017,Infiniti,Q50 Hybrid,29.0,Compact Cars
2017,Infiniti,Q50 Hybrid AWD,28.0,Compact Cars
2017,Infiniti,Q50S Red Sport,22.0,Midsize Cars
2017,Infiniti,Q50S Red Sport  AWD,22.0,Midsize Cars
2017,Infiniti,Q60,23.5,Subcompact Cars
2017,Infiniti,Q60 AWD,23.0,Subcompact Cars
2017,Infiniti,Q60S Red Sport,22.0,Subcompact Cars
2017,Infiniti,Q60S Red Sport AWD,21.0,Subcompact Cars
2017,Infiniti,Q70,20.0,Midsize Cars
2017,Infiniti,Q70 AWD,19.0,Midsize Cars
2017,Infiniti,Q70 Hybrid,30.0,Midsize Cars
2017,Infiniti,QX30,27.0,Compact Cars
2017,Infiniti,QX30 AWD,25.0,Compact Cars
2017,Infiniti,QX50,20.0,Small Station Wagons
2017,Infiniti,QX50 AWD,20.0,Small Station Wagons
2017,Infiniti,QX60 AWD,22.0,Small Sport Utility Vehicle 4WD
2017,Infiniti,QX60 FWD,22.0,Small Sport Utility Vehicle 2WD
2017,Infiniti,QX60 Hybrid AWD,26.0,Standard Sport Utility Vehicle 4WD
2017,Infiniti,QX60 Hybrid FWD,26.0,Standard Sport Utility Vehicle 2WD
2017,Infiniti,QX70 AWD,18.0,Small Sport Utility Vehicle 4WD
2017,Infiniti,QX70 RWD,19.0,Small Sport Utility Vehicle 2WD
2017,Infiniti,QX80 2WD,16.0,Standard Sport Utility Vehicle 2WD
2017,Infiniti,QX80 4WD,15.0,Standard Sport Utility Vehicle 4WD
2017,Jaguar,F-Pace,24.5,Small Sport Utility Vehicle 4WD
2017,Jaguar,F-Type Convertible,21.0,Two Seaters
2017,Jaguar,F-Type Coupe,21.0,Two Seaters
2017,Jaguar,F-Type R AWD Convertible,18.0,Two Seaters
2017,Jaguar,F-Type R AWD Coupe,18.0,Two Seaters
2017,Jaguar,F-Type S AWD Convertible,21.0,Two Seaters
2017,Jaguar,F-Type S AWD Coupe,21.0,Two Seaters
2017,Jaguar,F-Type S Convertible,20.0,Two Seaters
2017,Jaguar,F-Type S Coupe,20.0,Two Seaters
2017,Jaguar,XE,24.0,Compact Cars
2017,Jaguar,XE AWD,28.5,Compact Cars
2017,Jaguar,XF,29.0,Midsize Cars
2017,Jaguar,XF AWD,28.5,Midsize Cars
2017,Jaguar,XJ,19.5,Large Cars
2017,Jaguar,XJ AWD,20.0,Large Cars
2017,Jaguar,XJL,19.5,Large Cars
2017,Jaguar,XJL AWD,20.0,Large Cars
2017,Jeep,Cherokee 4WD,23.0,Small Sport Utility Vehicle 4WD
2017,Jeep,Cherokee 4WD Active Drive II,22.0,Small Sport Utility Vehicle 4WD
2017,Jeep,Cherokee FWD,25.0,Small Sport Utility Vehicle 2WD
2017,Jeep,Cherokee Trailhawk 4WD,21.5,Small Sport Utility Vehicle 4WD
2017,Jeep,Compass 4WD,22.0,Small Sport Utility Vehicle 4WD
2017,Jeep,Compass FWD,24.5,Small Sport Utility Vehicle 2WD
2017,Jeep,Grand Cherokee 2WD,21.0,Standard Sport Utility Vehicle 2WD
2017,Jeep,Grand Cherokee 4WD,19.0,Standard Sport Utility Vehicle 4WD
2017,Jeep,Grand Cherokee SRT 4WD,15.0,Standard Sport Utility Vehicle 4WD
2017,Jeep,New Compass 2WD,25.5,Small Sport Utility Vehicle 2WD
2017,Jeep,New Compass 4WD,25.0,Small Sport Utility Vehicle 4WD
2017,Jeep,Patriot 4WD,22.0,Small Sport Utility Vehicle 4WD
2017,Jeep,Patriot FWD,24.5,Small Sport Utility Vehicle 2WD
2017,Jeep,Renegade 2WD,25.5,Small Sport Utility Vehicle 2WD
2017,Jeep,Renegade 4WD,25.0,Small Sport Utility Vehicle 4WD
2017,Jeep,Wrangler 4WD,18.0,Small Sport Utility Vehicle 4WD
2017,Jeep,Wrangler Unlimited 4WD,18.0,Small Sport Utility Vehicle 4WD
2017,Kia,Cadenza,23.0,Large Cars
2017,Kia,Forte,28.0,Midsize Cars
2017,Kia,Forte 5,27.0,Large Cars
2017,Kia,Forte Koup,27.0,Compact Cars
2017,Kia,K900,19.0,Large Cars
2017,Kia,Niro,49.0,Small Station Wagons
2017,Kia,Niro FE,50.0,Small Station Wagons
2017,Kia,Niro Touring,43.0,Small Station Wagons
2017,Kia,Optima,28.0,Large Cars
2017,Kia,Optima FE,29.0,Large Cars
2017,Kia,Optima Hybrid,42.0,Midsize Cars
2017,Kia,Optima Plug-in Hybrid,40.0,Midsize Cars
2017,Kia,Rio,30.5,Compact Cars
2017,Kia,Rio Eco,31.0,Compact Cars
2017,Kia,Sedona,20.0,Minivan - 2WD
2017,Kia,Sedona SX,21.0,Minivan - 2WD
2017,Kia,Sedona SXL,19.0,Minivan - 2WD
2017,Kia,Sorento AWD,22.0,Small Sport Utility Vehicle 4WD
2017,Kia,Sorento FE AWD,21.0,Small Sport Utility Vehicle 4WD
2017,Kia,Sorento FWD,23.0,Small Sport Utility Vehicle 2WD
2017,Kia,Soul,27.0,Small Station Wagons
2017,Kia,Soul Electric,105.0,Small Station Wagons
2017,Kia,Sportage AWD,22.0,Small Sport Utility Vehicle 4WD
2017,Kia,Sportage FE AWD,22.0,Small Sport Utility Vehicle 4WD
2017,Kia,Sportage FE FWD,26.0,Small Sport Utility Vehicle 2WD
2017,Kia,Sportage FWD,24.0,Small Sport Utility Vehicle 2WD
2017,Lamborghini,Aventador Coupe,13.0,Two Seaters
2017,Lamborghini,Aventador Coupe LP740-4,12.0,Two Seaters
2017,Lamborghini,Aventador Roadster,13.0,Two Seaters
2017,Lamborghini,Aventador Roadster LP740-4,12.0,Two Seaters
2017,Lamborghini,Huracan,17.0,Two Seaters
2017,Lamborghini,Huracan 2WD,17.0,Two Seaters
2017,Lamborghini,Huracan Spyder,16.0,Two Seaters
2017,Lamborghini,Huracan Spyder 2WD,16.0,Two Seaters
2017,Land Rover,Discovery,20.5,Standard Sport Utility Vehicle 4WD
2017,Land Rover,Discovery Sport,22.0,Small Sport Utility Vehicle 4WD
2017,Land Rover,Range Rover,19.0,Standard Sport Utility Vehicle 4WD
2017,Land Rover,Range Rover Evoque,24.0,Small Sport Utility Vehicle 4WD
2017,Land Rover,Range Rover Evoque Convertible,23.0,Small Sport Utility Vehicle 4WD
2017,Land Rover,Range Rover LWB,16.0,Standard Sport Utility Vehicle 4WD
2017,Land Rover,Range Rover Sport,19.0,Standard Sport Utility Vehicle 4WD
2017,Lexus,CT 200h,42.0,Compact Cars
2017,Lexus,ES 300h,40.0,Midsize Cars
2017,Lexus,ES 350,24.0,Midsize Cars
2017,Lexus,GS 200t,26.0,Midsize Cars
2017,Lexus,GS 200t F Sport,24.0,Midsize Cars
2017,Lexus,GS 350,23.0,Midsize Cars
2017,Lexus,GS 350 AWD,22.0,Midsize Cars
2017,Lexus,GS 350 F Sport,22.0,Midsize Cars
2017,Lexus,GS 450h,31.0,Midsize Cars
2017,Lexus,GS F,19.0,Compact Cars
2017,Lexus,GX 460,16.0,Standard Sport Utility Vehicle 4WD
2017,Lexus,IS 200t,26.0,Compact Cars
2017,Lexus,IS 300 AWD,21.0,Compact Cars
2017,Lexus,IS 350,22.0,Compact Cars
2017,Lexus,IS 350 AWD,21.0,Compact Cars
2017,Lexus,LS 460,19.0,Midsize Cars
2017,Lexus,LS 460 AWD,18.0,Midsize Cars
2017,Lexus,LS 460 L,19.0,Midsize Cars
2017,Lexus,LS 460 L AWD,18.0,Midsize Cars
2017,Lexus,LX 570,15.0,Standard Sport Utility Vehicle 4WD
2017,Lexus,NX 200t,25.0,Small Sport Utility Vehicle 2WD
2017,Lexus,NX 200t AWD,24.0,Small Sport Utility Vehicle 4WD
2017,Lexus,NX 200t AWD F Sport,24.0,Small Sport Utility Vehicle 4WD
2017,Lexus,NX 300h AWD,31.0,Small Sport Utility Vehicle 4WD
2017,Lexus,RC 200t,26.0,Subcompact Cars
2017,Lexus,RC 300 AWD,21.0,Subcompact Cars
2017,Lexus,RC 350,22.0,Subcompact Cars
2017,Lexus,RC 350 AWD,21.0,Subcompact Cars
2017,Lexus,RC F,19.0,Subcompact Cars
2017,Lexus,RX 350,23.0,Small Sport Utility Vehicle 2WD
2017,Lexus,RX 350 AWD,22.0,Small Sport Utility Vehicle 4WD
2017,Lexus,RX 450h AWD,30.0,Standard Sport Utility Vehicle 4WD
2017,Lincoln,Continental  AWD,19.0,Large Cars
2017,Lincoln,Continental  FWD,20.5,Large Cars
2017,Lincoln,MKC AWD,21.0,Small Sport Utility Vehicle 4WD
2017,Lincoln,MKC FWD,23.0,Small Sport Utility Vehicle 2WD
2017,Lincoln,MKT AWD,17.0,Standard Sport Utility Vehicle 4WD
2017,Lincoln,MKT FWD,19.0,Standard Sport Utility Vehicle 2WD
2017,Lincoln,MKT Hearse AWD,16.0,Special Purpose Vehicle 4WD
2017,Lincoln,MKT Limo AWD,15.0,Special Purpose Vehicle 4WD
2017,Lincoln,MKT Livery AWD,18.0,Special Purpose Vehicle 4WD
2017,Lincoln,MKX AWD,19.0,Small Sport Utility Vehicle 4WD
2017,Lincoln,MKX FWD,20.0,Small Sport Utility Vehicle 2WD
2017,Lincoln,MKZ AWD,21.5,Midsize Cars
2017,Lincoln,MKZ FWD,22.5,Midsize Cars
2017,Lincoln,MKZ Hybrid FWD,40.0,Midsize Cars
2017,Lincoln,Navigator 2WD,17.0,Standard Sport Utility Vehicle 2WD
2017,Lincoln,Navigator 4WD,17.0,Standard Sport Utility Vehicle 4WD
2017,Lincoln,Navigator L 2WD,17.0,Standard Sport Utility Vehicle 2WD
2017,Lincoln,Navigator L 4WD,16.0,Standard Sport Utility Vehicle 4WD
2017,Lotus,Evora,19.5,Minicompact Cars
2017,MINI,Cooper Clubman,28.0,Midsize Cars
2017,MINI,Cooper Clubman All4,25.5,Midsize Cars
2017,MINI,Cooper Convertible,31.0,Minicompact Cars
2017,MINI,Cooper Countryman,28.0,Midsize Cars
2017,MINI,Cooper Countryman All4,25.5,Midsize Cars
2017,MINI,Cooper Hardtop 2 door,31.0,Subcompact Cars
2017,MINI,Cooper Hardtop 4 door,31.0,Subcompact Cars
2017,MINI,Cooper S Clubman,26.0,Midsize Cars
2017,MINI,Cooper S Clubman All4,25.0,Midsize Cars
2017,MINI,Cooper S Convertible,27.0,Minicompact Cars
2017,MINI,Cooper S Countryman,27.0,Midsize Cars
2017,MINI,Cooper S Countryman All4,25.0,Midsize Cars
2017,MINI,Cooper S Hardtop 2 door,27.0,Subcompact Cars
2017,MINI,Cooper S Hardtop 4 door,27.0,Subcompact Cars
2017,MINI,John Cooper Works Clubman All4,25.0,Midsize Cars
2017,MINI,John Cooper Works Convertible,26.0,Minicompact Cars
2017,MINI,John Cooper Works Hardtop,27.0,Subcompact Cars
2017,Maserati,Ghibli S RWD,19.0,Midsize Cars
2017,Maserati,Ghibli V6,19.0,Midsize Cars
2017,Maserati,Ghibli V6 SQ4 AWD,19.0,Midsize Cars
2017,Maserati,GranTurismo,16.0,Subcompact Cars
2017,Maserati,GranTurismo Convertible,15.0,Subcompact Cars
2017,Maserati,Levante,16.0,Standard Sport Utility Vehicle 4WD
2017,Maserati,Levante S,16.0,Standard Sport Utility Vehicle 4WD
2017,Maserati,Quattroporte GTS,17.0,Large Cars
2017,Maserati,Quattroporte S,18.0,Large Cars
2017,Maserati,Quattroporte SQ4 V6,18.0,Large Cars
2017,Mazda,2,34.5,Compact Cars
2017,Mazda,3 4-Door,31.0,Compact Cars
2017,Mazda,3 5-Door,30.0,Midsize Cars
2017,Mazda,6,29.0,Midsize Cars
2017,Mazda,CX-3 2WD,31.0,Compact Cars
2017,Mazda,CX-3 4WD,29.0,Compact Cars
2017,Mazda,CX-5 2WD,27.0,Small Sport Utility Vehicle 2WD
2017,Mazda,CX-5 4WD,26.0,Small Sport Utility Vehicle 4WD
2017,Mazda,CX-9 2WD,24.0,Small Sport Utility Vehicle 2WD
2017,Mazda,CX-9 4WD,23.0,Small Sport Utility Vehicle 4WD
2017,Mazda,MX-5,29.0,Two Seaters
2017,McLaren Automotive,570GT,19.0,Two Seaters
2017,McLaren Automotive,570S Coupe,19.0,Two Seaters
2017,Mercedes-Benz,AMG C43 4matic,23.0,Compact Cars
2017,Mercedes-Benz,AMG C43 4matic Convertible,22.0,Subcompact Cars
2017,Mercedes-Benz,AMG C43 4matic Coupe,23.0,Subcompact Cars
2017,Mercedes-Benz,AMG C63,21.0,Compact Cars
2017,Mercedes-Benz,AMG C63 Convertible,19.0,Subcompact Cars
2017,Mercedes-Benz,AMG C63 Coupe,19.0,Subcompact Cars
2017,Mercedes-Benz,AMG C63 S,20.0,Compact Cars
2017,Mercedes-Benz,AMG C63 S Convertible,19.0,Subcompact Cars
2017,Mercedes-Benz,AMG C63 S Coupe,19.0,Subcompact Cars
2017,Mercedes-Benz,AMG CLA45 4matic,26.0,Compact Cars
2017,Mercedes-Benz,AMG CLS63 S 4matic,18.0,Compact Cars
2017,Mercedes-Benz,AMG E43 4matic,21.0,Midsize Cars
2017,Mercedes-Benz,AMG G63,13.0,Standard Sport Utility Vehicle 4WD
2017,Mercedes-Benz,AMG G65,12.0,Standard Sport Utility Vehicle 4WD
2017,Mercedes-Benz,AMG GLA45 4matic,25.0,Midsize Station Wagons
2017,Mercedes-Benz,AMG GLC43 4matic,20.0,Small Sport Utility Vehicle 4WD
2017,Mercedes-Benz,AMG GLC43 4matic Coupe,20.0,Small Sport Utility Vehicle 4WD
2017,Mercedes-Benz,AMG GLE43 4matic,20.0,Standard Sport Utility Vehicle 4WD
2017,Mercedes-Benz,AMG GLE43 4matic Coupe,20.0,Standard Sport Utility Vehicle 4WD
2017,Mercedes-Benz,AMG GLE63,15.0,Standard Sport Utility Vehicle 4WD
2017,Mercedes-Benz,AMG GLE63 S,15.0,Standard Sport Utility Vehicle 4WD
2017,Mercedes-Benz,AMG GLE63 S Coupe,15.0,Standard Sport Utility Vehicle 4WD
2017,Mercedes-Benz,AMG GLS63,14.0,Standard Sport Utility Vehicle 4WD
2017,Mercedes-Benz,AMG GT,18.0,Two Seaters
2017,Mercedes-Benz,AMG GT S,18.0,Two Seaters
2017,Mercedes-Benz,AMG S63 4matic,18.0,Large Cars
2017,Mercedes-Benz,AMG S63 4matic Convertible,17.0,Subcompact Cars
2017,Mercedes-Benz,AMG S63 4matic Coupe,18.0,Compact Cars
2017,Mercedes-Benz,AMG S65,16.0,Large Cars
2017,Mercedes-Benz,AMG SL63,19.0,Two Seaters
2017,Mercedes-Benz,AMG SL65,16.0,Two Seaters
2017,Mercedes-Benz,AMG SLC43,23.0,Two Seaters
2017,Mercedes-Benz,B250e,84.0,Midsize Cars
2017,Mercedes-Benz,C300,28.0,Compact Cars
2017,Mercedes-Benz,C300 4matic,27.0,Compact Cars
2017,Mercedes-Benz,C300 4matic Convertible,25.0,Subcompact Cars
2017,Mercedes-Benz,C300 4matic Coupe,25.0,Subcompact Cars
2017,Mercedes-Benz,C300 Convertible,26.0,Subcompact Cars
2017,Mercedes-Benz,C300 Coupe,26.0,Subcompact Cars
2017,Mercedes-Benz,C350e,30.0,Compact Cars
2017,Mercedes-Benz,CLA250,29.0,Compact Cars
2017,Mercedes-Benz,CLA250 4matic,27.0,Compact Cars
2017,Mercedes-Benz,CLS550,21.0,Compact Cars
2017,Mercedes-Benz,CLS550 4matic,20.0,Compact Cars
2017,Mercedes-Benz,E300,25.0,Midsize Cars
2017,Mercedes-Benz,E300 4matic,24.0,Midsize Cars
2017,Mercedes-Benz,E400 4matic (station wagon),21.0,Midsize Station Wagons
2017,Mercedes-Benz,E400 4matic Coupe,23.0,Subcompact Cars
2017,Mercedes-Benz,E400 Convertible,23.0,Subcompact Cars
2017,Mercedes-Benz,E400 Coupe,23.0,Subcompact Cars
2017,Mercedes-Benz,E550 Convertible,20.0,Subcompact Cars
2017,Mercedes-Benz,E550 Coupe,21.0,Subcompact Cars
2017,Mercedes-Benz,G550,13.0,Standard Sport Utility Vehicle 4WD
2017,Mercedes-Benz,G550 4x4 (Special Off-Road Model),11.0,Standard Sport Utility Vehicle 4WD
2017,Mercedes-Benz,GLA250,27.0,Small Sport Utility Vehicle 2WD
2017,Mercedes-Benz,GLA250 4matic,26.0,Small Sport Utility Vehicle 4WD
2017,Mercedes-Benz,GLC300,24.0,Small Sport Utility Vehicle 2WD
2017,Mercedes-Benz,GLC300 4matic,24.0,Small Sport Utility Vehicle 4WD
2017,Mercedes-Benz,GLC300 4matic Coupe,24.0,Small Sport Utility Vehicle 4WD
2017,Mercedes-Benz,GLE350,20.0,Standard Sport Utility Vehicle 2WD
2017,Mercedes-Benz,GLE350 4matic,19.0,Standard Sport Utility Vehicle 4WD
2017,Mercedes-Benz,GLE400 4matic,20.0,Standard Sport Utility Vehicle 4WD
2017,Mercedes-Benz,GLE550e 4matic,21.0,Standard Sport Utility Vehicle 4WD
2017,Mercedes-Benz,GLS450 4matic,19.0,Standard Sport Utility Vehicle 4WD
2017,Mercedes-Benz,GLS550 4matic,16.0,Standard Sport Utility Vehicle 4WD
2017,Mercedes-Benz,Maybach S550 4matic,19.0,Large Cars
2017,Mercedes-Benz,Maybach S600,16.0,Large Cars
2017,Mercedes-Benz,Maybach S650 Convertible,16.0,Subcompact Cars
2017,Mercedes-Benz,Metris (Cargo Van),22.0,Special Purpose Vehicle 2WD
2017,Mercedes-Benz,Metris (Passenger Van),22.0,Special Purpose Vehicle 2WD
2017,Mercedes-Benz,S550,21.0,Large Cars
2017,Mercedes-Benz,S550 4matic,20.0,Large Cars
2017,Mercedes-Benz,S550 4matic Coupe,20.0,Compact Cars
2017,Mercedes-Benz,S550 Convertible,20.0,Subcompact Cars
2017,Mercedes-Benz,S550e,26.0,Large Cars
2017,Mercedes-Benz,S600,16.0,Large Cars
2017,Mercedes-Benz,S65 AMG Convertible,16.0,Subcompact Cars
2017,Mercedes-Benz,S65 AMG Coupe,16.0,Compact Cars
2017,Mercedes-Benz,SL450,23.0,Two Seaters
2017,Mercedes-Benz,SL550,20.0,Two Seaters
2017,Mercedes-Benz,SLC300,27.0,Two Seaters
2017,Mitsubishi,Lancer,29.0,Compact Cars
2017,Mitsubishi,Lancer 4WD,26.0,Compact Cars
2017,Mitsubishi,Mirage,37.5,Compact Cars
2017,Mitsubishi,Mirage G4,36.0,Compact Cars
2017,Mitsubishi,Outlander 2WD,27.0,Small Sport Utility Vehicle 2WD
2017,Mitsubishi,Outlander 4WD,24.5,Small Sport Utility Vehicle 4WD
2017,Mitsubishi,Outlander Sport 2WD,25.0,Small Sport Utility Vehicle 2WD
2017,Mitsubishi,Outlander Sport 4WD,25.0,Small Sport Utility Vehicle 4WD
2017,Mitsubishi,i-MiEV,112.0,Subcompact Cars
2017,Nissan,370Z,21.5,Two Seaters
2017,Nissan,370Z Roadster,20.5,Two Seaters
2017,Nissan,Altima,28.5,Midsize Cars
2017,Nissan,Altima SR,30.0,Midsize Cars
2017,Nissan,Armada 2WD,16.0,Standard Sport Utility Vehicle 2WD
2017,Nissan,Armada 4WD,15.0,Standard Sport Utility Vehicle 4WD
2017,Nissan,Frontier 2WD,19.0,Small Pickup Trucks 2WD
2017,Nissan,Frontier 2WD FFV,18.0,Small Pickup Trucks 2WD
2017,Nissan,Frontier 4WD,17.5,Small Pickup Trucks 4WD
2017,Nissan,Frontier 4WD FFV,17.0,Small Pickup Trucks 4WD
2017,Nissan,GT-R,18.0,Subcompact Cars
2017,Nissan,Juke,29.0,Small Station Wagons
2017,Nissan,Juke AWD,28.0,Small Station Wagons
2017,Nissan,Juke Nismo RS,28.0,Small Station Wagons
2017,Nissan,Juke Nismo RS AWD,26.0,Small Station Wagons
2017,Nissan,Leaf,112.0,Midsize Cars
2017,Nissan,Maxima,25.0,Midsize Cars
2017,Nissan,Murano AWD,24.0,Midsize Station Wagons
2017,Nissan,Murano FWD,24.0,Midsize Station Wagons
2017,Nissan,NV200 Cargo Van,25.0,Special Purpose Vehicle 2WD
2017,Nissan,NV200 NYC Taxi,24.0,Special Purpose Vehicle 2WD
2017,Nissan,Pathfinder 2WD,23.0,Small Sport Utility Vehicle 2WD
2017,Nissan,Pathfinder 4WD,22.0,Small Sport Utility Vehicle 4WD
2017,Nissan,Pathfinder 4WD Platinum,21.0,Small Sport Utility Vehicle 4WD
2017,Nissan,Quest,22.0,Minivan - 2WD
2017,Nissan,Rogue AWD,27.0,Small Sport Utility Vehicle 4WD
2017,Nissan,Rogue FWD,29.0,Small Sport Utility Vehicle 2WD
2017,Nissan,Rogue Hybrid  AWD,33.0,Small Sport Utility Vehicle 4WD
2017,Nissan,Rogue Hybrid  FWD,34.0,Small Sport Utility Vehicle 2WD
2017,Nissan,Rogue Sport AWD,27.0,Small Station Wagons
2017,Nissan,Rogue Sport FWD,28.0,Small Station Wagons
2017,Nissan,Sentra,29.5,Midsize Cars
2017,Nissan,Sentra Nismo,27.0,Midsize Cars
2017,Nissan,Titan 2WD,18.0,Standard Pickup Trucks 2WD
2017,Nissan,Titan 4WD,18.0,Standard Pickup Trucks 4WD
2017,Nissan,Titan 4WD  PRO4X,17.0,Standard Pickup Trucks 4WD
2017,Nissan,Versa,30.0,Compact Cars
2017,Porsche,911 Carrera,24.0,Minicompact Cars
2017,Porsche,911 Carrera 4,23.5,Minicompact Cars
2017,Porsche,911 Carrera 4 Cabriolet,23.0,Minicompact Cars
2017,Porsche,911 Carrera 4 GTS,21.5,Minicompact Cars
2017,Porsche,911 Carrera 4 GTS Cabriolet,21.5,Minicompact Cars
2017,Porsche,911 Carrera 4S,23.5,Minicompact Cars
2017,Porsche,911 Carrera 4S Cabriolet,23.0,Minicompact Cars
2017,Porsche,911 Carrera Cabriolet,23.5,Minicompact Cars
2017,Porsche,911 Carrera GTS,22.0,Minicompact Cars
2017,Porsche,911 Carrera GTS Cabriolet,21.5,Minicompact Cars
2017,Porsche,911 Carrera S,23.5,Minicompact Cars
2017,Porsche,911 Carrera S Cabriolet,23.5,Minicompact Cars
2017,Porsche,911 Targa 4,23.0,Minicompact Cars
2017,Porsche,911 Targa 4 GTS,21.5,Minicompact Cars
2017,Porsche,911 Targa 4S,23.0,Minicompact Cars
2017,Porsche,911 Turbo,21.0,Minicompact Cars
2017,Porsche,911 Turbo Cabriolet,21.0,Minicompact Cars
2017,Porsche,911 Turbo S,21.0,Minicompact Cars
2017,Porsche,911 Turbo S Cabriolet,21.0,Minicompact Cars
2017,Porsche,Boxster,24.5,Two Seaters
2017,Porsche,Boxster S,23.0,Two Seaters
2017,Porsche,Cayenne,20.0,Standard Sport Utility Vehicle 4WD
2017,Porsche,Cayenne GTS,19.0,Standard Sport Utility Vehicle 4WD
2017,Porsche,Cayenne Platinum,19.0,Standard Sport Utility Vehicle 4WD
2017,Porsche,Cayenne S,20.0,Standard Sport Utility Vehicle 4WD
2017,Porsche,Cayenne S e-Hybrid,22.0,Standard Sport Utility Vehicle 4WD
2017,Porsche,Cayenne Turbo,17.0,Standard Sport Utility Vehicle 4WD
2017,Porsche,Cayenne Turbo S,17.0,Standard Sport Utility Vehicle 4WD
2017,Porsche,Cayman,24.5,Two Seaters
2017,Porsche,Cayman S,23.0,Two Seaters
2017,Porsche,Macan,22.0,Small Sport Utility Vehicle 4WD
2017,Porsche,Macan GTS,19.0,Small Sport Utility Vehicle 4WD
2017,Porsche,Macan S,19.0,Small Sport Utility Vehicle 4WD
2017,Porsche,Macan Turbo,19.0,Small Sport Utility Vehicle 4WD
2017,Porsche,Macan Turbo Kit,19.0,Small Sport Utility Vehicle 4WD
2017,Porsche,Panamera,24.0,Large Cars
2017,Porsche,Panamera 4,23.0,Large Cars
2017,Porsche,Panamera 4 Executive,23.0,Large Cars
2017,Porsche,Panamera 4S,23.0,Large Cars
2017,Porsche,Panamera 4S Executive,23.0,Large Cars
2017,Porsche,Panamera Turbo,21.0,Large Cars
2017,Porsche,Panamera Turbo Executive,21.0,Large Cars
2017,Ram,1500 2WD,20.0,Standard Pickup Trucks 2WD
2017,Ram,1500 4WD,18.0,Standard Pickup Trucks 4WD
2017,Ram,Promaster City,24.0,Special Purpose Vehicle 2WD
2017,Rolls-Royce,Dawn,14.0,Compact Cars
2017,Rolls-Royce,Ghost,14.0,Large Cars
2017,Rolls-Royce,Ghost EWB,14.0,Large Cars
2017,Rolls-Royce,Phantom,14.0,Large Cars
2017,Rolls-Royce,Phantom Coupe,14.0,Compact Cars
2017,Rolls-Royce,Phantom Drophead Coupe,14.0,Compact Cars
2017,Rolls-Royce,Phantom EWB,14.0,Large Cars
2017,Rolls-Royce,Wraith,15.0,Midsize Cars
2017,Roush Performance,F150 Pickup 2WD,13.0,Standard Pickup Trucks 2WD
2017,Roush Performance,F150 Pickup 4WD,13.0,Standard Pickup Trucks 4WD
2017,Roush Performance,Stage 3 Mustang,16.5,Subcompact Cars
2017,Subaru,BRZ,25.5,Minicompact Cars
2017,Subaru,Crosstrek AWD,27.5,Small Sport Utility Vehicle 4WD
2017,Subaru,Forester AWD,25.0,Small Sport Utility Vehicle 4WD
2017,Subaru,Impreza 4-Door,29.5,Midsize Cars
2017,Subaru,Impreza 5-Door,28.5,Small Station Wagons
2017,Subaru,Impreza Sport 4-Door,28.0,Midsize Cars
2017,Subaru,Impreza Sport 5-Door,27.5,Small Station Wagons
2017,Subaru,Legacy AWD,26.0,Midsize Cars
2017,Subaru,Outback AWD,25.0,Small Sport Utility Vehicle 4WD
2017,Subaru,WRX,21.0,Compact Cars
2017,Tesla,Model 3 Long Range,126.0,Midsize Cars
2017,Tesla,Model S (60 kW-hr battery pack),99.0,Large Cars
2017,Tesla,Model S (75 kW-hr battery pack),98.0,Large Cars
2017,Tesla,Model S AWD - 100D,102.0,Large Cars
2017,Tesla,Model S AWD - 60D,104.0,Large Cars
2017,Tesla,Model S AWD - 75D,103.0,Large Cars
2017,Tesla,Model S AWD - 90D,104.0,Large Cars
2017,Tesla,Model S AWD - P100D,98.0,Large Cars
2017,Tesla,Model S AWD - P90D,95.0,Large Cars
2017,Tesla,Model X AWD - 100D,87.0,Standard Sport Utility Vehicle 4WD
2017,Tesla,Model X AWD - 60D,93.0,Standard Sport Utility Vehicle 4WD
2017,Tesla,Model X AWD - 75D,93.0,Standard Sport Utility Vehicle 4WD
2017,Tesla,Model X AWD - 90D,92.0,Standard Sport Utility Vehicle 4WD
2017,Tesla,Model X AWD - P100D,86.0,Standard Sport Utility Vehicle 4WD
2017,Tesla,Model X AWD - P90D,89.0,Standard Sport Utility Vehicle 4WD
2017,Toyota,4Runner 2WD,18.0,Standard Sport Utility Vehicle 2WD
2017,Toyota,4Runner 4WD,18.0,Standard Sport Utility Vehicle 4WD
2017,Toyota,86,25.5,Minicompact Cars
2017,Toyota,Avalon,24.0,Midsize Cars
2017,Toyota,Avalon Hybrid,40.0,Midsize Cars
2017,Toyota,Camry,25.5,Midsize Cars
2017,Toyota,Camry Hybrid LE,40.0,Midsize Cars
2017,Toyota,Camry Hybrid XLE/SE,38.0,Midsize Cars
2017,Toyota,Corolla,31.0,Midsize Cars
2017,Toyota,Corolla LE Eco,33.5,Midsize Cars
2017,Toyota,Corolla iM,30.5,Midsize Cars
2017,Toyota,Highlander,22.5,Small Sport Utility Vehicle 2WD
2017,Toyota,Highlander AWD,22.0,Standard Sport Utility Vehicle 4WD
2017,Toyota,Highlander AWD LE,23.0,Standard Sport Utility Vehicle 4WD
2017,Toyota,Highlander Hybrid AWD,28.0,Standard Sport Utility Vehicle 4WD
2017,Toyota,Highlander Hybrid AWD LE Plus,29.0,Standard Sport Utility Vehicle 4WD
2017,Toyota,Highlander LE/XLE/SE/LTD,23.0,Small Sport Utility Vehicle 2WD
2017,Toyota,Land Cruiser Wagon 4WD,15.0,Standard Sport Utility Vehicle 4WD
2017,Toyota,Mirai,67.0,Subcompact Cars
2017,Toyota,Prius,52.0,Midsize Cars
2017,Toyota,Prius Eco,56.0,Midsize Cars
2017,Toyota,Prius Prime,54.0,Midsize Cars
2017,Toyota,Prius c,46.0,Compact Cars
2017,Toyota,Prius v,41.0,Midsize Station Wagons
2017,Toyota,RAV4,25.0,Small Sport Utility Vehicle 2WD
2017,Toyota,RAV4 AWD,25.0,Small Sport Utility Vehicle 4WD
2017,Toyota,RAV4 Hybrid AWD,32.0,Small Sport Utility Vehicle 4WD
2017,Toyota,RAV4 LE/XLE,26.0,Small Sport Utility Vehicle 2WD
2017,Toyota,RAV4 Limited AWD/SE AWD,24.0,Small Sport Utility Vehicle 4WD
2017,Toyota,Sequoia 2WD,15.0,Standard Sport Utility Vehicle 2WD
2017,Toyota,Sequoia 4WD,14.0,Standard Sport Utility Vehicle 4WD
2017,Toyota,Sequoia 4WD FFV,14.0,Standard Sport Utility Vehicle 4WD
2017,Toyota,Sienna 2WD,22.0,Minivan - 2WD
2017,Toyota,Sienna AWD,20.0,Minivan - 4WD
2017,Toyota,Tacoma 2WD,21.0,Small Pickup Trucks 2WD
2017,Toyota,Tacoma 4WD,20.0,Small Pickup Trucks 4WD
2017,Toyota,Tacoma 4WD Double Cab Off-Road,18.0,Small Pickup Trucks 4WD
2017,Toyota,Tundra 2WD,15.5,Standard Pickup Trucks 2WD
2017,Toyota,Tundra 2WD FFV,15.0,Standard Pickup Trucks 2WD
2017,Toyota,Tundra 4WD,15.5,Standard Pickup Trucks 4WD
2017,Toyota,Tundra 4WD FFV,15.0,Standard Pickup Trucks 4WD
2017,Toyota,Yaris,32.5,Compact Cars
2017,Toyota,Yaris iA,34.5,Subcompact Cars
2017,Volkswagen,Beetle,27.0,Compact Cars
2017,Volkswagen,Beetle Convertible,28.0,Subcompact Cars
2017,Volkswagen,Beetle Dune,27.0,Compact Cars
2017,Volkswagen,Beetle Dune Convertible,27.0,Subcompact Cars
2017,Volkswagen,CC,25.0,Compact Cars
2017,Volkswagen,CC 4motion,20.0,Compact Cars
2017,Volkswagen,GTI,27.5,Compact Cars
2017,Volkswagen,Golf,29.0,Compact Cars
2017,Volkswagen,Golf Alltrack,25.5,Small Station Wagons
2017,Volkswagen,Golf R,25.0,Compact Cars
2017,Volkswagen,Golf SportWagen,28.5,Small Station Wagons
2017,Volkswagen,Golf SportWagen 4motion,25.5,Small Station Wagons
2017,Volkswagen,Jetta,29.0,Compact Cars
2017,Volkswagen,Passat,25.0,Midsize Cars
2017,Volkswagen,Tiguan,22.0,Small Sport Utility Vehicle 2WD
2017,Volkswagen,Tiguan 4motion,21.0,Small Sport Utility Vehicle 4WD
2017,Volkswagen,Touareg,19.0,Standard Sport Utility Vehicle 4WD
2017,Volkswagen,e-Golf,119.0,Compact Cars
2017,Volvo,S60 AWD,26.0,Compact Cars
2017,Volvo,S60 CC AWD,25.0,Compact Cars
2017,Volvo,S60 FWD,29.0,Compact Cars
2017,Volvo,S60 Inscription AWD,26.0,Compact Cars
2017,Volvo,S60 Inscription FWD,29.0,Compact Cars
2017,Volvo,S60 Polestar AWD,23.0,Compact Cars
2017,Volvo,S90 AWD,25.0,Midsize Cars
2017,Volvo,S90 FWD,27.0,Midsize Cars
2017,Volvo,V60 AWD,26.0,Small Station Wagons
2017,Volvo,V60 CC AWD,25.0,Small Station Wagons
2017,Volvo,V60 FWD,29.0,Small Station Wagons
2017,Volvo,V60 Polestar AWD,23.0,Small Station Wagons
2017,Volvo,V90 CC AWD,25.0,Midsize Station Wagons
2017,Volvo,XC60 AWD,22.5,Small Sport Utility Vehicle 4WD
2017,Volvo,XC60 FWD,26.0,Small Sport Utility Vehicle 2WD
2017,Volvo,XC90 AWD,22.5,Standard Sport Utility Vehicle 4WD
2017,Volvo,XC90 AWD PHEV,25.0,Standard Sport Utility Vehicle 4WD
2017,Volvo,XC90 FWD,24.0,Standard Sport Utility Vehicle 2WD
2017,smart,fortwo cabriolet,34.5,Two Seaters
2017,smart,fortwo coupe,34.5,Two Seaters
2017,smart,fortwo electric drive convertible,102.0,Two Seaters
2017,smart,fortwo electric drive coupe,108.0,Two Seaters
2018,Acura,ILX,29.0,Compact Cars
2018,Acura,MDX AWD,21.5,Small Sport Utility Vehicle 4WD
2018,Acura,MDX FWD,22.5,Small Sport Utility Vehicle 2WD
2018,Acura,MDX Hybrid AWD,27.0,Small Sport Utility Vehicle 4WD
2018,Acura,NSX Hybrid,21.0,Two Seaters
2018,Acura,RDX AWD,22.0,Small Sport Utility Vehicle 4WD
2018,Acura,RDX FWD,23.0,Small Sport Utility Vehicle 2WD
2018,Acura,RLX,23.0,Midsize Cars
2018,Acura,RLX Hybrid,28.0,Midsize Cars
2018,Acura,TLX AWD,24.0,Compact Cars
2018,Acura,TLX AWD A-SPEC,23.0,Compact Cars
2018,Acura,TLX FWD,25.5,Compact Cars
2018,Acura,TLX FWD A-SPEC,23.0,Compact Cars
2018,Alfa Romeo,4C,28.0,Two Seaters
2018,Alfa Romeo,Giulia,23.5,Midsize Cars
2018,Alfa Romeo,Giulia AWD,26.0,Midsize Cars
2018,Alfa Romeo,Stelvio AWD,21.5,Small Sport Utility Vehicle 4WD
2018,Aston Martin,DB11 V12,17.0,Minicompact Cars
2018,Aston Martin,DB11 V8,20.0,Minicompact Cars
2018,Aston Martin,Rapide S,17.0,Subcompact Cars
2018,Aston Martin,Vanquish S Zagato,16.0,Minicompact Cars
2018,Audi,A3,29.0,Subcompact Cars
2018,Audi,A3 Cabriolet,28.0,Subcompact Cars
2018,Audi,A3 Cabriolet quattro,25.0,Subcompact Cars
2018,Audi,A3 e-tron,36.0,Compact Cars
2018,Audi,A3 quattro,27.0,Subcompact Cars
2018,Audi,A4 Ultra,31.0,Compact Cars
2018,Audi,A4 quattro,27.0,Compact Cars
2018,Audi,A5 Cabriolet quattro,27.0,Subcompact Cars
2018,Audi,A5 Sportback quattro,27.0,Midsize Cars
2018,Audi,A5 quattro,27.0,Subcompact Cars
2018,Audi,A6,28.0,Midsize Cars
2018,Audi,A6 quattro,24.5,Midsize Cars
2018,Audi,A7 quattro,23.0,Midsize Cars
2018,Audi,A8 L,20.5,Large Cars
2018,Audi,Q3,23.0,Compact Cars
2018,Audi,Q3 quattro,23.0,Compact Cars
2018,Audi,Q5,25.0,Small Sport Utility Vehicle 4WD
2018,Audi,Q7,21.0,Standard Sport Utility Vehicle 4WD
2018,Audi,R8 AWD,17.0,Two Seaters
2018,Audi,R8 RWD,18.0,Two Seaters
2018,Audi,R8 Spyder AWD,17.0,Two Seaters
2018,Audi,R8 Spyder RWD,18.0,Two Seaters
2018,Audi,RS 3,22.0,Subcompact Cars
2018,Audi,RS 5,21.0,Subcompact Cars
2018,Audi,RS 7,17.0,Midsize Cars
2018,Audi,S3,25.0,Subcompact Cars
2018,Audi,S4,24.0,Compact Cars
2018,Audi,S5,24.0,Subcompact Cars
2018,Audi,S5 Cabriolet,23.0,Subcompact Cars
2018,Audi,S5 Sportback,24.0,Midsize Cars
2018,Audi,S6,18.0,Midsize Cars
2018,Audi,S7,18.0,Midsize Cars
2018,Audi,S8,18.0,Midsize Cars
2018,Audi,SQ5,21.0,Small Sport Utility Vehicle 4WD
2018,Audi,TT Coupe quattro,26.0,Subcompact Cars
2018,Audi,TT RS,22.0,Subcompact Cars
2018,Audi,TT Roadster quattro,26.0,Two Seaters
2018,Audi,TTS Coupe,25.0,Subcompact Cars
2018,Audi,allroad quattro,25.0,Small Station Wagons
2018,BMW,230i Convertible,27.0,Subcompact Cars
2018,BMW,230i Coupe,26.5,Subcompact Cars
2018,BMW,230i xDrive Convertible,27.0,Subcompact Cars
2018,BMW,230i xDrive Coupe,27.0,Subcompact Cars
2018,BMW,320i,27.5,Compact Cars
2018,BMW,320i xDrive,27.0,Compact Cars
2018,BMW,328d,36.0,Compact Cars
2018,BMW,328d xDrive,34.0,Compact Cars
2018,BMW,328d xDrive Sports Wagon,34.0,Small Station Wagons
2018,BMW,330e,30.0,Compact Cars
2018,BMW,330i,26.0,Compact Cars
2018,BMW,330i xDrive,27.0,Compact Cars
2018,BMW,330i xDrive Gran Turismo,27.0,Large Cars
2018,BMW,330i xDrive Sports Wagon,27.0,Small Station Wagons
2018,BMW,340i,24.0,Compact Cars
2018,BMW,340i xDrive,24.0,Compact Cars
2018,BMW,340i xDrive Gran Turismo,23.0,Large Cars
2018,BMW,430i Convertible,27.0,Subcompact Cars
2018,BMW,430i Coupe,26.0,Compact Cars
2018,BMW,430i Gran Coupe,27.0,Compact Cars
2018,BMW,430i xDrive Convertible,26.0,Subcompact Cars
2018,BMW,430i xDrive Coupe,27.0,Compact Cars
2018,BMW,430i xDrive Gran Coupe,27.0,Compact Cars
2018,BMW,440i Convertible,24.0,Subcompact Cars
2018,BMW,440i Coupe,24.0,Compact Cars
2018,BMW,440i Gran Coupe,25.0,Compact Cars
2018,BMW,440i xDrive Convertible,23.0,Subcompact Cars
2018,BMW,440i xDrive Coupe,24.0,Compact Cars
2018,BMW,440i xDrive Gran Coupe,25.0,Compact Cars
2018,BMW,530e,29.0,Compact Cars
2018,BMW,530e xDrive,28.0,Compact Cars
2018,BMW,530i,27.0,Midsize Cars
2018,BMW,530i xDrive,27.0,Midsize Cars
2018,BMW,540d xDrive,30.0,Midsize Cars
2018,BMW,540i,24.0,Midsize Cars
2018,BMW,540i xDrive,23.0,Midsize Cars
2018,BMW,640i Convertible,23.0,Subcompact Cars
2018,BMW,640i Gran Coupe,23.0,Compact Cars
2018,BMW,640i xDrive Convertible,22.0,Subcompact Cars
2018,BMW,640i xDrive Gran Coupe,22.0,Compact Cars
2018,BMW,640i xDrive Gran Turismo,23.0,Large Cars
2018,BMW,650i Convertible,20.0,Subcompact Cars
2018,BMW,650i Gran Coupe,20.0,Compact Cars
2018,BMW,650i xDrive Convertible,19.0,Subcompact Cars
2018,BMW,650i xDrive Gran Coupe,19.0,Compact Cars
2018,BMW,740e xDrive,27.0,Large Cars
2018,BMW,740i,24.0,Large Cars
2018,BMW,740i xDrive,23.0,Large Cars
2018,BMW,750i,20.0,Large Cars
2018,BMW,750i xDrive,19.0,Large Cars
2018,BMW,Alpina B6 xDrive Gran Coupe,19.0,Compact Cars
2018,BMW,Alpina B7 xDrive,19.0,Large Cars
2018,BMW,M2,21.5,Subcompact Cars
2018,BMW,M240i Convertible,23.0,Subcompact Cars
2018,BMW,M240i Coupe,23.0,Subcompact Cars
2018,BMW,M240i xDrive Convertible,24.0,Subcompact Cars
2018,BMW,M240i xDrive Coupe,24.0,Subcompact Cars
2018,BMW,M3,20.0,Compact Cars
2018,BMW,M3 CS,19.0,Compact Cars
2018,BMW,M4 Convertible,19.5,Subcompact Cars
2018,BMW,M4 Coupe,20.0,Compact Cars
2018,BMW,M4 DTM Champions Edition,20.0,Two Seaters
2018,BMW,M5,17.0,Midsize Cars
2018,BMW,M550i xDrive,19.0,Midsize Cars
2018,BMW,M6 Convertible,16.5,Subcompact Cars
2018,BMW,M6 Gran Coupe,16.5,Compact Cars
2018,BMW,M760i xDrive,16.0,Large Cars
2018,BMW,X1 sDrive28i,26.0,Large Cars
2018,BMW,X1 xDrive28i,25.0,Large Cars
2018,BMW,X2 sDrive28i,26.0,Midsize Cars
2018,BMW,X2 xDrive28i,25.0,Midsize Cars
2018,BMW,X3 M40i,23.0,Small Sport Utility Vehicle 4WD
2018,BMW,X3 xDrive30i,25.0,Small Sport Utility Vehicle 4WD
2018,BMW,X4 M40i,21.0,Small Sport Utility Vehicle 4WD
2018,BMW,X4 xDrive28i,23.0,Small Sport Utility Vehicle 4WD
2018,BMW,X5 M,16.0,Standard Sport Utility Vehicle 4WD
2018,BMW,X5 sDrive35i,21.0,Standard Sport Utility Vehicle 2WD
2018,BMW,X5 xDrive 35d,25.0,Standard Sport Utility Vehicle 4WD
2018,BMW,X5 xDrive35i,20.0,Standard Sport Utility Vehicle 4WD
2018,BMW,X5 xDrive40e,24.0,Standard Sport Utility Vehicle 4WD
2018,BMW,X5 xDrive50i,17.0,Standard Sport Utility Vehicle 4WD
2018,BMW,X6 M,16.0,Standard Sport Utility Vehicle 4WD
2018,BMW,X6 sDrive35i,21.0,Standard Sport Utility Vehicle 2WD
2018,BMW,X6 xDrive35i,20.0,Standard Sport Utility Vehicle 4WD
2018,BMW,X6 xDrive50i,17.0,Standard Sport Utility Vehicle 4WD
2018,BMW,i3 (94Ah),118.0,Subcompact Cars
2018,BMW,i3 (94Ah) with Range Extender,35.0,Subcompact Cars
2018,BMW,i3s (94Ah),112.0,Subcompact Cars
2018,BMW,i3s (94Ah) with Range Extender,35.0,Subcompact Cars
2018,BYD,e6,72.0,Small Sport Utility Vehicle 2WD
2018,Bentley,Bentayga,15.0,Standard Sport Utility Vehicle 4WD
2018,Bentley,Continental GT Convertible,14.0,Subcompact Cars
2018,Bentley,Continental Supersports Convertible,14.0,Subcompact Cars
2018,Bentley,Flying Spur,15.0,Midsize Cars
2018,Bentley,Mulsanne,14.0,Midsize Cars
2018,Bugatti,Chiron,11.0,Two Seaters
2018,Buick,Cascada,24.0,Subcompact Cars
2018,Buick,Enclave AWD,20.0,Standard Sport Utility Vehicle 4WD
2018,Buick,Enclave FWD,21.0,Standard Sport Utility Vehicle 2WD
2018,Buick,Encore,29.0,Small Sport Utility Vehicle 2WD
2018,Buick,Encore AWD,27.5,Small Sport Utility Vehicle 4WD
2018,Buick,Envision AWD,23.0,Small Sport Utility Vehicle 4WD
2018,Buick,Envision FWD,25.0,Small Sport Utility Vehicle 2WD
2018,Buick,LaCrosse,24.0,Midsize Cars
2018,Buick,LaCrosse AWD,23.0,Midsize Cars
2018,Buick,LaCrosse eAssist,29.0,Midsize Cars
2018,Buick,Regal,26.0,Large Cars
2018,Buick,Regal AWD,23.0,Large Cars
2018,Buick,Regal TourX AWD,24.0,Small Station Wagons
2018,Cadillac,ATS,24.0,Compact Cars
2018,Cadillac,ATS AWD,23.5,Compact Cars
2018,Cadillac,ATS-V,19.5,Compact Cars
2018,Cadillac,CT6,25.0,Large Cars
2018,Cadillac,CT6 AWD,21.0,Large Cars
2018,Cadillac,CT6 Plug-In,25.0,Midsize Cars
2018,Cadillac,CTS,24.0,Midsize Cars
2018,Cadillac,CTS AWD,23.0,Midsize Cars
2018,Cadillac,CTS-V,17.0,Midsize Cars
2018,Cadillac,Escalade 2WD,17.0,Standard Sport Utility Vehicle 2WD
2018,Cadillac,Escalade 4WD,17.0,Standard Sport Utility Vehicle 4WD
2018,Cadillac,XT5,22.0,Small Sport Utility Vehicle 2WD
2018,Cadillac,XT5 AWD,21.0,Small Sport Utility Vehicle 4WD
2018,Cadillac,XTS,22.0,Large Cars
2018,Cadillac,XTS AWD,19.0,Large Cars
2018,Cadillac,XTS Hearse,17.0,Special Purpose Vehicle 2WD
2018,Cadillac,XTS Limo,17.0,Special Purpose Vehicle 2WD
2018,Chevrolet,Bolt EV,119.0,Small Station Wagons
2018,Chevrolet,Camaro,20.0,Subcompact Cars
2018,Chevrolet,City Express Cargo Van,25.0,Special Purpose Vehicle 2WD
2018,Chevrolet,Colorado 2WD,22.0,Small Pickup Trucks 2WD
2018,Chevrolet,Colorado 4WD,21.0,Small Pickup Trucks 4WD
2018,Chevrolet,Colorado Cab Chassis 2WD,15.0,Special Purpose Vehicle 2WD
2018,Chevrolet,Colorado ZR2 4WD,18.5,Small Pickup Trucks 4WD
2018,Chevrolet,Corvette,18.0,Two Seaters
2018,Chevrolet,Cruze,35.0,Compact Cars
2018,Chevrolet,Cruze Hatchback,33.5,Midsize Cars
2018,Chevrolet,Cruze Premier,33.0,Compact Cars
2018,Chevrolet,Cruze Premier Hatchback,31.0,Midsize Cars
2018,Chevrolet,Equinox AWD,26.0,Small Sport Utility Vehicle 4WD
2018,Chevrolet,Equinox FWD,28.0,Small Sport Utility Vehicle 2WD
2018,Chevrolet,Impala,22.0,Large Cars
2018,Chevrolet,Malibu,28.0,Midsize Cars
2018,Chevrolet,Malibu Hybrid,46.0,Midsize Cars
2018,Chevrolet,Silverado 15 Hybrid 2WD,20.0,Standard Pickup Trucks 2WD
2018,Chevrolet,Silverado 15 Hybrid 4WD,18.0,Standard Pickup Trucks 4WD
2018,Chevrolet,Silverado C15 2WD,19.0,Standard Pickup Trucks 2WD
2018,Chevrolet,Silverado C15 Cab Chassis 2WD,17.0,Special Purpose Vehicle 2WD
2018,Chevrolet,Silverado K15 4WD,18.0,Standard Pickup Trucks 4WD
2018,Chevrolet,Silverado K15 Cab Chassis 4WD,17.0,Special Purpose Vehicle 4WD
2018,Chevrolet,Sonic,29.5,Compact Cars
2018,Chevrolet,Sonic 5,29.5,Small Station Wagons
2018,Chevrolet,Spark,33.0,Subcompact Cars
2018,Chevrolet,Spark ACTIV,32.5,Subcompact Cars
2018,Chevrolet,Suburban C1500 2WD,19.0,Standard Sport Utility Vehicle 2WD
2018,Chevrolet,Suburban K1500 4WD,18.0,Standard Sport Utility Vehicle 4WD
2018,Chevrolet,Tahoe C1500 2WD,19.0,Standard Sport Utility Vehicle 2WD
2018,Chevrolet,Tahoe K1500 4WD,18.0,Standard Sport Utility Vehicle 4WD
2018,Chevrolet,Traverse AWD,20.0,Standard Sport Utility Vehicle 4WD
2018,Chevrolet,Traverse FWD,21.5,Standard Sport Utility Vehicle 2WD
2018,Chevrolet,Trax,28.0,Small Sport Utility Vehicle 2WD
2018,Chevrolet,Trax AWD,27.0,Small Sport Utility Vehicle 4WD
2018,Chevrolet,Volt,42.0,Compact Cars
2018,Chrysler,300,23.0,Large Cars
2018,Chrysler,300 AWD,21.0,Large Cars
2018,Chrysler,Pacifica,22.0,Minivan - 2WD
2018,Chrysler,Pacifica Hybrid,32.0,Minivan - 2WD
2018,Dodge,Challenger,18.0,Midsize Cars
2018,Dodge,Challenger GT,21.0,Midsize Cars
2018,Dodge,Challenger SRT,16.5,Midsize Cars
2018,Dodge,Charger,21.0,Large Cars
2018,Dodge,Charger AWD,21.0,Large Cars
2018,Dodge,Charger SRT,17.0,Large Cars
2018,Dodge,Durango AWD,19.0,Standard Sport Utility Vehicle 4WD
2018,Dodge,Durango RWD,19.0,Standard Sport Utility Vehicle 2WD
2018,Dodge,Durango SRT AWD,15.0,Standard Sport Utility Vehicle 4WD
2018,Dodge,Grand Caravan,20.0,Minivan - 2WD
2018,Dodge,Journey,20.0,Small Sport Utility Vehicle 2WD
2018,Dodge,Journey AWD,19.0,Small Sport Utility Vehicle 4WD
2018,Ferrari,488 GTB,18.0,Two Seaters
2018,Ferrari,488 Spider,18.0,Two Seaters
2018,Ferrari,812 Superfast,13.0,Two Seaters
2018,Ferrari,California T,18.5,Minicompact Cars
2018,Ferrari,GTC4Lusso,13.0,Minicompact Cars
2018,Ferrari,GTC4Lusso T,17.0,Minicompact Cars
2018,Fiat,124 Spider,29.5,Two Seaters
2018,Fiat,500,28.5,Minicompact Cars
2018,Fiat,500 Abarth,28.5,Minicompact Cars
2018,Fiat,500 L,25.0,Small Station Wagons
2018,Fiat,500 X,26.5,Small Sport Utility Vehicle 2WD
2018,Fiat,500 X AWD,24.0,Small Sport Utility Vehicle 4WD
2018,Fiat,500e,112.0,Minicompact Cars
2018,Ford,C-MAX Hybrid FWD,40.0,Large Cars
2018,Ford,EcoSport AWD,25.0,Small Sport Utility Vehicle 4WD
2018,Ford,EcoSport FWD,28.0,Small Sport Utility Vehicle 2WD
2018,Ford,Edge AWD,20.0,Small Sport Utility Vehicle 4WD
2018,Ford,Edge FWD,24.0,Small Sport Utility Vehicle 2WD
2018,Ford,Escape AWD,23.5,Small Sport Utility Vehicle 4WD
2018,Ford,Escape FWD,24.0,Small Sport Utility Vehicle 2WD
2018,Ford,Escape FWD FFV,24.0,Small Sport Utility Vehicle 2WD
2018,Ford,Expedition 2WD,20.0,Standard Sport Utility Vehicle 2WD
2018,Ford,Expedition 4WD,19.0,Standard Sport Utility Vehicle 4WD
2018,Ford,Expedition MAX 2WD,19.0,Standard Sport Utility Vehicle 2WD
2018,Ford,Expedition MAX 4WD,18.0,Standard Sport Utility Vehicle 4WD
2018,Ford,Explorer 2WD FFV,20.0,Standard Sport Utility Vehicle 2WD
2018,Ford,Explorer AWD,19.0,Standard Sport Utility Vehicle 4WD
2018,Ford,Explorer AWD FFV,18.0,Standard Sport Utility Vehicle 4WD
2018,Ford,Explorer FWD,21.0,Standard Sport Utility Vehicle 2WD
2018,Ford,F150 2.7L 2WD GVWR>6649 LBS,21.0,Standard Pickup Trucks 2WD
2018,Ford,F150 2.7L 4WD GVWR>6799 LBS,21.0,Standard Pickup Trucks 4WD
2018,Ford,F150 2WD BASE PAYLOAD LT TIRE,21.0,Standard Pickup Trucks 2WD
2018,Ford,F150 2WD FFV BASE PAYLOAD LT,18.0,Standard Pickup Trucks 2WD
2018,Ford,F150 2WD FFV BASE PAYLOAD LT TIRE,21.0,Standard Pickup Trucks 2WD
2018,Ford,F150 3.5L 2WD GVWR>7599 LBS,19.0,Standard Pickup Trucks 2WD
2018,Ford,F150 3.5L 4WD GVWR>7599 LBS,18.0,Standard Pickup Trucks 4WD
2018,Ford,F150 4WD BASE PAYLOAD LT TIRE,19.0,Standard Pickup Trucks 4WD
2018,Ford,F150 4WD FFV BASE PAYLOAD LT,17.0,Standard Pickup Trucks 4WD
2018,Ford,F150 4WD FFV BASE PAYLOAD LT TIRE,19.0,Standard Pickup Trucks 4WD
2018,Ford,F150 5.0L 2WD FFV GVWR>7599 LBS,17.0,Standard Pickup Trucks 2WD
2018,Ford,F150 5.0L 2WD GVWR>7599 LBS,17.0,Standard Pickup Trucks 2WD
2018,Ford,F150 5.0L 4WD FFV GVWR>7599 LBS,17.0,Standard Pickup Trucks 4WD
2018,Ford,F150 5.0L 4WD GVWR>7599 LBS,17.0,Standard Pickup Trucks 4WD
2018,Ford,F150 Pickup 2WD,22.0,Standard Pickup Trucks 2WD
2018,Ford,F150 Pickup 2WD FFV,20.5,Standard Pickup Trucks 2WD
2018,Ford,F150 Pickup 4WD,20.0,Standard Pickup Trucks 4WD
2018,Ford,F150 Pickup 4WD FFV,19.0,Standard Pickup Trucks 4WD
2018,Ford,F150 Pickup 4WD XL/XLT,24.0,Standard Pickup Trucks 4WD
2018,Ford,F150 RAPTOR 4WD,16.0,Standard Pickup Trucks 4WD
2018,Ford,Fiesta FWD,30.5,Subcompact Cars
2018,Ford,Fiesta ST FWD,29.0,Compact Cars
2018,Ford,Flex AWD,17.5,Standard Sport Utility Vehicle 4WD
2018,Ford,Flex FWD,19.0,Standard Sport Utility Vehicle 2WD
2018,Ford,Focus Electric,107.0,Compact Cars
2018,Ford,Focus FWD,31.0,Compact Cars
2018,Ford,Focus RS AWD,22.0,Midsize Cars
2018,Ford,Focus ST FWD,25.0,Midsize Cars
2018,Ford,Fusion AWD,21.5,Midsize Cars
2018,Ford,Fusion Energi Plug-in Hybrid,42.0,Midsize Cars
2018,Ford,Fusion FWD,25.0,Midsize Cars
2018,Ford,Fusion Hybrid FWD,42.0,Midsize Cars
2018,Ford,GT,14.0,Two Seaters
2018,Ford,Mustang,22.0,Subcompact Cars
2018,Ford,Mustang Convertible,23.0,Subcompact Cars
2018,Ford,Mustang Performance Package,23.0,Subcompact Cars
2018,Ford,Shelby GT350 Mustang,16.0,Subcompact Cars
2018,Ford,Taurus AWD,19.0,Large Cars
2018,Ford,Taurus AWD FFV,19.0,Large Cars
2018,Ford,Taurus FWD,21.0,Large Cars
2018,Ford,Taurus FWD FFV,21.0,Large Cars
2018,Ford,Transit Connect Van 2WD,23.0,Special Purpose Vehicle 2WD
2018,Ford,Transit Connect Van FFV,23.0,Special Purpose Vehicle 2WD
2018,Ford,Transit Connect Wagon FFV,22.0,Special Purpose Vehicle 2WD
2018,Ford,Transit Connect Wagon FWD,22.0,Special Purpose Vehicle 2WD
2018,Ford,Transit Connect Wagon LWB FFV,22.0,Special Purpose Vehicle 2WD
2018,Ford,Transit Connect Wagon LWB FWD,22.0,Special Purpose Vehicle 2WD
2018,Ford,Transit T150 Wagon,16.0,"Vans, Passenger Type"
2018,Ford,Transit T150 Wagon FFV,16.0,"Vans, Passenger Type"
2018,GMC,Acadia AWD,21.5,Standard Sport Utility Vehicle 4WD
2018,GMC,Acadia FWD,22.0,Standard Sport Utility Vehicle 2WD
2018,GMC,Canyon 2WD,22.0,Small Pickup Trucks 2WD
2018,GMC,Canyon 4WD,21.0,Small Pickup Trucks 4WD
2018,GMC,Canyon Cab Chassis 2WD,15.0,Special Purpose Vehicle 2WD
2018,GMC,Sierra 15 Hybrid 2WD,20.0,Standard Pickup Trucks 2WD
2018,GMC,Sierra 15 Hybrid 4WD,18.0,Standard Pickup Trucks 4WD
2018,GMC,Sierra C15 2WD,19.0,Standard Pickup Trucks 2WD
2018,GMC,Sierra C15 Cab Chassis 2WD,17.0,Special Purpose Vehicle 2WD
2018,GMC,Sierra K15 4WD,18.0,Standard Pickup Trucks 4WD
2018,GMC,Sierra K15 Cab Chassis 4WD,17.0,Special Purpose Vehicle 4WD
2018,GMC,Terrain AWD,26.0,Small Sport Utility Vehicle 4WD
2018,GMC,Terrain FWD,28.0,Small Sport Utility Vehicle 2WD
2018,GMC,Yukon C1500 2WD,19.0,Standard Sport Utility Vehicle 2WD
2018,GMC,Yukon C1500 XL 2WD,19.0,Standard Sport Utility Vehicle 2WD
2018,GMC,Yukon K1500 4WD,18.0,Standard Sport Utility Vehicle 4WD
2018,GMC,Yukon K1500 XL 4WD,18.0,Standard Sport Utility Vehicle 4WD
2018,Genesis,G80 AWD,20.0,Large Cars
2018,Genesis,G80 RWD,20.0,Large Cars
2018,Genesis,G90 AWD,19.0,Large Cars
2018,Genesis,G90 RWD,19.5,Large Cars
2018,Honda,Accord,30.0,Large Cars
2018,Honda,Accord 2.0T Sport/Touring,26.0,Midsize Cars
2018,Honda,Accord Hybrid,47.0,Large Cars
2018,Honda,CR-V AWD,28.0,Small Sport Utility Vehicle 4WD
2018,Honda,CR-V FWD,29.0,Small Sport Utility Vehicle 2WD
2018,Honda,Civic 2Dr,34.5,Compact Cars
2018,Honda,Civic 4Dr,34.5,Midsize Cars
2018,Honda,Civic 5Dr,33.5,Large Cars
2018,Honda,Civic 5Dr - Type R,25.0,Large Cars
2018,Honda,Civic 5Dr Sport,32.5,Large Cars
2018,Honda,Civic Si 2Dr,32.0,Compact Cars
2018,Honda,Civic Si 4Dr,32.0,Midsize Cars
2018,Honda,Clarity EV,114.0,Midsize Cars
2018,Honda,Clarity FCV,68.0,Midsize Cars
2018,Honda,Clarity Plug-in Hybrid,42.0,Midsize Cars
2018,Honda,Fit,33.0,Small Station Wagons
2018,Honda,HR-V AWD,29.0,Small Station Wagons
2018,Honda,HR-V FWD,31.0,Small Station Wagons
2018,Honda,Odyssey,22.0,Minivan - 2WD
2018,Honda,Pilot AWD,21.5,Small Sport Utility Vehicle 4WD
2018,Honda,Pilot FWD,22.5,Small Sport Utility Vehicle 2WD
2018,Honda,Ridgeline AWD,21.0,Standard Pickup Trucks 4WD
2018,Honda,Ridgeline FWD,22.0,Small Pickup Trucks 2WD
2018,Hyundai,Accent,31.5,Compact Cars
2018,Hyundai,Elantra,29.0,Midsize Cars
2018,Hyundai,Elantra GT,26.5,Large Cars
2018,Hyundai,Elantra SE,33.0,Midsize Cars
2018,Hyundai,Ioniq,55.0,Large Cars
2018,Hyundai,Ioniq Blue,58.0,Large Cars
2018,Hyundai,Ioniq Electric,136.0,Midsize Cars
2018,Hyundai,Ioniq Plug-in Hybrid,52.0,Midsize Cars
2018,Hyundai,Kona AWD,27.0,Small Sport Utility Vehicle 4WD
2018,Hyundai,Kona FWD,30.0,Small Sport Utility Vehicle 2WD
2018,Hyundai,Santa Fe AWD,20.0,Small Sport Utility Vehicle 4WD
2018,Hyundai,Santa Fe FWD,21.0,Small Sport Utility Vehicle 2WD
2018,Hyundai,Santa Fe Sport AWD,22.0,Small Sport Utility Vehicle 4WD
2018,Hyundai,Santa Fe Sport FWD,23.5,Small Sport Utility Vehicle 2WD
2018,Hyundai,Santa Fe Sport Ultimate AWD,21.0,Small Sport Utility Vehicle 4WD
2018,Hyundai,Santa Fe Sport Ultimate FWD,23.0,Small Sport Utility Vehicle 2WD
2018,Hyundai,Santa Fe Ultimate AWD,19.0,Small Sport Utility Vehicle 4WD
2018,Hyundai,Santa Fe Ultimate FWD,20.0,Small Sport Utility Vehicle 2WD
2018,Hyundai,Sonata,28.0,Large Cars
2018,Hyundai,Sonata Hybrid,41.0,Midsize Cars
2018,Hyundai,Sonata Hybrid SE,42.0,Midsize Cars
2018,Hyundai,Sonata Plug-in Hybrid,39.0,Midsize Cars
2018,Hyundai,Sonata SE,29.0,Large Cars
2018,Hyundai,Tucson AWD,23.0,Small Sport Utility Vehicle 4WD
2018,Hyundai,Tucson FWD,26.0,Small Sport Utility Vehicle 2WD
2018,Infiniti,Q50,24.0,Midsize Cars
2018,Infiniti,Q50 AWD,23.0,Midsize Cars
2018,Infiniti,Q50 Hybrid,29.0,Compact Cars
2018,Infiniti,Q50 Hybrid AWD,28.0,Compact Cars
2018,Infiniti,Q50 Red Sport,22.0,Midsize Cars
2018,Infiniti,Q50 Red Sport  AWD,22.0,Midsize Cars
2018,Infiniti,Q60,23.5,Subcompact Cars
2018,Infiniti,Q60 AWD,23.0,Subcompact Cars
2018,Infiniti,Q60 Red Sport,22.0,Subcompact Cars
2018,Infiniti,Q60 Red Sport AWD,21.0,Subcompact Cars
2018,Infiniti,Q70,20.0,Midsize Cars
2018,Infiniti,Q70 AWD,19.0,Midsize Cars
2018,Infiniti,Q70 Hybrid,30.0,Midsize Cars
2018,Infiniti,QX30,27.0,Compact Cars
2018,Infiniti,QX30 AWD,25.0,Compact Cars
2018,Infiniti,QX60 AWD,22.0,Small Sport Utility Vehicle 4WD
2018,Infiniti,QX60 FWD,22.0,Small Sport Utility Vehicle 2WD
2018,Infiniti,QX80 2WD,16.0,Standard Sport Utility Vehicle 2WD
2018,Infiniti,QX80 4WD,15.0,Standard Sport Utility Vehicle 4WD
2018,Jaguar,E-Pace,24.0,Small Sport Utility Vehicle 4WD
2018,Jaguar,E-Pace (296 Hp),23.0,Small Sport Utility Vehicle 4WD
2018,Jaguar,F-Pace,24.0,Small Sport Utility Vehicle 4WD
2018,Jaguar,F-Pace (296 Hp),24.0,Small Sport Utility Vehicle 4WD
2018,Jaguar,F-Type Convertible,23.0,Two Seaters
2018,Jaguar,F-Type Coupe,23.0,Two Seaters
2018,Jaguar,F-Type R AWD Convertible,18.0,Two Seaters
2018,Jaguar,F-Type R AWD Coupe,18.0,Two Seaters
2018,Jaguar,F-Type S AWD Convertible,21.0,Two Seaters
2018,Jaguar,F-Type S AWD Coupe,21.0,Two Seaters
2018,Jaguar,F-Type S Convertible,20.0,Two Seaters
2018,Jaguar,F-Type S Coupe,20.0,Two Seaters
2018,Jaguar,XE,28.0,Compact Cars
2018,Jaguar,XE (296 Hp),27.0,Compact Cars
2018,Jaguar,XE AWD,28.0,Compact Cars
2018,Jaguar,XE AWD (296 Hp),25.0,Compact Cars
2018,Jaguar,XF,28.0,Midsize Cars
2018,Jaguar,XF (296 Hp),26.0,Midsize Cars
2018,Jaguar,XF AWD,27.0,Midsize Cars
2018,Jaguar,XF AWD (296 Hp),25.0,Midsize Cars
2018,Jaguar,XF Sportbrake AWD,21.0,Midsize Station Wagons
2018,Jaguar,XJ,19.5,Large Cars
2018,Jaguar,XJ AWD,20.0,Large Cars
2018,Jaguar,XJL,19.5,Large Cars
2018,Jaguar,XJL AWD,20.0,Large Cars
2018,Jeep,Cherokee 4WD,23.0,Small Sport Utility Vehicle 4WD
2018,Jeep,Cherokee 4WD Active Drive II,22.0,Small Sport Utility Vehicle 4WD
2018,Jeep,Cherokee FWD,25.0,Small Sport Utility Vehicle 2WD
2018,Jeep,Cherokee Trailhawk 4WD,21.5,Small Sport Utility Vehicle 4WD
2018,Jeep,Compass 4WD,25.0,Small Sport Utility Vehicle 4WD
2018,Jeep,Compass FWD,25.5,Small Sport Utility Vehicle 2WD
2018,Jeep,Grand Cherokee 2WD,23.0,Standard Sport Utility Vehicle 2WD
2018,Jeep,Grand Cherokee 4WD,21.0,Standard Sport Utility Vehicle 4WD
2018,Jeep,Grand Cherokee SRT 4WD,15.0,Standard Sport Utility Vehicle 4WD
2018,Jeep,Grand Cherokee TrackHawk 4WD,13.0,Standard Sport Utility Vehicle 4WD
2018,Jeep,New Wrangler 4WD,20.0,Small Sport Utility Vehicle 4WD
2018,Jeep,New Wrangler Unlimited 4WD,20.0,Small Sport Utility Vehicle 4WD
2018,Jeep,Renegade 2WD,25.0,Small Sport Utility Vehicle 2WD
2018,Jeep,Renegade 4WD,25.0,Small Sport Utility Vehicle 4WD
2018,Jeep,Wrangler 4WD,18.0,Small Sport Utility Vehicle 4WD
2018,Jeep,Wrangler Unlimited 4WD,18.0,Small Sport Utility Vehicle 4WD
2018,Karma,Revero,20.0,Subcompact Cars
2018,Kia,Cadenza,23.0,Large Cars
2018,Kia,Forte,28.0,Midsize Cars
2018,Kia,Forte 5,27.0,Large Cars
2018,Kia,K900,19.0,Large Cars
2018,Kia,Niro,49.0,Small Station Wagons
2018,Kia,Niro FE,50.0,Small Station Wagons
2018,Kia,Niro Plug-in Hybrid,46.0,Small Station Wagons
2018,Kia,Niro Touring,43.0,Small Station Wagons
2018,Kia,Optima,28.0,Large Cars
2018,Kia,Optima FE,29.0,Large Cars
2018,Kia,Optima Hybrid,42.0,Midsize Cars
2018,Kia,Optima Plug-in Hybrid,40.0,Midsize Cars
2018,Kia,Optima S,26.0,Large Cars
2018,Kia,Rio,32.0,Compact Cars
2018,Kia,Sedona,20.0,Minivan - 2WD
2018,Kia,Sedona SX,21.0,Minivan - 2WD
2018,Kia,Sedona SXL,19.0,Minivan - 2WD
2018,Kia,Sorento AWD,22.0,Small Sport Utility Vehicle 4WD
2018,Kia,Sorento FE AWD,21.0,Small Sport Utility Vehicle 4WD
2018,Kia,Sorento FWD,23.0,Small Sport Utility Vehicle 2WD
2018,Kia,Soul,27.0,Small Station Wagons
2018,Kia,Soul Electric,108.0,Small Station Wagons
2018,Kia,Sportage AWD,22.0,Small Sport Utility Vehicle 4WD
2018,Kia,Sportage FE AWD,22.0,Small Sport Utility Vehicle 4WD
2018,Kia,Sportage FE FWD,26.0,Small Sport Utility Vehicle 2WD
2018,Kia,Sportage FWD,24.0,Small Sport Utility Vehicle 2WD
2018,Kia,Stinger AWD,22.0,Midsize Cars
2018,Kia,Stinger RWD,22.5,Midsize Cars
2018,Koenigsegg,Agera RS,13.0,Two Seaters
2018,Lamborghini,Aventador Coupe,12.0,Two Seaters
2018,Lamborghini,Aventador Roadster,12.0,Two Seaters
2018,Lamborghini,Aventador S Coupe,12.0,Two Seaters
2018,Lamborghini,Aventador S Roadster,12.0,Two Seaters
2018,Lamborghini,Huracan,16.0,Two Seaters
2018,Lamborghini,Huracan 2WD,16.0,Two Seaters
2018,Lamborghini,Huracan Spyder,15.0,Two Seaters
2018,Lamborghini,Huracan Spyder 2WD,16.0,Two Seaters
2018,Land Rover,Discovery,20.5,Standard Sport Utility Vehicle 4WD
2018,Land Rover,Discovery Sport,22.0,Small Sport Utility Vehicle 4WD
2018,Land Rover,Discovery Sport (286 Hp),22.0,Small Sport Utility Vehicle 4WD
2018,Land Rover,Range Rover,19.0,Standard Sport Utility Vehicle 4WD
2018,Land Rover,Range Rover Evoque,25.0,Small Sport Utility Vehicle 4WD
2018,Land Rover,Range Rover Evoque (286 Hp),24.0,Small Sport Utility Vehicle 4WD
2018,Land Rover,Range Rover Evoque Convertible,24.0,Small Sport Utility Vehicle 4WD
2018,Land Rover,Range Rover LWB,18.0,Standard Sport Utility Vehicle 4WD
2018,Land Rover,Range Rover LWB SVA,15.0,Standard Sport Utility Vehicle 4WD
2018,Land Rover,Range Rover SVA,16.0,Standard Sport Utility Vehicle 4WD
2018,Land Rover,Range Rover Sport,19.0,Standard Sport Utility Vehicle 4WD
2018,Land Rover,Range Rover Sport SVR,16.0,Standard Sport Utility Vehicle 4WD
2018,Land Rover,Range Rover Velar,23.0,Small Sport Utility Vehicle 4WD
2018,Lexus,ES 300h,40.0,Midsize Cars
2018,Lexus,ES 350,24.0,Midsize Cars
2018,Lexus,GS 300,26.0,Midsize Cars
2018,Lexus,GS 300 F Sport,24.0,Midsize Cars
2018,Lexus,GS 350,23.0,Midsize Cars
2018,Lexus,GS 350 AWD,22.0,Midsize Cars
2018,Lexus,GS 350 F Sport,22.0,Midsize Cars
2018,Lexus,GS 450h,31.0,Midsize Cars
2018,Lexus,GS F,19.0,Compact Cars
2018,Lexus,GX 460,16.0,Standard Sport Utility Vehicle 4WD
2018,Lexus,IS 300,26.0,Compact Cars
2018,Lexus,IS 300 AWD,22.0,Compact Cars
2018,Lexus,IS 350,23.0,Compact Cars
2018,Lexus,IS 350 AWD,22.0,Compact Cars
2018,Lexus,LC 500,19.0,Subcompact Cars
2018,Lexus,LC 500h,30.0,Subcompact Cars
2018,Lexus,LS 500,23.0,Midsize Cars
2018,Lexus,LS 500 AWD,21.0,Midsize Cars
2018,Lexus,LS 500h,28.0,Midsize Cars
2018,Lexus,LS 500h AWD,26.0,Midsize Cars
2018,Lexus,LX 570,15.0,Standard Sport Utility Vehicle 4WD
2018,Lexus,NX 300,25.0,Small Sport Utility Vehicle 2WD
2018,Lexus,NX 300 AWD,24.0,Small Sport Utility Vehicle 4WD
2018,Lexus,NX 300 AWD F Sport,24.0,Small Sport Utility Vehicle 4WD
2018,Lexus,NX 300h AWD,31.0,Small Sport Utility Vehicle 4WD
2018,Lexus,RC 300,26.0,Subcompact Cars
2018,Lexus,RC 300 AWD,21.0,Subcompact Cars
2018,Lexus,RC 350,23.0,Subcompact Cars
2018,Lexus,RC 350 AWD,21.0,Subcompact Cars
2018,Lexus,RC F,19.0,Subcompact Cars
2018,Lexus,RX 350,23.0,Small Sport Utility Vehicle 2WD
2018,Lexus,RX 350 AWD,22.0,Small Sport Utility Vehicle 4WD
2018,Lexus,RX 350 L,22.0,Small Sport Utility Vehicle 2WD
2018,Lexus,RX 350 L AWD,21.0,Small Sport Utility Vehicle 4WD
2018,Lexus,RX 450h AWD,30.0,Standard Sport Utility Vehicle 4WD
2018,Lexus,RX 450h L AWD,29.0,Standard Sport Utility Vehicle 4WD
2018,Lincoln,Continental  AWD,19.0,Large Cars
2018,Lincoln,Continental  FWD,20.5,Large Cars
2018,Lincoln,MKC AWD,21.0,Small Sport Utility Vehicle 4WD
2018,Lincoln,MKC FWD,23.0,Small Sport Utility Vehicle 2WD
2018,Lincoln,MKT AWD,17.0,Standard Sport Utility Vehicle 4WD
2018,Lincoln,MKT FWD,19.0,Standard Sport Utility Vehicle 2WD
2018,Lincoln,MKT Hearse AWD,17.0,Special Purpose Vehicle 4WD
2018,Lincoln,MKT Limo AWD,16.0,Special Purpose Vehicle 4WD
2018,Lincoln,MKT Livery AWD,18.0,Special Purpose Vehicle 4WD
2018,Lincoln,MKX AWD,19.0,Small Sport Utility Vehicle 4WD
2018,Lincoln,MKX FWD,20.0,Small Sport Utility Vehicle 2WD
2018,Lincoln,MKZ AWD,21.5,Midsize Cars
2018,Lincoln,MKZ FWD,22.5,Midsize Cars
2018,Lincoln,MKZ Hybrid FWD,40.0,Midsize Cars
2018,Lincoln,Navigator 2WD,19.0,Standard Sport Utility Vehicle 2WD
2018,Lincoln,Navigator 4WD,18.0,Standard Sport Utility Vehicle 4WD
2018,Lincoln,Navigator L 2WD,18.0,Standard Sport Utility Vehicle 2WD
2018,Lotus,Evora,19.5,Minicompact Cars
2018,MINI,Cooper Clubman,27.5,Midsize Cars
2018,MINI,Cooper Clubman All4,26.0,Midsize Cars
2018,MINI,Cooper Convertible,31.0,Minicompact Cars
2018,MINI,Cooper Countryman,27.5,Midsize Cars
2018,MINI,Cooper Countryman All4,25.5,Midsize Cars
2018,MINI,Cooper Hardtop 2 door,31.0,Subcompact Cars
2018,MINI,Cooper Hardtop 4 door,31.0,Subcompact Cars
2018,MINI,Cooper S Clubman,26.0,Midsize Cars
2018,MINI,Cooper S Clubman All4,25.0,Midsize Cars
2018,MINI,Cooper S Convertible,27.0,Minicompact Cars
2018,MINI,Cooper S Countryman,27.0,Midsize Cars
2018,MINI,Cooper S Countryman All4,25.0,Midsize Cars
2018,MINI,Cooper S Hardtop 2 door,27.0,Subcompact Cars
2018,MINI,Cooper S Hardtop 4 door,27.0,Subcompact Cars
2018,MINI,Cooper SE Countryman All4,27.0,Midsize Cars
2018,MINI,JCW Countryman All4,24.5,Midsize Cars
2018,MINI,John Cooper Works Clubman All4,25.0,Midsize Cars
2018,MINI,John Cooper Works Convertible,26.5,Minicompact Cars
2018,MINI,John Cooper Works Hardtop,27.0,Subcompact Cars
2018,Maserati,Ghibli  S RWD,19.0,Midsize Cars
2018,Maserati,Ghibli  V6 RWD,19.0,Midsize Cars
2018,Maserati,Ghibli V6 SQ4 AWD,19.0,Midsize Cars
2018,Maserati,GranTurismo,16.0,Subcompact Cars
2018,Maserati,GranTurismo Convertible,15.0,Subcompact Cars
2018,Maserati,Levante,16.0,Standard Sport Utility Vehicle 4WD
2018,Maserati,Levante S,16.0,Standard Sport Utility Vehicle 4WD
2018,Maserati,Quattroporte S,18.0,Large Cars
2018,Maserati,Quattroporte SQ4 V6,18.0,Large Cars
2018,Maserati,Quattroporte V8,17.0,Large Cars
2018,Mazda,2,34.5,Compact Cars
2018,Mazda,3 4-Door,30.5,Compact Cars
2018,Mazda,3 5-Door,30.5,Midsize Cars
2018,Mazda,6,27.0,Midsize Cars
2018,Mazda,CX-3 2WD,31.0,Compact Cars
2018,Mazda,CX-3 4WD,29.0,Compact Cars
2018,Mazda,CX-5 2WD,28.5,Small Sport Utility Vehicle 2WD
2018,Mazda,CX-5 4WD,27.0,Small Sport Utility Vehicle 4WD
2018,Mazda,CX-9 2WD,24.0,Small Sport Utility Vehicle 2WD
2018,Mazda,CX-9 4WD,23.0,Small Sport Utility Vehicle 4WD
2018,Mazda,MX-5,29.0,Two Seaters
2018,McLaren Automotive,540C Coupe,19.0,Two Seaters
2018,McLaren Automotive,570GT,19.0,Two Seaters
2018,McLaren Automotive,570S Coupe,19.0,Two Seaters
2018,McLaren Automotive,570S Spider,19.0,Two Seaters
2018,McLaren Automotive,720S Coupe,18.0,Two Seaters
2018,Mercedes-Benz,AMG C43 4matic,23.0,Compact Cars
2018,Mercedes-Benz,AMG C43 4matic Convertible,22.0,Subcompact Cars
2018,Mercedes-Benz,AMG C43 4matic Coupe,22.0,Subcompact Cars
2018,Mercedes-Benz,AMG C63,20.0,Compact Cars
2018,Mercedes-Benz,AMG C63 Convertible,19.0,Subcompact Cars
2018,Mercedes-Benz,AMG C63 Coupe,19.0,Subcompact Cars
2018,Mercedes-Benz,AMG C63 S,20.0,Compact Cars
2018,Mercedes-Benz,AMG C63 S Convertible,19.0,Subcompact Cars
2018,Mercedes-Benz,AMG C63 S Coupe,19.0,Subcompact Cars
2018,Mercedes-Benz,AMG CLA45 4matic,26.0,Compact Cars
2018,Mercedes-Benz,AMG CLS63 S 4matic,18.0,Compact Cars
2018,Mercedes-Benz,AMG E43 4matic,21.0,Midsize Cars
2018,Mercedes-Benz,AMG E63 S 4matic,18.0,Midsize Cars
2018,Mercedes-Benz,AMG E63 S 4matic (wagon),18.0,Midsize Station Wagons
2018,Mercedes-Benz,AMG G63,13.0,Standard Sport Utility Vehicle 4WD
2018,Mercedes-Benz,AMG G65,12.0,Standard Sport Utility Vehicle 4WD
2018,Mercedes-Benz,AMG GLA45 4matic,25.0,Midsize Station Wagons
2018,Mercedes-Benz,AMG GLC43 4matic,20.0,Small Sport Utility Vehicle 4WD
2018,Mercedes-Benz,AMG GLC43 4matic Coupe,20.0,Small Sport Utility Vehicle 4WD
2018,Mercedes-Benz,AMG GLC63 4matic,18.0,Small Sport Utility Vehicle 4WD
2018,Mercedes-Benz,AMG GLC63 4matic Coupe,18.0,Small Sport Utility Vehicle 4WD
2018,Mercedes-Benz,AMG GLC63 S 4matic Coupe,18.0,Small Sport Utility Vehicle 4WD
2018,Mercedes-Benz,AMG GLE43 4matic,19.0,Standard Sport Utility Vehicle 4WD
2018,Mercedes-Benz,AMG GLE43 4matic Coupe,19.0,Standard Sport Utility Vehicle 4WD
2018,Mercedes-Benz,AMG GLE63,15.0,Standard Sport Utility Vehicle 4WD
2018,Mercedes-Benz,AMG GLE63 S,15.0,Standard Sport Utility Vehicle 4WD
2018,Mercedes-Benz,AMG GLE63 S Coupe,15.0,Standard Sport Utility Vehicle 4WD
2018,Mercedes-Benz,AMG GLS63,15.0,Standard Sport Utility Vehicle 4WD
2018,Mercedes-Benz,AMG GT C Coupe,17.0,Two Seaters
2018,Mercedes-Benz,AMG GT C Roadster,17.0,Two Seaters
2018,Mercedes-Benz,AMG GT Coupe,18.0,Two Seaters
2018,Mercedes-Benz,AMG GT R Coupe,17.0,Two Seaters
2018,Mercedes-Benz,AMG GT Roadster,18.0,Two Seaters
2018,Mercedes-Benz,AMG GT S Coupe,18.0,Two Seaters
2018,Mercedes-Benz,AMG S63 4matic,20.0,Large Cars
2018,Mercedes-Benz,AMG S63 4matic Convertible,18.0,Subcompact Cars
2018,Mercedes-Benz,AMG S63 4matic Coupe,20.0,Compact Cars
2018,Mercedes-Benz,AMG S65,16.0,Large Cars
2018,Mercedes-Benz,AMG S65 Convertible,16.0,Subcompact Cars
2018,Mercedes-Benz,AMG S65 Coupe,16.0,Compact Cars
2018,Mercedes-Benz,AMG SL63,19.0,Two Seaters
2018,Mercedes-Benz,AMG SL65,16.0,Two Seaters
2018,Mercedes-Benz,AMG SLC43,23.0,Two Seaters
2018,Mercedes-Benz,C300,27.0,Compact Cars
2018,Mercedes-Benz,C300 4matic,26.0,Compact Cars
2018,Mercedes-Benz,C300 4matic Convertible,25.0,Subcompact Cars
2018,Mercedes-Benz,C300 4matic Coupe,25.0,Subcompact Cars
2018,Mercedes-Benz,C300 Convertible,25.0,Subcompact Cars
2018,Mercedes-Benz,C300 Coupe,25.0,Subcompact Cars
2018,Mercedes-Benz,C350e,30.0,Compact Cars
2018,Mercedes-Benz,CLA250,29.0,Compact Cars
2018,Mercedes-Benz,CLA250 4matic,27.0,Compact Cars
2018,Mercedes-Benz,CLS550,21.0,Compact Cars
2018,Mercedes-Benz,CLS550 4matic,20.0,Compact Cars
2018,Mercedes-Benz,E300,25.0,Midsize Cars
2018,Mercedes-Benz,E300 4matic,24.0,Midsize Cars
2018,Mercedes-Benz,E400 4matic,23.0,Midsize Cars
2018,Mercedes-Benz,E400 4matic (station wagon),21.0,Midsize Station Wagons
2018,Mercedes-Benz,E400 4matic Convertible,22.0,Subcompact Cars
2018,Mercedes-Benz,E400 4matic Coupe,22.0,Subcompact Cars
2018,Mercedes-Benz,E400 Convertible,22.0,Subcompact Cars
2018,Mercedes-Benz,E400 Coupe,22.0,Subcompact Cars
2018,Mercedes-Benz,G550,13.0,Standard Sport Utility Vehicle 4WD
2018,Mercedes-Benz,G550 4x4,11.0,Standard Sport Utility Vehicle 4WD
2018,Mercedes-Benz,GLA250,27.0,Small Sport Utility Vehicle 2WD
2018,Mercedes-Benz,GLA250 4matic,26.0,Small Sport Utility Vehicle 4WD
2018,Mercedes-Benz,GLC300,24.0,Small Sport Utility Vehicle 2WD
2018,Mercedes-Benz,GLC300 4matic,24.0,Small Sport Utility Vehicle 4WD
2018,Mercedes-Benz,GLC300 4matic Coupe,24.0,Small Sport Utility Vehicle 4WD
2018,Mercedes-Benz,GLC350e 4matic,25.0,Small Sport Utility Vehicle 4WD
2018,Mercedes-Benz,GLE350,20.0,Standard Sport Utility Vehicle 2WD
2018,Mercedes-Benz,GLE350 4matic,19.0,Standard Sport Utility Vehicle 4WD
2018,Mercedes-Benz,GLE550e 4matic,21.0,Standard Sport Utility Vehicle 4WD
2018,Mercedes-Benz,GLS450 4matic,19.0,Standard Sport Utility Vehicle 4WD
2018,Mercedes-Benz,GLS550 4matic,16.0,Standard Sport Utility Vehicle 4WD
2018,Mercedes-Benz,Maybach S560 4matic,19.0,Large Cars
2018,Mercedes-Benz,Maybach S650,16.0,Large Cars
2018,Mercedes-Benz,Metris (Cargo Van),22.0,Special Purpose Vehicle 2WD
2018,Mercedes-Benz,"Metris (Cargo Van, LWB)",22.0,Special Purpose Vehicle 2WD
2018,Mercedes-Benz,Metris (Passenger Van),21.0,Special Purpose Vehicle 2WD
2018,Mercedes-Benz,S450,22.0,Large Cars
2018,Mercedes-Benz,S450 4matic,22.0,Large Cars
2018,Mercedes-Benz,S560,21.0,Large Cars
2018,Mercedes-Benz,S560 4matic,21.0,Large Cars
2018,Mercedes-Benz,S560 4matic Coupe,21.0,Compact Cars
2018,Mercedes-Benz,S560 Convertible,20.0,Subcompact Cars
2018,Mercedes-Benz,SL450,23.0,Two Seaters
2018,Mercedes-Benz,SL550,20.0,Two Seaters
2018,Mercedes-Benz,SLC300,27.0,Two Seaters
2018,Mitsubishi,Eclipse Cross 2WD,26.0,Small Sport Utility Vehicle 2WD
2018,Mitsubishi,Eclipse Cross 4WD,25.0,Small Sport Utility Vehicle 4WD
2018,Mitsubishi,Eclipse Cross ES 2WD,27.0,Small Sport Utility Vehicle 2WD
2018,Mitsubishi,Eclipse Cross ES 4WD,26.0,Small Sport Utility Vehicle 4WD
2018,Mitsubishi,Mirage,37.5,Compact Cars
2018,Mitsubishi,Mirage G4,36.0,Compact Cars
2018,Mitsubishi,Outlander 2WD,27.0,Small Sport Utility Vehicle 2WD
2018,Mitsubishi,Outlander 4WD,24.0,Small Sport Utility Vehicle 4WD
2018,Mitsubishi,Outlander PHEV,25.0,Small Sport Utility Vehicle 4WD
2018,Mitsubishi,Outlander Sport 2WD,25.0,Small Sport Utility Vehicle 2WD
2018,Mitsubishi,Outlander Sport 4WD,25.5,Small Sport Utility Vehicle 4WD
2018,Nissan,370Z,21.5,Two Seaters
2018,Nissan,370Z Roadster,20.5,Two Seaters
2018,Nissan,Altima,28.5,Midsize Cars
2018,Nissan,Altima SR,30.0,Midsize Cars
2018,Nissan,Armada 2WD,16.0,Standard Sport Utility Vehicle 2WD
2018,Nissan,Armada 4WD,15.0,Standard Sport Utility Vehicle 4WD
2018,Nissan,Frontier 2WD,19.0,Small Pickup Trucks 2WD
2018,Nissan,Frontier 2WD FFV,18.0,Small Pickup Trucks 2WD
2018,Nissan,Frontier 4WD,17.5,Small Pickup Trucks 4WD
2018,Nissan,Frontier 4WD FFV,17.0,Small Pickup Trucks 4WD
2018,Nissan,GT-R,18.0,Subcompact Cars
2018,Nissan,Kicks,33.0,Midsize Cars
2018,Nissan,Leaf,112.0,Midsize Cars
2018,Nissan,Maxima,25.0,Midsize Cars
2018,Nissan,Murano AWD,24.0,Midsize Station Wagons
2018,Nissan,Murano FWD,24.0,Midsize Station Wagons
2018,Nissan,NV200 Cargo Van,25.0,Special Purpose Vehicle 2WD
2018,Nissan,NV200 NYC Taxi,24.0,Special Purpose Vehicle 2WD
2018,Nissan,Pathfinder 2WD,23.0,Small Sport Utility Vehicle 2WD
2018,Nissan,Pathfinder 4WD,22.0,Small Sport Utility Vehicle 4WD
2018,Nissan,Pathfinder 4WD Platinum,21.0,Small Sport Utility Vehicle 4WD
2018,Nissan,Rogue AWD,27.0,Small Sport Utility Vehicle 4WD
2018,Nissan,Rogue FWD,29.0,Small Sport Utility Vehicle 2WD
2018,Nissan,Rogue Hybrid  AWD,33.0,Small Sport Utility Vehicle 4WD
2018,Nissan,Rogue Hybrid  FWD,34.0,Small Sport Utility Vehicle 2WD
2018,Nissan,Rogue Sport AWD,27.0,Small Station Wagons
2018,Nissan,Rogue Sport FWD,28.0,Small Station Wagons
2018,Nissan,Sentra,29.5,Midsize Cars
2018,Nissan,Sentra Nismo,27.0,Midsize Cars
2018,Nissan,Titan 2WD,18.0,Standard Pickup Trucks 2WD
2018,Nissan,Titan 4WD,18.0,Standard Pickup Trucks 4WD
2018,Nissan,Titan 4WD PRO4X,17.0,Standard Pickup Trucks 4WD
2018,Nissan,Versa,30.0,Compact Cars
2018,Pagani,Huayra,13.0,Two Seaters
2018,Porsche,911 Carrera,24.0,Minicompact Cars
2018,Porsche,911 Carrera 4,23.5,Minicompact Cars
2018,Porsche,911 Carrera 4 Cabriolet,23.0,Minicompact Cars
2018,Porsche,911 Carrera 4 GTS,21.5,Minicompact Cars
2018,Porsche,911 Carrera 4 GTS Cabriolet,21.5,Minicompact Cars
2018,Porsche,911 Carrera 4S,23.5,Minicompact Cars
2018,Porsche,911 Carrera 4S Cabriolet,23.0,Minicompact Cars
2018,Porsche,911 Carrera Cabriolet,23.5,Minicompact Cars
2018,Porsche,911 Carrera GTS,22.0,Minicompact Cars
2018,Porsche,911 Carrera GTS Cabriolet,21.5,Minicompact Cars
2018,Porsche,911 Carrera S,23.5,Minicompact Cars
2018,Porsche,911 Carrera S Cabriolet,23.5,Minicompact Cars
2018,Porsche,911 Carrera T,20.5,Minicompact Cars
2018,Porsche,911 GT2 RS,17.0,Two Seaters
2018,Porsche,911 GT3,16.5,Two Seaters
2018,Porsche,911 GT3 Touring,17.0,Two Seaters
2018,Porsche,911 Targa 4,23.0,Minicompact Cars
2018,Porsche,911 Targa 4 GTS,21.5,Minicompact Cars
2018,Porsche,911 Targa 4S,23.0,Minicompact Cars
2018,Porsche,911 Turbo,21.0,Minicompact Cars
2018,Porsche,911 Turbo Cabriolet,21.0,Minicompact Cars
2018,Porsche,911 Turbo S,21.0,Minicompact Cars
2018,Porsche,911 Turbo S Cabriolet,21.0,Minicompact Cars
2018,Porsche,911 Turbo S Exclusive,19.0,Minicompact Cars
2018,Porsche,Boxster,24.5,Two Seaters
2018,Porsche,Boxster GTS,21.5,Two Seaters
2018,Porsche,Boxster S,23.0,Two Seaters
2018,Porsche,Cayenne,20.0,Standard Sport Utility Vehicle 4WD
2018,Porsche,Cayenne GTS,19.0,Standard Sport Utility Vehicle 4WD
2018,Porsche,Cayenne Platinum,19.0,Standard Sport Utility Vehicle 4WD
2018,Porsche,Cayenne S,20.0,Standard Sport Utility Vehicle 4WD
2018,Porsche,Cayenne S e-Hybrid,22.0,Standard Sport Utility Vehicle 4WD
2018,Porsche,Cayenne Turbo,17.0,Standard Sport Utility Vehicle 4WD
2018,Porsche,Cayenne Turbo S,17.0,Standard Sport Utility Vehicle 4WD
2018,Porsche,Cayman,24.5,Two Seaters
2018,Porsche,Cayman GTS,21.5,Two Seaters
2018,Porsche,Cayman S,23.0,Two Seaters
2018,Porsche,Macan,22.0,Small Sport Utility Vehicle 4WD
2018,Porsche,Macan GTS,19.0,Small Sport Utility Vehicle 4WD
2018,Porsche,Macan S,19.0,Small Sport Utility Vehicle 4WD
2018,Porsche,Macan Turbo,19.0,Small Sport Utility Vehicle 4WD
2018,Porsche,Macan Turbo Kit,19.0,Small Sport Utility Vehicle 4WD
2018,Porsche,Panamera,24.0,Large Cars
2018,Porsche,Panamera 4,23.0,Large Cars
2018,Porsche,Panamera 4 Executive,23.0,Large Cars
2018,Porsche,Panamera 4 ST,23.0,Large Cars
2018,Porsche,Panamera 4 e-Hybrid,22.0,Large Cars
2018,Porsche,Panamera 4 e-Hybrid Executive,22.0,Large Cars
2018,Porsche,Panamera 4 e-Hybrid ST,22.0,Large Cars
2018,Porsche,Panamera 4S,23.0,Large Cars
2018,Porsche,Panamera 4S Executive,23.0,Large Cars
2018,Porsche,Panamera 4S ST,22.0,Large Cars
2018,Porsche,Panamera Turbo,21.0,Large Cars
2018,Porsche,Panamera Turbo Executive,21.0,Large Cars
2018,Porsche,Panamera Turbo S e-Hybrid,21.0,Large Cars
2018,Porsche,Panamera Turbo S e-Hybrid Executive,21.0,Large Cars
2018,Porsche,Panamera Turbo S e-Hybrid ST,21.0,Large Cars
2018,Porsche,Panamera Turbo ST,20.0,Large Cars
2018,RUF Automobile,RUF TURBO 12/CTR3,18.0,Two Seaters
2018,Ram,1500 2WD,20.0,Standard Pickup Trucks 2WD
2018,Ram,1500 4WD,18.0,Standard Pickup Trucks 4WD
2018,Ram,Promaster City,24.0,Special Purpose Vehicle 2WD
2018,Rolls-Royce,Dawn,14.0,Compact Cars
2018,Rolls-Royce,Ghost,14.0,Large Cars
2018,Rolls-Royce,Ghost EWB,14.0,Large Cars
2018,Rolls-Royce,Phantom,14.0,Large Cars
2018,Rolls-Royce,Phantom EWB,14.0,Large Cars
2018,Rolls-Royce,Wraith,14.0,Midsize Cars
2018,Roush Performance,F150 Pickup 2WD,12.0,Standard Pickup Trucks 2WD
2018,Roush Performance,F150 Pickup 4WD,12.0,Standard Pickup Trucks 4WD
2018,Subaru,BRZ,25.5,Minicompact Cars
2018,Subaru,BRZ tS,23.0,Minicompact Cars
2018,Subaru,Crosstrek AWD,27.0,Small Sport Utility Vehicle 4WD
2018,Subaru,Forester AWD,25.0,Small Sport Utility Vehicle 4WD
2018,Subaru,Impreza 4-Door,29.5,Midsize Cars
2018,Subaru,Impreza 5-Door,28.5,Small Station Wagons
2018,Subaru,Impreza Sport 4-Door,28.0,Midsize Cars
2018,Subaru,Impreza Sport 5-Door,27.5,Small Station Wagons
2018,Subaru,Legacy AWD,26.0,Midsize Cars
2018,Subaru,Outback AWD,25.0,Small Sport Utility Vehicle 4WD
2018,Subaru,WRX,21.0,Compact Cars
2018,Subaru,WRX STI Type RA,18.0,Compact Cars
2018,Tesla,Model 3 Long Range,130.0,Midsize Cars
2018,Tesla,Model 3 Long Range  AWD,116.0,Midsize Cars
2018,Tesla,Model 3 Long Range  AWD Performance,116.0,Midsize Cars
2018,Tesla,Model 3 Mid Range,123.0,Midsize Cars
2018,Tesla,Model S 100D,102.0,Large Cars
2018,Tesla,Model S 75D,103.0,Large Cars
2018,Tesla,Model S 75kWh,98.0,Large Cars
2018,Tesla,Model S P100D,98.0,Large Cars
2018,Tesla,Model X 100D,87.0,Standard Sport Utility Vehicle 4WD
2018,Tesla,Model X 75D,93.0,Standard Sport Utility Vehicle 4WD
2018,Tesla,Model X P100D,85.0,Standard Sport Utility Vehicle 4WD
2018,Toyota,4Runner 2WD,18.0,Standard Sport Utility Vehicle 2WD
2018,Toyota,4Runner 4WD,18.0,Standard Sport Utility Vehicle 4WD
2018,Toyota,86,25.5,Minicompact Cars
2018,Toyota,Avalon,24.0,Midsize Cars
2018,Toyota,Avalon Hybrid,40.0,Midsize Cars
2018,Toyota,C-HR,29.0,Compact Cars
2018,Toyota,Camry,30.0,Midsize Cars
2018,Toyota,Camry Hybrid LE,52.0,Midsize Cars
2018,Toyota,Camry Hybrid XLE/SE,46.0,Midsize Cars
2018,Toyota,Camry LE/SE,32.0,Midsize Cars
2018,Toyota,Camry XLE/XSE,32.0,Midsize Cars
2018,Toyota,Camry XSE,26.0,Midsize Cars
2018,Toyota,Corolla,31.0,Midsize Cars
2018,Toyota,Corolla LE Eco,33.5,Midsize Cars
2018,Toyota,Corolla iM,30.5,Midsize Cars
2018,Toyota,Highlander,22.5,Small Sport Utility Vehicle 2WD
2018,Toyota,Highlander AWD,22.0,Standard Sport Utility Vehicle 4WD
2018,Toyota,Highlander AWD LE,23.0,Standard Sport Utility Vehicle 4WD
2018,Toyota,Highlander Hybrid AWD,28.0,Standard Sport Utility Vehicle 4WD
2018,Toyota,Highlander Hybrid AWD LE Plus,29.0,Standard Sport Utility Vehicle 4WD
2018,Toyota,Highlander LE/XLE/SE/LTD,23.0,Small Sport Utility Vehicle 2WD
2018,Toyota,Land Cruiser Wagon 4WD,15.0,Standard Sport Utility Vehicle 4WD
2018,Toyota,Mirai,67.0,Subcompact Cars
2018,Toyota,Prius,52.0,Midsize Cars
2018,Toyota,Prius Eco,56.0,Midsize Cars
2018,Toyota,Prius Prime,54.0,Midsize Cars
2018,Toyota,Prius c,46.0,Compact Cars
2018,Toyota,RAV4,25.0,Small Sport Utility Vehicle 2WD
2018,Toyota,RAV4 AWD,25.0,Small Sport Utility Vehicle 4WD
2018,Toyota,RAV4 Hybrid AWD,32.0,Small Sport Utility Vehicle 4WD
2018,Toyota,RAV4 LE/XLE,26.0,Small Sport Utility Vehicle 2WD
2018,Toyota,RAV4 Limited AWD/SE AWD,24.0,Small Sport Utility Vehicle 4WD
2018,Toyota,Sequoia 2WD,15.0,Standard Sport Utility Vehicle 2WD
2018,Toyota,Sequoia 4WD,14.0,Standard Sport Utility Vehicle 4WD
2018,Toyota,Sequoia 4WD FFV,14.0,Standard Sport Utility Vehicle 4WD
2018,Toyota,Sienna 2WD,22.0,Minivan - 2WD
2018,Toyota,Sienna AWD,20.0,Minivan - 4WD
2018,Toyota,Tacoma 2WD,21.0,Small Pickup Trucks 2WD
2018,Toyota,Tacoma 4WD,20.0,Small Pickup Trucks 4WD
2018,Toyota,Tacoma 4WD Double Cab Off-Road,18.0,Small Pickup Trucks 4WD
2018,Toyota,Tundra 2WD,15.5,Standard Pickup Trucks 2WD
2018,Toyota,Tundra 4WD,15.0,Standard Pickup Trucks 4WD
2018,Toyota,Tundra 4WD FFV,15.0,Standard Pickup Trucks 4WD
2018,Toyota,Yaris,32.5,Compact Cars
2018,Toyota,Yaris iA,34.5,Subcompact Cars
2018,Volkswagen,Atlas,22.0,Small Sport Utility Vehicle 2WD
2018,Volkswagen,Atlas 4motion,19.0,Small Sport Utility Vehicle 4WD
2018,Volkswagen,Beetle,29.0,Compact Cars
2018,Volkswagen,Beetle Convertible,29.0,Subcompact Cars
2018,Volkswagen,Beetle Dune,29.0,Compact Cars
2018,Volkswagen,Beetle Dune Convertible,29.0,Subcompact Cars
2018,Volkswagen,GTI,27.5,Compact Cars
2018,Volkswagen,Golf,28.5,Compact Cars
2018,Volkswagen,Golf Alltrack,24.5,Small Station Wagons
2018,Volkswagen,Golf R,24.5,Compact Cars
2018,Volkswagen,Golf SportWagen,28.5,Small Station Wagons
2018,Volkswagen,Golf SportWagen 4motion,24.5,Small Station Wagons
2018,Volkswagen,Jetta,30.0,Compact Cars
2018,Volkswagen,Passat,25.5,Midsize Cars
2018,Volkswagen,Tiguan,24.0,Small Sport Utility Vehicle 2WD
2018,Volkswagen,Tiguan 4motion,23.0,Small Sport Utility Vehicle 4WD
2018,Volkswagen,Tiguan Limited,23.0,Small Sport Utility Vehicle 2WD
2018,Volkswagen,Tiguan Limited 4motion,22.0,Small Sport Utility Vehicle 4WD
2018,Volkswagen,e-Golf,119.0,Compact Cars
2018,Volvo,S60 AWD,26.0,Compact Cars
2018,Volvo,S60 CC AWD,25.0,Compact Cars
2018,Volvo,S60 FWD,29.0,Compact Cars
2018,Volvo,S60 Inscription AWD,26.0,Compact Cars
2018,Volvo,S60 Inscription FWD,29.0,Compact Cars
2018,Volvo,S60 Polestar AWD,22.0,Compact Cars
2018,Volvo,S90 AWD,25.5,Midsize Cars
2018,Volvo,S90 AWD PHEV,29.0,Midsize Cars
2018,Volvo,S90 FWD,27.0,Midsize Cars
2018,Volvo,V60 AWD,26.0,Small Station Wagons
2018,Volvo,V60 CC AWD,25.0,Small Station Wagons
2018,Volvo,V60 FWD,29.0,Small Station Wagons
2018,Volvo,V60 Polestar AWD,22.0,Small Station Wagons
2018,Volvo,V90 AWD,25.0,Midsize Station Wagons
2018,Volvo,V90 CC AWD,25.5,Midsize Station Wagons
2018,Volvo,V90 FWD,27.0,Midsize Station Wagons
2018,Volvo,XC60 AWD,23.5,Small Sport Utility Vehicle 4WD
2018,Volvo,XC60 AWD PHEV,26.0,Small Sport Utility Vehicle 4WD
2018,Volvo,XC90 AWD,23.5,Standard Sport Utility Vehicle 4WD
2018,Volvo,XC90 AWD PHEV,27.0,Standard Sport Utility Vehicle 4WD
2018,Volvo,XC90 FWD,25.0,Standard Sport Utility Vehicle 2WD
2018,smart,fortwo electric drive convertible,102.0,Two Seaters
2018,smart,fortwo electric drive coupe,108.0,Two Seaters
2019,Acura,ILX,28.0,Compact Cars
2019,Acura,MDX AWD,22.0,Small Sport Utility Vehicle 4WD
2019,Acura,MDX AWD A-SPEC,21.0,Small Sport Utility Vehicle 4WD
2019,Acura,MDX FWD,23.0,Small Sport Utility Vehicle 2WD
2019,Acura,MDX Hybrid AWD,27.0,Small Sport Utility Vehicle 4WD
2019,Acura,NSX Hybrid,21.0,Two Seaters
2019,Acura,RDX AWD,23.0,Small Sport Utility Vehicle 4WD
2019,Acura,RDX AWD A-SPEC,23.0,Small Sport Utility Vehicle 4WD
2019,Acura,RDX FWD,24.0,Small Sport Utility Vehicle 2WD
2019,Acura,RDX FWD A-SPEC,24.0,Small Sport Utility Vehicle 2WD
2019,Acura,RLX,23.0,Midsize Cars
2019,Acura,RLX Hybrid,28.0,Midsize Cars
2019,Acura,TLX AWD,23.0,Compact Cars
2019,Acura,TLX AWD A-SPEC,23.0,Compact Cars
2019,Acura,TLX FWD,25.5,Compact Cars
2019,Acura,TLX FWD A-SPEC,24.5,Compact Cars
2019,Alfa Romeo,4C,28.0,Two Seaters
2019,Alfa Romeo,Giulia,23.5,Midsize Cars
2019,Alfa Romeo,Giulia AWD,26.0,Midsize Cars
2019,Alfa Romeo,Stelvio,25.0,Small Sport Utility Vehicle 2WD
2019,Alfa Romeo,Stelvio AWD,21.5,Small Sport Utility Vehicle 4WD
2019,Aston Martin,DB11 V12,18.0,Minicompact Cars
2019,Aston Martin,DB11 V8,20.0,Minicompact Cars
2019,Aston Martin,DBS,17.0,Minicompact Cars
2019,Aston Martin,Rapide S,17.0,Subcompact Cars
2019,Aston Martin,Vanquish S,16.0,Minicompact Cars
2019,Aston Martin,Vantage V8,21.0,Two Seaters
2019,Audi,A3,29.0,Subcompact Cars
2019,Audi,A3 Cabriolet,29.0,Subcompact Cars
2019,Audi,A3 Cabriolet quattro,25.0,Subcompact Cars
2019,Audi,A3 quattro,25.0,Subcompact Cars
2019,Audi,A4,30.0,Compact Cars
2019,Audi,A4 allroad quattro,25.0,Small Station Wagons
2019,Audi,A4 quattro,27.0,Compact Cars
2019,Audi,A5 Cabriolet quattro,27.0,Subcompact Cars
2019,Audi,A5 Sportback quattro,27.0,Midsize Cars
2019,Audi,A5 quattro,27.0,Subcompact Cars
2019,Audi,A6 quattro,26.0,Midsize Cars
2019,Audi,A7 quattro,25.0,Midsize Cars
2019,Audi,A8 L,20.0,Large Cars
2019,Audi,Q3 quattro,22.0,Compact Cars
2019,Audi,Q5,24.0,Small Sport Utility Vehicle 4WD
2019,Audi,Q7,21.0,Standard Sport Utility Vehicle 4WD
2019,Audi,Q8,19.0,Standard Sport Utility Vehicle 4WD
2019,Audi,RS 3,22.0,Subcompact Cars
2019,Audi,RS 5,21.0,Subcompact Cars
2019,Audi,RS 5 Sportback,20.0,Midsize Cars
2019,Audi,S3,25.0,Subcompact Cars
2019,Audi,S4,24.0,Compact Cars
2019,Audi,S5,24.0,Subcompact Cars
2019,Audi,S5 Cabriolet,24.0,Subcompact Cars
2019,Audi,S5 Sportback,24.0,Midsize Cars
2019,Audi,SQ5,21.0,Small Sport Utility Vehicle 4WD
2019,Audi,TT Coupe quattro,26.0,Subcompact Cars
2019,Audi,TT RS,23.0,Subcompact Cars
2019,Audi,TT Roadster quattro,26.0,Two Seaters
2019,Audi,TTS Coupe,25.0,Subcompact Cars
2019,Audi,e-tron,74.0,Standard Sport Utility Vehicle 4WD
2019,BMW,230i Convertible,27.0,Subcompact Cars
2019,BMW,230i Coupe,26.5,Subcompact Cars
2019,BMW,230i xDrive Convertible,27.0,Subcompact Cars
2019,BMW,230i xDrive Coupe,27.0,Subcompact Cars
2019,BMW,330i,30.0,Compact Cars
2019,BMW,330i xDrive,28.0,Compact Cars
2019,BMW,330i xDrive Gran Turismo,27.0,Large Cars
2019,BMW,330i xDrive Sports Wagon,27.0,Small Station Wagons
2019,BMW,340i xDrive Gran Turismo,23.0,Large Cars
2019,BMW,430i Convertible,27.0,Subcompact Cars
2019,BMW,430i Coupe,26.0,Compact Cars
2019,BMW,430i Gran Coupe,27.0,Compact Cars
2019,BMW,430i xDrive Convertible,26.0,Subcompact Cars
2019,BMW,430i xDrive Coupe,27.0,Compact Cars
2019,BMW,430i xDrive Gran Coupe,27.0,Compact Cars
2019,BMW,440i Convertible,24.0,Subcompact Cars
2019,BMW,440i Coupe,23.5,Compact Cars
2019,BMW,440i Gran Coupe,25.0,Compact Cars
2019,BMW,440i xDrive Convertible,23.0,Subcompact Cars
2019,BMW,440i xDrive Coupe,22.5,Compact Cars
2019,BMW,440i xDrive Gran Coupe,24.0,Compact Cars
2019,BMW,530e,29.0,Compact Cars
2019,BMW,530e xDrive,28.0,Compact Cars
2019,BMW,530i,27.0,Midsize Cars
2019,BMW,530i xDrive,27.0,Midsize Cars
2019,BMW,540i,24.0,Midsize Cars
2019,BMW,540i xDrive,24.0,Midsize Cars
2019,BMW,640i Gran Coupe,23.0,Compact Cars
2019,BMW,640i xDrive Gran Coupe,22.0,Compact Cars
2019,BMW,640i xDrive Gran Turismo,23.0,Large Cars
2019,BMW,650i Gran Coupe,21.0,Compact Cars
2019,BMW,650i xDrive Gran Coupe,20.0,Compact Cars
2019,BMW,740e xDrive,27.0,Large Cars
2019,BMW,740i,24.0,Large Cars
2019,BMW,740i xDrive,23.0,Large Cars
2019,BMW,750i,21.0,Large Cars
2019,BMW,750i xDrive,20.0,Large Cars
2019,BMW,Alpina B6 xDrive Gran Coupe,20.0,Compact Cars
2019,BMW,Alpina B7 xDrive,20.0,Large Cars
2019,BMW,I8 Coupe,27.0,Subcompact Cars
2019,BMW,I8 Roadster,27.0,Two Seaters
2019,BMW,M2 Competition,19.5,Subcompact Cars
2019,BMW,M240i Convertible,22.5,Subcompact Cars
2019,BMW,M240i Coupe,22.5,Subcompact Cars
2019,BMW,M240i Coupe M Performance,22.5,Subcompact Cars
2019,BMW,M240i xDrive Convertible,24.0,Subcompact Cars
2019,BMW,M240i xDrive Coupe,24.0,Subcompact Cars
2019,BMW,M240i xDrive Coupe M Performance,24.0,Subcompact Cars
2019,BMW,M4 CS,19.0,Compact Cars
2019,BMW,M4 Convertible,19.5,Subcompact Cars
2019,BMW,M4 Convertible Competition,19.5,Subcompact Cars
2019,BMW,M4 Coupe,19.5,Compact Cars
2019,BMW,M4 Coupe Competition,19.5,Compact Cars
2019,BMW,M5,17.0,Midsize Cars
2019,BMW,M5 Competition,17.0,Midsize Cars
2019,BMW,M550i xDrive,20.0,Midsize Cars
2019,BMW,M6 Gran Coupe,16.5,Compact Cars
2019,BMW,M760i xDrive,16.0,Large Cars
2019,BMW,M850i xDrive Convertible,20.0,Subcompact Cars
2019,BMW,M850i xDrive Coupe,20.0,Subcompact Cars
2019,BMW,X1 sDrive28i,26.0,Large Cars
2019,BMW,X1 xDrive28i,25.0,Large Cars
2019,BMW,X2 M35i,25.0,Midsize Cars
2019,BMW,X2 sDrive28i,26.0,Midsize Cars
2019,BMW,X2 xDrive28i,25.0,Midsize Cars
2019,BMW,X3 M40i,23.0,Small Sport Utility Vehicle 4WD
2019,BMW,X3 sDrive30i,26.0,Small Sport Utility Vehicle 4WD
2019,BMW,X3 xDrive30i,25.0,Small Sport Utility Vehicle 4WD
2019,BMW,X4 M40i,23.0,Small Sport Utility Vehicle 4WD
2019,BMW,X4 xDrive30i,25.0,Small Sport Utility Vehicle 4WD
2019,BMW,X5 xDrive40i,22.0,Standard Sport Utility Vehicle 4WD
2019,BMW,X5 xDrive50i,19.0,Standard Sport Utility Vehicle 4WD
2019,BMW,X6 M,16.0,Standard Sport Utility Vehicle 4WD
2019,BMW,X6 sDrive35i,20.0,Standard Sport Utility Vehicle 2WD
2019,BMW,X6 xDrive35i,20.0,Standard Sport Utility Vehicle 4WD
2019,BMW,X6 xDrive50i,19.0,Standard Sport Utility Vehicle 4WD
2019,BMW,X7 xDrive40i,22.0,Standard Sport Utility Vehicle 4WD
2019,BMW,X7 xDrive50i,17.0,Standard Sport Utility Vehicle 4WD
2019,BMW,Z4 sDrive30i,28.0,Two Seaters
2019,BMW,i3,113.0,Subcompact Cars
2019,BMW,i3 with Range Extender,31.0,Subcompact Cars
2019,BMW,i3s,113.0,Subcompact Cars
2019,BMW,i3s with Range Extender,31.0,Subcompact Cars
2019,Bentley,Bentayga,17.0,Standard Sport Utility Vehicle 4WD
2019,Bentley,Mulsanne,12.0,Midsize Cars
2019,Bugatti,Chiron,11.0,Two Seaters
2019,Buick,Cascada,24.0,Subcompact Cars
2019,Buick,Enclave AWD,20.0,Standard Sport Utility Vehicle 4WD
2019,Buick,Enclave FWD,21.0,Standard Sport Utility Vehicle 2WD
2019,Buick,Encore,27.5,Small Sport Utility Vehicle 2WD
2019,Buick,Encore AWD,26.5,Small Sport Utility Vehicle 4WD
2019,Buick,Envision AWD,23.0,Small Sport Utility Vehicle 4WD
2019,Buick,Envision FWD,25.0,Small Sport Utility Vehicle 2WD
2019,Buick,LaCrosse,24.0,Midsize Cars
2019,Buick,LaCrosse AWD,23.0,Midsize Cars
2019,Buick,LaCrosse eAssist,29.0,Midsize Cars
2019,Buick,Regal,26.0,Midsize Cars
2019,Buick,Regal AWD,23.0,Midsize Cars
2019,Buick,Regal TourX AWD,24.0,Small Station Wagons
2019,Cadillac,ATS,24.0,Compact Cars
2019,Cadillac,ATS AWD,22.5,Compact Cars
2019,Cadillac,ATS-V,19.5,Compact Cars
2019,Cadillac,CT6,28.0,Large Cars
2019,Cadillac,CT6 AWD,21.0,Large Cars
2019,Cadillac,CTS,23.0,Midsize Cars
2019,Cadillac,CTS AWD,22.5,Midsize Cars
2019,Cadillac,CTS-V,16.0,Midsize Cars
2019,Cadillac,Escalade 2WD,17.0,Standard Sport Utility Vehicle 2WD
2019,Cadillac,Escalade 4WD,17.0,Standard Sport Utility Vehicle 4WD
2019,Cadillac,XT4 AWD,24.0,Small Sport Utility Vehicle 4WD
2019,Cadillac,XT4 FWD,26.0,Small Sport Utility Vehicle 2WD
2019,Cadillac,XT5,22.0,Small Sport Utility Vehicle 2WD
2019,Cadillac,XT5 AWD,21.0,Small Sport Utility Vehicle 4WD
2019,Cadillac,XTS,22.0,Large Cars
2019,Cadillac,XTS AWD,19.0,Large Cars
2019,Cadillac,XTS Hearse,17.0,Special Purpose Vehicle 2WD
2019,Cadillac,XTS Limo,17.0,Special Purpose Vehicle 2WD
2019,Chevrolet,Blazer AWD,21.0,Small Sport Utility Vehicle 4WD
2019,Chevrolet,Blazer FWD,23.0,Small Sport Utility Vehicle 2WD
2019,Chevrolet,Bolt EV,119.0,Small Station Wagons
2019,Chevrolet,Camaro,20.0,Subcompact Cars
2019,Chevrolet,Colorado 2WD,22.0,Small Pickup Trucks 2WD
2019,Chevrolet,Colorado 4WD,21.0,Small Pickup Trucks 4WD
2019,Chevrolet,Colorado Cab Chassis 2WD,15.0,Special Purpose Vehicle 2WD
2019,Chevrolet,Colorado ZR2 4WD,18.0,Small Pickup Trucks 4WD
2019,Chevrolet,Corvette,18.5,Two Seaters
2019,Chevrolet,Corvette Z06,17.0,Two Seaters
2019,Chevrolet,Corvette ZR1,15.0,Two Seaters
2019,Chevrolet,Cruze,33.0,Compact Cars
2019,Chevrolet,Cruze Hatchback,33.5,Midsize Cars
2019,Chevrolet,Cruze Premier,32.0,Compact Cars
2019,Chevrolet,Cruze Premier Hatchback,31.0,Midsize Cars
2019,Chevrolet,Equinox AWD,27.0,Small Sport Utility Vehicle 4WD
2019,Chevrolet,Equinox FWD,28.0,Small Sport Utility Vehicle 2WD
2019,Chevrolet,Impala,22.0,Large Cars
2019,Chevrolet,Malibu,29.0,Midsize Cars
2019,Chevrolet,Malibu Hybrid,46.0,Midsize Cars
2019,Chevrolet,Silverado C10 2WD,18.0,Standard Pickup Trucks 2WD
2019,Chevrolet,Silverado C10 Cab Chassis 2WD,16.5,Special Purpose Vehicle 2WD
2019,Chevrolet,Silverado C10 XFE 2WD,19.0,Standard Pickup Trucks 2WD
2019,Chevrolet,Silverado K10 4WD,17.0,Standard Pickup Trucks 4WD
2019,Chevrolet,Silverado K10 4WD TrailBoss,16.0,Standard Pickup Trucks 4WD
2019,Chevrolet,Silverado K10 Cab Chassis 4WD,15.0,Special Purpose Vehicle 4WD
2019,Chevrolet,Silverado LD C15 2WD,17.0,Standard Pickup Trucks 2WD
2019,Chevrolet,Silverado LD K15 4WD,17.0,Standard Pickup Trucks 4WD
2019,Chevrolet,Sonic,30.0,Compact Cars
2019,Chevrolet,Sonic 5,29.0,Small Station Wagons
2019,Chevrolet,Spark,33.0,Subcompact Cars
2019,Chevrolet,Spark ACTIV,32.5,Subcompact Cars
2019,Chevrolet,Suburban C1500 2WD,18.0,Standard Sport Utility Vehicle 2WD
2019,Chevrolet,Suburban K1500 4WD,16.0,Standard Sport Utility Vehicle 4WD
2019,Chevrolet,Tahoe C1500 2WD,18.0,Standard Sport Utility Vehicle 2WD
2019,Chevrolet,Tahoe K1500 4WD,17.0,Standard Sport Utility Vehicle 4WD
2019,Chevrolet,Traverse AWD,20.0,Standard Sport Utility Vehicle 4WD
2019,Chevrolet,Traverse FWD,21.5,Standard Sport Utility Vehicle 2WD
2019,Chevrolet,Trax,28.0,Small Sport Utility Vehicle 2WD
2019,Chevrolet,Trax AWD,26.0,Small Sport Utility Vehicle 4WD
2019,Chevrolet,Volt,42.0,Compact Cars
2019,Chrysler,300,23.0,Large Cars
2019,Chrysler,300 AWD,21.0,Large Cars
2019,Chrysler,Pacifica,22.0,Minivan - 2WD
2019,Chrysler,Pacifica Hybrid,30.0,Minivan - 2WD
2019,Dodge,Challenger,18.0,Midsize Cars
2019,Dodge,Challenger GT,21.0,Midsize Cars
2019,Dodge,Challenger SRT,16.0,Midsize Cars
2019,Dodge,Charger,21.0,Large Cars
2019,Dodge,Charger AWD,21.0,Large Cars
2019,Dodge,Charger SRT,16.0,Large Cars
2019,Dodge,Durango AWD,19.0,Standard Sport Utility Vehicle 4WD
2019,Dodge,Durango RWD,19.0,Standard Sport Utility Vehicle 2WD
2019,Dodge,Durango SRT AWD,15.0,Standard Sport Utility Vehicle 4WD
2019,Dodge,Grand Caravan,20.0,Minivan - 2WD
2019,Dodge,Journey,20.0,Small Sport Utility Vehicle 2WD
2019,Dodge,Journey AWD,19.0,Small Sport Utility Vehicle 4WD
2019,Ferrari,488 GTB,18.0,Two Seaters
2019,Ferrari,488 Pista,17.0,Two Seaters
2019,Ferrari,488 Pista Spider,17.0,Two Seaters
2019,Ferrari,488 Spider,18.0,Two Seaters
2019,Ferrari,812 Superfast,13.0,Two Seaters
2019,Ferrari,GTC4Lusso,13.0,Minicompact Cars
2019,Ferrari,GTC4Lusso T,17.0,Minicompact Cars
2019,Ferrari,Portofino,18.0,Minicompact Cars
2019,Fiat,124 Spider,29.5,Two Seaters
2019,Fiat,500,28.5,Minicompact Cars
2019,Fiat,500 Abarth,28.5,Minicompact Cars
2019,Fiat,500 L,25.0,Small Station Wagons
2019,Fiat,500X AWD,26.0,Small Sport Utility Vehicle 4WD
2019,Fiat,500e,112.0,Minicompact Cars
2019,Ford,EcoSport AWD,25.0,Small Sport Utility Vehicle 4WD
2019,Ford,EcoSport FWD,28.0,Small Sport Utility Vehicle 2WD
2019,Ford,Edge AWD,22.0,Small Sport Utility Vehicle 4WD
2019,Ford,Edge FWD,25.0,Small Sport Utility Vehicle 2WD
2019,Ford,Escape AWD,23.5,Small Sport Utility Vehicle 4WD
2019,Ford,Escape FWD,25.0,Small Sport Utility Vehicle 2WD
2019,Ford,Escape FWD FFV,24.0,Small Sport Utility Vehicle 2WD
2019,Ford,Expedition 2WD,20.0,Standard Sport Utility Vehicle 2WD
2019,Ford,Expedition 4WD,19.0,Standard Sport Utility Vehicle 4WD
2019,Ford,Expedition MAX 2WD,19.0,Standard Sport Utility Vehicle 2WD
2019,Ford,Expedition MAX 4WD,18.0,Standard Sport Utility Vehicle 4WD
2019,Ford,Explorer 2WD FFV,20.0,Standard Sport Utility Vehicle 2WD
2019,Ford,Explorer AWD,19.0,Standard Sport Utility Vehicle 4WD
2019,Ford,Explorer AWD FFV,18.0,Standard Sport Utility Vehicle 4WD
2019,Ford,Explorer FWD,21.0,Standard Sport Utility Vehicle 2WD
2019,Ford,F150 2.7L 2WD GVWR>6649 LBS,21.0,Standard Pickup Trucks 2WD
2019,Ford,F150 2.7L 4WD GVWR>6799 LBS,20.0,Standard Pickup Trucks 4WD
2019,Ford,F150 2WD BASE PAYLOAD LT TIRE,21.0,Standard Pickup Trucks 2WD
2019,Ford,F150 2WD FFV BASE PAYLOAD LT,19.5,Standard Pickup Trucks 2WD
2019,Ford,F150 3.5L 2WD GVWR>7599 LBS,19.0,Standard Pickup Trucks 2WD
2019,Ford,F150 3.5L 4WD GVWR>7599 LBS,18.0,Standard Pickup Trucks 4WD
2019,Ford,F150 4WD BASE PAYLOAD LT TIRE,20.0,Standard Pickup Trucks 4WD
2019,Ford,F150 4WD FFV BASE PAYLOAD LT,18.0,Standard Pickup Trucks 4WD
2019,Ford,F150 5.0L 2WD FFV GVWR>7599 LBS,17.0,Standard Pickup Trucks 2WD
2019,Ford,F150 5.0L 4WD FFV GVWR>7599 LBS,16.0,Standard Pickup Trucks 4WD
2019,Ford,F150 Pickup 2WD,22.0,Standard Pickup Trucks 2WD
2019,Ford,F150 Pickup 2WD FFV,20.5,Standard Pickup Trucks 2WD
2019,Ford,F150 Pickup 2WD Limited,19.0,Standard Pickup Trucks 2WD
2019,Ford,F150 Pickup 4WD,21.0,Standard Pickup Trucks 4WD
2019,Ford,F150 Pickup 4WD FFV,19.0,Standard Pickup Trucks 4WD
2019,Ford,F150 Pickup 4WD Limited,19.0,Standard Pickup Trucks 4WD
2019,Ford,F150 Pickup 4WD XL/XLT,24.0,Standard Pickup Trucks 4WD
2019,Ford,F150 RAPTOR 4WD,16.0,Standard Pickup Trucks 4WD
2019,Ford,Fiesta FWD,30.5,Subcompact Cars
2019,Ford,Fiesta ST FWD,28.0,Compact Cars
2019,Ford,Flex AWD,17.5,Standard Sport Utility Vehicle 4WD
2019,Ford,Flex FWD,19.0,Standard Sport Utility Vehicle 2WD
2019,Ford,Fusion AWD,21.5,Midsize Cars
2019,Ford,Fusion Energi Plug-in Hybrid,42.0,Midsize Cars
2019,Ford,Fusion FWD,25.0,Midsize Cars
2019,Ford,Fusion Hybrid FWD,42.0,Midsize Cars
2019,Ford,Fusion Hybrid Taxi,41.0,Midsize Cars
2019,Ford,Fusion Special Service Vehicle PHEV,42.0,Midsize Cars
2019,Ford,GT,14.0,Two Seaters
2019,Ford,Mustang,22.0,Subcompact Cars
2019,Ford,Mustang Bullitt,18.0,Subcompact Cars
2019,Ford,Mustang Convertible,23.0,Subcompact Cars
2019,Ford,Mustang Performance Package,23.0,Subcompact Cars
2019,Ford,Ranger 2WD,23.0,Standard Pickup Trucks 2WD
2019,Ford,Ranger 2WD Incomplete,18.0,Special Purpose Vehicle 2WD
2019,Ford,Ranger 4WD,22.0,Standard Pickup Trucks 4WD
2019,Ford,Shelby GT350 Mustang,16.0,Subcompact Cars
2019,Ford,Taurus AWD,19.0,Large Cars
2019,Ford,Taurus AWD FFV,19.0,Large Cars
2019,Ford,Taurus FWD,21.0,Large Cars
2019,Ford,Taurus FWD FFV,21.0,Large Cars
2019,Ford,Transit Connect USPS,22.0,Special Purpose Vehicle 2WD
2019,Ford,Transit Connect Van 2WD,23.5,Special Purpose Vehicle 2WD
2019,Ford,Transit Connect Van FFV,25.0,Special Purpose Vehicle 2WD
2019,Ford,Transit Connect Wagon LWB FFV,26.0,Special Purpose Vehicle 2WD
2019,Ford,Transit Connect Wagon LWB FWD,24.0,Special Purpose Vehicle 2WD
2019,Ford,Transit T150 Wagon,15.5,"Vans, Passenger Type"
2019,Ford,Transit T150 Wagon FFV,15.0,"Vans, Passenger Type"
2019,GMC,Acadia AWD,21.0,Standard Sport Utility Vehicle 4WD
2019,GMC,Acadia FWD,22.0,Standard Sport Utility Vehicle 2WD
2019,GMC,Canyon 2WD,22.0,Small Pickup Trucks 2WD
2019,GMC,Canyon 4WD,21.0,Small Pickup Trucks 4WD
2019,GMC,Canyon Cab Chassis 2WD,15.0,Special Purpose Vehicle 2WD
2019,GMC,Sierra C10 2WD,18.0,Standard Pickup Trucks 2WD
2019,GMC,Sierra C10 Cab Chassis 2WD,16.5,Special Purpose Vehicle 2WD
2019,GMC,Sierra C10 XFE 2WD,19.0,Standard Pickup Trucks 2WD
2019,GMC,Sierra K10 4WD,17.0,Standard Pickup Trucks 4WD
2019,GMC,Sierra K10 4WD AT4,17.0,Standard Pickup Trucks 4WD
2019,GMC,Sierra K10 Cab Chassis 4WD,15.0,Special Purpose Vehicle 4WD
2019,GMC,Sierra LTD C15 2WD,17.0,Standard Pickup Trucks 2WD
2019,GMC,Sierra LTD K15 4WD,17.0,Standard Pickup Trucks 4WD
2019,GMC,Terrain AWD,26.0,Small Sport Utility Vehicle 4WD
2019,GMC,Terrain FWD,28.0,Small Sport Utility Vehicle 2WD
2019,GMC,Yukon C1500 2WD,18.0,Standard Sport Utility Vehicle 2WD
2019,GMC,Yukon C1500 XL 2WD,18.0,Standard Sport Utility Vehicle 2WD
2019,GMC,Yukon K1500 4WD,17.0,Standard Sport Utility Vehicle 4WD
2019,GMC,Yukon K1500 XL 4WD,16.0,Standard Sport Utility Vehicle 4WD
2019,Genesis,G70 AWD,21.5,Compact Cars
2019,Genesis,G70 RWD,22.0,Compact Cars
2019,Genesis,G80 AWD,20.0,Large Cars
2019,Genesis,G80 RWD,20.0,Large Cars
2019,Genesis,G90 AWD,19.0,Large Cars
2019,Genesis,G90 RWD,19.5,Large Cars
2019,Honda,Accord,30.0,Large Cars
2019,Honda,Accord 2.0T Sport/Touring,26.0,Midsize Cars
2019,Honda,Accord Hybrid,48.0,Large Cars
2019,Honda,CR-V AWD,28.0,Small Sport Utility Vehicle 4WD
2019,Honda,CR-V FWD,29.0,Small Sport Utility Vehicle 2WD
2019,Honda,Civic 2Dr,32.5,Compact Cars
2019,Honda,Civic 4Dr,32.5,Midsize Cars
2019,Honda,Civic 5Dr,32.5,Large Cars
2019,Honda,Clarity EV,114.0,Midsize Cars
2019,Honda,Clarity FCV,68.0,Midsize Cars
2019,Honda,Clarity Plug-in Hybrid,42.0,Midsize Cars
2019,Honda,Fit,33.0,Small Station Wagons
2019,Honda,HR-V AWD,28.5,Small Station Wagons
2019,Honda,HR-V FWD,30.0,Small Station Wagons
2019,Honda,Insight,52.0,Midsize Cars
2019,Honda,Insight Touring,48.0,Midsize Cars
2019,Honda,Odyssey,22.0,Minivan - 2WD
2019,Honda,Passport AWD,21.0,Small Sport Utility Vehicle 4WD
2019,Honda,Passport FWD,22.0,Small Sport Utility Vehicle 2WD
2019,Honda,Pilot AWD,21.5,Small Sport Utility Vehicle 4WD
2019,Honda,Pilot FWD,22.5,Small Sport Utility Vehicle 2WD
2019,Honda,Ridgeline AWD,21.0,Standard Pickup Trucks 4WD
2019,Honda,Ridgeline FWD,22.0,Small Pickup Trucks 2WD
2019,Hyundai,Accent,31.5,Compact Cars
2019,Hyundai,Elantra,29.0,Midsize Cars
2019,Hyundai,Elantra GT,27.0,Large Cars
2019,Hyundai,Elantra SE,33.0,Midsize Cars
2019,Hyundai,Ioniq,55.0,Large Cars
2019,Hyundai,Ioniq Blue,58.0,Large Cars
2019,Hyundai,Ioniq Electric,136.0,Midsize Cars
2019,Hyundai,Ioniq Plug-in Hybrid,52.0,Midsize Cars
2019,Hyundai,Kona AWD,27.0,Small Sport Utility Vehicle 4WD
2019,Hyundai,Kona Electric,120.0,Small Sport Utility Vehicle 2WD
2019,Hyundai,Kona FWD,30.0,Small Sport Utility Vehicle 2WD
2019,Hyundai,Nexo,57.0,Small Sport Utility Vehicle 2WD
2019,Hyundai,Nexo Blue,61.0,Small Sport Utility Vehicle 2WD
2019,Hyundai,Santa Fe AWD,22.0,Small Sport Utility Vehicle 4WD
2019,Hyundai,Santa Fe FWD,23.5,Small Sport Utility Vehicle 2WD
2019,Hyundai,Santa Fe XL AWD,20.0,Small Sport Utility Vehicle 4WD
2019,Hyundai,Santa Fe XL FWD,21.0,Small Sport Utility Vehicle 2WD
2019,Hyundai,Santa Fe XL Ultimate AWD,19.0,Small Sport Utility Vehicle 4WD
2019,Hyundai,Santa Fe XL Ultimate FWD,20.0,Small Sport Utility Vehicle 2WD
2019,Hyundai,Sonata,28.0,Large Cars
2019,Hyundai,Sonata Hybrid,41.0,Midsize Cars
2019,Hyundai,Sonata Hybrid SE,42.0,Midsize Cars
2019,Hyundai,Sonata Plug-in Hybrid,39.0,Midsize Cars
2019,Hyundai,Sonata SE,29.0,Large Cars
2019,Hyundai,Tucson AWD,23.0,Small Sport Utility Vehicle 4WD
2019,Hyundai,Tucson FWD,25.5,Small Sport Utility Vehicle 2WD
2019,Hyundai,Veloster,29.5,Compact Cars
2019,Hyundai,Veloster N,25.0,Compact Cars
2019,Infiniti,Q50,24.0,Midsize Cars
2019,Infiniti,Q50 AWD,23.0,Midsize Cars
2019,Infiniti,Q50 Red Sport,22.0,Midsize Cars
2019,Infiniti,Q50 Red Sport  AWD,22.0,Midsize Cars
2019,Infiniti,Q60,23.5,Subcompact Cars
2019,Infiniti,Q60 AWD,23.0,Subcompact Cars
2019,Infiniti,Q60 Red Sport,22.0,Subcompact Cars
2019,Infiniti,Q60 Red Sport AWD,21.0,Subcompact Cars
2019,Infiniti,Q70,20.0,Midsize Cars
2019,Infiniti,Q70 AWD,19.0,Midsize Cars
2019,Infiniti,QX30,27.0,Compact Cars
2019,Infiniti,QX30 AWD,25.0,Compact Cars
2019,Infiniti,QX50,27.0,Small Sport Utility Vehicle 2WD
2019,Infiniti,QX50 AWD,26.0,Small Sport Utility Vehicle 4WD
2019,Infiniti,QX60 AWD,22.0,Small Sport Utility Vehicle 4WD
2019,Infiniti,QX60 FWD,22.0,Small Sport Utility Vehicle 2WD
2019,Infiniti,QX80 2WD,16.0,Standard Sport Utility Vehicle 2WD
2019,Infiniti,QX80 4WD,15.0,Standard Sport Utility Vehicle 4WD
2019,Jaguar,E-Pace P250,24.0,Small Sport Utility Vehicle 4WD
2019,Jaguar,E-Pace P300,23.0,Small Sport Utility Vehicle 4WD
2019,Jaguar,F-Pace,22.0,Small Sport Utility Vehicle 4WD
2019,Jaguar,F-Type Convertible,23.0,Two Seaters
2019,Jaguar,F-Type Coupe,23.0,Two Seaters
2019,Jaguar,F-Type R AWD Convertible,18.0,Two Seaters
2019,Jaguar,F-Type R AWD Coupe,18.0,Two Seaters
2019,Jaguar,F-Type S AWD Convertible,21.0,Two Seaters
2019,Jaguar,F-Type S AWD Coupe,21.0,Two Seaters
2019,Jaguar,F-Type S Convertible,20.0,Two Seaters
2019,Jaguar,F-Type S Coupe,20.0,Two Seaters
2019,Jaguar,F-Type SVR AWD Convertible GEN2,18.0,Two Seaters
2019,Jaguar,F-Type SVR AWD Coupe GEN2,18.0,Two Seaters
2019,Jaguar,I-Pace,76.0,Small Sport Utility Vehicle 4WD
2019,Jaguar,XE,28.0,Compact Cars
2019,Jaguar,XE AWD,25.5,Compact Cars
2019,Jaguar,XF,28.0,Midsize Cars
2019,Jaguar,XF AWD,27.0,Midsize Cars
2019,Jaguar,XF Sportbrake AWD,21.0,Midsize Station Wagons
2019,Jaguar,XJ,19.5,Large Cars
2019,Jaguar,XJ AWD,20.0,Large Cars
2019,Jaguar,XJL,19.5,Large Cars
2019,Jaguar,XJL AWD,20.0,Large Cars
2019,Jeep,Cherokee 4WD,24.0,Small Sport Utility Vehicle 4WD
2019,Jeep,Cherokee 4WD Active Drive II,22.0,Small Sport Utility Vehicle 4WD
2019,Jeep,Cherokee FWD,25.0,Small Sport Utility Vehicle 2WD
2019,Jeep,Cherokee Trailhawk 4WD,21.5,Small Sport Utility Vehicle 4WD
2019,Jeep,Compass 4WD,25.0,Small Sport Utility Vehicle 4WD
2019,Jeep,Compass FWD,25.5,Small Sport Utility Vehicle 2WD
2019,Jeep,Grand Cherokee 2WD,21.0,Standard Sport Utility Vehicle 2WD
2019,Jeep,Grand Cherokee 4WD,21.0,Standard Sport Utility Vehicle 4WD
2019,Jeep,Grand Cherokee SRT 4WD,15.0,Standard Sport Utility Vehicle 4WD
2019,Jeep,Grand Cherokee Trackhawk 4WD,13.0,Standard Sport Utility Vehicle 4WD
2019,Jeep,Renegade 2WD,26.0,Small Sport Utility Vehicle 2WD
2019,Jeep,Renegade 4WD,25.0,Small Sport Utility Vehicle 4WD
2019,Jeep,Renegade Trailhawk 4WD,24.0,Small Sport Utility Vehicle 4WD
2019,Jeep,Wrangler 4WD,20.0,Small Sport Utility Vehicle 4WD
2019,Jeep,Wrangler Unlimited 4WD,20.0,Small Sport Utility Vehicle 4WD
2019,Karma,Revero,20.0,Subcompact Cars
2019,Kia,Cadenza,23.0,Large Cars
2019,Kia,Forte,32.5,Midsize Cars
2019,Kia,Forte FE,35.0,Midsize Cars
2019,Kia,K900,21.0,Large Cars
2019,Kia,Niro,49.0,Small Station Wagons
2019,Kia,Niro Electric,112.0,Small Station Wagons
2019,Kia,Niro FE,50.0,Small Station Wagons
2019,Kia,Niro Plug-in Hybrid,46.0,Small Station Wagons
2019,Kia,Niro Touring,43.0,Small Station Wagons
2019,Kia,Optima,27.0,Large Cars
2019,Kia,Optima FE,29.0,Large Cars
2019,Kia,Optima Hybrid,41.0,Midsize Cars
2019,Kia,Optima Plug-in Hybrid,40.0,Midsize Cars
2019,Kia,Rio,32.0,Compact Cars
2019,Kia,Sedona,21.0,Minivan - 2WD
2019,Kia,Sorento AWD,22.0,Small Sport Utility Vehicle 4WD
2019,Kia,Sorento FWD,23.5,Small Sport Utility Vehicle 2WD
2019,Kia,Soul,27.5,Small Station Wagons
2019,Kia,Soul Electric,108.0,Small Station Wagons
2019,Kia,Sportage AWD,22.0,Small Sport Utility Vehicle 4WD
2019,Kia,Sportage FE AWD,22.0,Small Sport Utility Vehicle 4WD
2019,Kia,Sportage FE FWD,25.0,Small Sport Utility Vehicle 2WD
2019,Kia,Sportage FWD,24.0,Small Sport Utility Vehicle 2WD
2019,Kia,Stinger AWD,22.0,Midsize Cars
2019,Kia,Stinger RWD,22.5,Midsize Cars
2019,Koenigsegg,Regera,11.0,Two Seaters
2019,Lamborghini,Aventador Coupe,11.0,Two Seaters
2019,Lamborghini,Aventador Roadster,11.0,Two Seaters
2019,Lamborghini,Huracan,15.0,Two Seaters
2019,Lamborghini,Huracan 2WD,15.0,Two Seaters
2019,Lamborghini,Huracan Spyder,15.0,Two Seaters
2019,Lamborghini,Huracan Spyder 2WD,15.0,Two Seaters
2019,Lamborghini,Urus,14.0,Standard Sport Utility Vehicle 4WD
2019,Land Rover,Discovery,20.5,Standard Sport Utility Vehicle 4WD
2019,Land Rover,Discovery Sport,22.0,Small Sport Utility Vehicle 4WD
2019,Land Rover,Discovery Sport Si4,22.0,Small Sport Utility Vehicle 4WD
2019,Land Rover,Range Rover,18.0,Standard Sport Utility Vehicle 4WD
2019,Land Rover,Range Rover Evoque 237HP,25.0,Small Sport Utility Vehicle 4WD
2019,Land Rover,Range Rover Evoque 286HP,24.0,Small Sport Utility Vehicle 4WD
2019,Land Rover,Range Rover Evoque Cabriolet,24.0,Small Sport Utility Vehicle 4WD
2019,Land Rover,Range Rover LWB,18.0,Standard Sport Utility Vehicle 4WD
2019,Land Rover,Range Rover LWB SVA,15.0,Standard Sport Utility Vehicle 4WD
2019,Land Rover,Range Rover PHEV,19.0,Standard Sport Utility Vehicle 4WD
2019,Land Rover,Range Rover SV Coupe,16.0,Standard Sport Utility Vehicle 4WD
2019,Land Rover,Range Rover SVA,19.0,Standard Sport Utility Vehicle 4WD
2019,Land Rover,Range Rover Sport,19.0,Standard Sport Utility Vehicle 4WD
2019,Land Rover,Range Rover Sport MHEV,21.0,Standard Sport Utility Vehicle 4WD
2019,Land Rover,Range Rover Sport PHEV,19.0,Standard Sport Utility Vehicle 4WD
2019,Land Rover,Range Rover Sport SVR,16.0,Standard Sport Utility Vehicle 4WD
2019,Land Rover,Range Rover Velar,23.0,Small Sport Utility Vehicle 4WD
2019,Lexus,ES 300h,44.0,Midsize Cars
2019,Lexus,ES 350,26.0,Midsize Cars
2019,Lexus,ES 350 F Sport,25.0,Midsize Cars
2019,Lexus,GS 300,26.0,Midsize Cars
2019,Lexus,GS 300 F Sport,24.0,Midsize Cars
2019,Lexus,GS 350,23.0,Midsize Cars
2019,Lexus,GS 350 AWD,21.0,Midsize Cars
2019,Lexus,GS 350 F Sport,22.0,Midsize Cars
2019,Lexus,GS F,19.0,Compact Cars
2019,Lexus,GX 460,16.0,Standard Sport Utility Vehicle 4WD
2019,Lexus,IS 300,24.0,Compact Cars
2019,Lexus,IS 300 AWD,21.0,Compact Cars
2019,Lexus,IS 350,23.0,Compact Cars
2019,Lexus,IS 350 AWD,21.0,Compact Cars
2019,Lexus,LC 500,19.0,Subcompact Cars
2019,Lexus,LC 500h,30.0,Subcompact Cars
2019,Lexus,LS 500,23.0,Midsize Cars
2019,Lexus,LS 500 AWD,21.0,Midsize Cars
2019,Lexus,LS 500h,28.0,Midsize Cars
2019,Lexus,LS 500h AWD,26.0,Midsize Cars
2019,Lexus,LX 570,15.0,Standard Sport Utility Vehicle 4WD
2019,Lexus,NX 300,25.0,Small Sport Utility Vehicle 2WD
2019,Lexus,NX 300 AWD,24.0,Small Sport Utility Vehicle 4WD
2019,Lexus,NX 300 AWD F Sport,24.0,Small Sport Utility Vehicle 4WD
2019,Lexus,NX 300h AWD,31.0,Small Sport Utility Vehicle 4WD
2019,Lexus,RC 300,24.0,Subcompact Cars
2019,Lexus,RC 300 AWD,21.0,Subcompact Cars
2019,Lexus,RC 350,23.0,Subcompact Cars
2019,Lexus,RC 350 AWD,21.0,Subcompact Cars
2019,Lexus,RC F,19.0,Subcompact Cars
2019,Lexus,RX 350,23.0,Small Sport Utility Vehicle 2WD
2019,Lexus,RX 350 AWD,22.0,Small Sport Utility Vehicle 4WD
2019,Lexus,RX 350 L,22.0,Small Sport Utility Vehicle 2WD
2019,Lexus,RX 350 L AWD,21.0,Small Sport Utility Vehicle 4WD
2019,Lexus,RX 450h AWD,30.0,Standard Sport Utility Vehicle 4WD
2019,Lexus,RX 450h L AWD,29.0,Standard Sport Utility Vehicle 4WD
2019,Lexus,UX 200,33.0,Midsize Cars
2019,Lexus,UX 250h,42.0,Compact Cars
2019,Lexus,UX 250h AWD,39.0,Compact Cars
2019,Lincoln,Continental  AWD,19.0,Large Cars
2019,Lincoln,Continental  FWD,20.5,Large Cars
2019,Lincoln,Continental Coach,19.0,Large Cars
2019,Lincoln,MKC AWD,21.0,Small Sport Utility Vehicle 4WD
2019,Lincoln,MKC FWD,23.0,Small Sport Utility Vehicle 2WD
2019,Lincoln,MKT AWD,17.0,Standard Sport Utility Vehicle 4WD
2019,Lincoln,MKT FWD,19.0,Standard Sport Utility Vehicle 2WD
2019,Lincoln,MKT Hearse AWD,16.0,Special Purpose Vehicle 4WD
2019,Lincoln,MKT Limo AWD,15.0,Special Purpose Vehicle 4WD
2019,Lincoln,MKT Livery AWD,18.0,Special Purpose Vehicle 4WD
2019,Lincoln,MKZ AWD,21.5,Midsize Cars
2019,Lincoln,MKZ FWD,22.5,Midsize Cars
2019,Lincoln,MKZ Hybrid FWD,41.0,Midsize Cars
2019,Lincoln,Nautilus AWD,21.5,Small Sport Utility Vehicle 4WD
2019,Lincoln,Nautilus FWD,22.5,Small Sport Utility Vehicle 2WD
2019,Lincoln,Navigator 2WD,19.0,Standard Sport Utility Vehicle 2WD
2019,Lincoln,Navigator 4WD,18.0,Standard Sport Utility Vehicle 4WD
2019,Lincoln,Navigator L 2WD,18.0,Standard Sport Utility Vehicle 2WD
2019,MINI,Cooper Clubman,27.5,Midsize Cars
2019,MINI,Cooper Clubman All4,26.0,Midsize Cars
2019,MINI,Cooper Convertible,30.5,Minicompact Cars
2019,MINI,Cooper Countryman,27.5,Midsize Cars
2019,MINI,Cooper Countryman All4,25.5,Midsize Cars
2019,MINI,Cooper Hardtop 2 door,31.0,Subcompact Cars
2019,MINI,Cooper Hardtop 4 door,30.5,Subcompact Cars
2019,MINI,Cooper S Clubman,26.0,Midsize Cars
2019,MINI,Cooper S Clubman All4,25.0,Midsize Cars
2019,MINI,Cooper S Convertible,27.0,Minicompact Cars
2019,MINI,Cooper S Countryman,27.0,Midsize Cars
2019,MINI,Cooper S Countryman All4,25.0,Midsize Cars
2019,MINI,Cooper S Hardtop 2 door,27.0,Subcompact Cars
2019,MINI,Cooper S Hardtop 4 door,27.0,Subcompact Cars
2019,MINI,Cooper SE Countryman All4,27.0,Midsize Cars
2019,MINI,JCW Countryman All4,24.5,Midsize Cars
2019,MINI,John Cooper Works Clubman All4,25.0,Midsize Cars
2019,MINI,John Cooper Works Convertible,26.5,Minicompact Cars
2019,MINI,John Cooper Works Hardtop,27.0,Subcompact Cars
2019,Maserati,Ghibli  S RWD,19.0,Midsize Cars
2019,Maserati,Ghibli  V6 RWD,19.0,Midsize Cars
2019,Maserati,Ghibli V6 SQ4 AWD,19.0,Midsize Cars
2019,Maserati,GranTurismo Convertible,16.0,Subcompact Cars
2019,Maserati,Levante,17.0,Standard Sport Utility Vehicle 4WD
2019,Maserati,Levante GTS,15.0,Standard Sport Utility Vehicle 4WD
2019,Maserati,Levante S,17.0,Standard Sport Utility Vehicle 4WD
2019,Maserati,Levante Trofeo,15.0,Standard Sport Utility Vehicle 4WD
2019,Maserati,Quattroporte S,18.0,Large Cars
2019,Maserati,Quattroporte SQ4 V6,18.0,Large Cars
2019,Maserati,Quattroporte V8,17.0,Large Cars
2019,Mazda,2,34.5,Compact Cars
2019,Mazda,3 4-Door 2WD,30.0,Compact Cars
2019,Mazda,3 4-Door 4WD,28.0,Compact Cars
2019,Mazda,3 5-Door 2WD,29.5,Midsize Cars
2019,Mazda,3 5-Door 4WD,27.0,Midsize Cars
2019,Mazda,6,27.0,Midsize Cars
2019,Mazda,CX-3 2WD,31.0,Compact Cars
2019,Mazda,CX-3 4WD,29.0,Compact Cars
2019,Mazda,CX-5 2WD,28.0,Small Sport Utility Vehicle 2WD
2019,Mazda,CX-5 4WD,26.0,Small Sport Utility Vehicle 4WD
2019,Mazda,CX-9 2WD,24.0,Small Sport Utility Vehicle 2WD
2019,Mazda,CX-9 4WD,23.0,Small Sport Utility Vehicle 4WD
2019,Mazda,MX-5,29.5,Two Seaters
2019,McLaren Automotive,570GT,18.0,Two Seaters
2019,McLaren Automotive,570S Coupe,18.0,Two Seaters
2019,McLaren Automotive,570S Spider,18.0,Two Seaters
2019,McLaren Automotive,600LT Coupe,18.0,Two Seaters
2019,McLaren Automotive,720S Coupe,18.0,Two Seaters
2019,McLaren Automotive,720S Spider,18.0,Two Seaters
2019,McLaren Automotive,Senna,16.0,Two Seaters
2019,Mercedes-Benz,A220,28.0,Subcompact Cars
2019,Mercedes-Benz,A220 4matic,28.0,Subcompact Cars
2019,Mercedes-Benz,AMG C43 4matic,22.0,Compact Cars
2019,Mercedes-Benz,AMG C43 4matic Convertible,21.0,Subcompact Cars
2019,Mercedes-Benz,AMG C43 4matic Coupe,22.0,Subcompact Cars
2019,Mercedes-Benz,AMG C63,21.0,Compact Cars
2019,Mercedes-Benz,AMG C63 Convertible,20.0,Subcompact Cars
2019,Mercedes-Benz,AMG C63 Coupe,20.0,Subcompact Cars
2019,Mercedes-Benz,AMG C63 S,21.0,Compact Cars
2019,Mercedes-Benz,AMG C63 S Convertible,20.0,Subcompact Cars
2019,Mercedes-Benz,AMG C63 S Coupe,20.0,Subcompact Cars
2019,Mercedes-Benz,AMG CLA45 4matic,26.0,Compact Cars
2019,Mercedes-Benz,AMG CLS53 4matic Plus,23.0,Compact Cars
2019,Mercedes-Benz,AMG E53 4matic Plus,24.0,Midsize Cars
2019,Mercedes-Benz,AMG E53 4matic Plus Convertible,23.0,Subcompact Cars
2019,Mercedes-Benz,AMG E53 4matic Plus Coupe,23.0,Subcompact Cars
2019,Mercedes-Benz,AMG E63 S 4matic,18.0,Midsize Cars
2019,Mercedes-Benz,AMG E63 S 4matic (wagon),19.0,Midsize Station Wagons
2019,Mercedes-Benz,AMG G63,14.0,Standard Sport Utility Vehicle 4WD
2019,Mercedes-Benz,AMG GLA45 4matic,25.0,Midsize Station Wagons
2019,Mercedes-Benz,AMG GLC43 4matic,21.0,Small Sport Utility Vehicle 4WD
2019,Mercedes-Benz,AMG GLC43 4matic Coupe,21.0,Small Sport Utility Vehicle 4WD
2019,Mercedes-Benz,AMG GLC63 4matic,18.0,Small Sport Utility Vehicle 4WD
2019,Mercedes-Benz,AMG GLC63 4matic Coupe,18.0,Small Sport Utility Vehicle 4WD
2019,Mercedes-Benz,AMG GLC63 S 4matic Coupe,18.0,Small Sport Utility Vehicle 4WD
2019,Mercedes-Benz,AMG GLE43 4matic,19.0,Standard Sport Utility Vehicle 4WD
2019,Mercedes-Benz,AMG GLE43 4matic Coupe,19.0,Standard Sport Utility Vehicle 4WD
2019,Mercedes-Benz,AMG GLE63,14.0,Standard Sport Utility Vehicle 4WD
2019,Mercedes-Benz,AMG GLE63 S,15.0,Standard Sport Utility Vehicle 4WD
2019,Mercedes-Benz,AMG GLE63 S Coupe,15.0,Standard Sport Utility Vehicle 4WD
2019,Mercedes-Benz,AMG GLS63,15.0,Standard Sport Utility Vehicle 4WD
2019,Mercedes-Benz,AMG GT 53 4matic Plus,21.0,Compact Cars
2019,Mercedes-Benz,AMG GT 63 4matic Plus,17.0,Compact Cars
2019,Mercedes-Benz,AMG GT 63 S 4matic Plus,17.0,Compact Cars
2019,Mercedes-Benz,AMG GT C Coupe,17.0,Two Seaters
2019,Mercedes-Benz,AMG GT C Roadster,17.0,Two Seaters
2019,Mercedes-Benz,AMG GT Coupe,18.0,Two Seaters
2019,Mercedes-Benz,AMG GT R Coupe,17.0,Two Seaters
2019,Mercedes-Benz,AMG GT Roadster,18.0,Two Seaters
2019,Mercedes-Benz,AMG GT S Coupe,18.0,Two Seaters
2019,Mercedes-Benz,AMG S63 4matic,20.0,Large Cars
2019,Mercedes-Benz,AMG S63 4matic Convertible,18.0,Subcompact Cars
2019,Mercedes-Benz,AMG S63 4matic Coupe,20.0,Compact Cars
2019,Mercedes-Benz,AMG S65,16.0,Large Cars
2019,Mercedes-Benz,AMG S65 Convertible,16.0,Subcompact Cars
2019,Mercedes-Benz,AMG S65 Coupe,16.0,Compact Cars
2019,Mercedes-Benz,AMG SL63,18.0,Two Seaters
2019,Mercedes-Benz,AMG SLC43,23.0,Two Seaters
2019,Mercedes-Benz,C300,27.0,Compact Cars
2019,Mercedes-Benz,C300 4matic,26.0,Compact Cars
2019,Mercedes-Benz,C300 4matic Convertible,24.0,Subcompact Cars
2019,Mercedes-Benz,C300 4matic Coupe,25.0,Subcompact Cars
2019,Mercedes-Benz,C300 Convertible,24.0,Subcompact Cars
2019,Mercedes-Benz,C300 Coupe,25.0,Subcompact Cars
2019,Mercedes-Benz,CLA250,29.0,Compact Cars
2019,Mercedes-Benz,CLA250 4matic,27.0,Compact Cars
2019,Mercedes-Benz,CLS450,26.0,Compact Cars
2019,Mercedes-Benz,CLS450 4matic,26.0,Compact Cars
2019,Mercedes-Benz,E300,25.0,Midsize Cars
2019,Mercedes-Benz,E300 4matic,24.0,Midsize Cars
2019,Mercedes-Benz,E450 4matic,23.0,Midsize Cars
2019,Mercedes-Benz,E450 4matic (station wagon),22.0,Midsize Station Wagons
2019,Mercedes-Benz,E450 4matic Convertible,22.0,Subcompact Cars
2019,Mercedes-Benz,E450 4matic Coupe,22.0,Subcompact Cars
2019,Mercedes-Benz,E450 Convertible,23.0,Subcompact Cars
2019,Mercedes-Benz,E450 Coupe,23.0,Subcompact Cars
2019,Mercedes-Benz,G550,14.0,Standard Sport Utility Vehicle 4WD
2019,Mercedes-Benz,GLA250,27.0,Small Sport Utility Vehicle 2WD
2019,Mercedes-Benz,GLA250 4matic,26.0,Small Sport Utility Vehicle 4WD
2019,Mercedes-Benz,GLC300,24.0,Small Sport Utility Vehicle 2WD
2019,Mercedes-Benz,GLC300 4matic,24.0,Small Sport Utility Vehicle 4WD
2019,Mercedes-Benz,GLC300 4matic Coupe,23.0,Small Sport Utility Vehicle 4WD
2019,Mercedes-Benz,GLC350e 4matic,25.0,Small Sport Utility Vehicle 4WD
2019,Mercedes-Benz,GLE400 4matic,20.0,Standard Sport Utility Vehicle 4WD
2019,Mercedes-Benz,GLS450 4matic,18.0,Standard Sport Utility Vehicle 4WD
2019,Mercedes-Benz,GLS550 4matic,16.0,Standard Sport Utility Vehicle 4WD
2019,Mercedes-Benz,Maybach S560 4matic,19.0,Large Cars
2019,Mercedes-Benz,Maybach S650,16.0,Large Cars
2019,Mercedes-Benz,Metris (Cargo Van),22.0,Special Purpose Vehicle 2WD
2019,Mercedes-Benz,"Metris (Cargo Van, LWB)",22.0,Special Purpose Vehicle 2WD
2019,Mercedes-Benz,Metris (Passenger Van),21.0,Special Purpose Vehicle 2WD
2019,Mercedes-Benz,S450,22.0,Large Cars
2019,Mercedes-Benz,S450 4matic,22.0,Large Cars
2019,Mercedes-Benz,S560,21.0,Large Cars
2019,Mercedes-Benz,S560 4matic,21.0,Large Cars
2019,Mercedes-Benz,S560 4matic Coupe,20.0,Compact Cars
2019,Mercedes-Benz,S560 Convertible,20.0,Subcompact Cars
2019,Mercedes-Benz,S560e,23.0,Large Cars
2019,Mercedes-Benz,SL450,23.0,Two Seaters
2019,Mercedes-Benz,SL550,20.0,Two Seaters
2019,Mercedes-Benz,SLC300,27.0,Two Seaters
2019,Mitsubishi,Eclipse Cross 2WD,26.0,Small Sport Utility Vehicle 2WD
2019,Mitsubishi,Eclipse Cross 4WD,25.0,Small Sport Utility Vehicle 4WD
2019,Mitsubishi,Eclipse Cross ES 2WD,27.0,Small Sport Utility Vehicle 2WD
2019,Mitsubishi,Eclipse Cross ES 4WD,26.0,Small Sport Utility Vehicle 4WD
2019,Mitsubishi,Mirage,37.5,Compact Cars
2019,Mitsubishi,Mirage G4,36.0,Compact Cars
2019,Mitsubishi,Outlander 2WD,27.0,Small Sport Utility Vehicle 2WD
2019,Mitsubishi,Outlander 4WD,24.0,Small Sport Utility Vehicle 4WD
2019,Mitsubishi,Outlander PHEV,25.0,Small Sport Utility Vehicle 4WD
2019,Mitsubishi,Outlander Sport 2WD,25.0,Small Sport Utility Vehicle 2WD
2019,Mitsubishi,Outlander Sport 4WD,25.5,Small Sport Utility Vehicle 4WD
2019,Nissan,370Z,21.0,Two Seaters
2019,Nissan,370Z Roadster,21.0,Two Seaters
2019,Nissan,Altima,32.0,Midsize Cars
2019,Nissan,Altima AWD,30.0,Midsize Cars
2019,Nissan,Altima AWD SR/Platinum,29.0,Midsize Cars
2019,Nissan,Altima SR/Platinum,30.0,Midsize Cars
2019,Nissan,Armada 2WD,16.0,Standard Sport Utility Vehicle 2WD
2019,Nissan,Armada 4WD,15.0,Standard Sport Utility Vehicle 4WD
2019,Nissan,Frontier 2WD,19.0,Small Pickup Trucks 2WD
2019,Nissan,Frontier 2WD FFV,18.0,Small Pickup Trucks 2WD
2019,Nissan,Frontier 4WD,17.5,Small Pickup Trucks 4WD
2019,Nissan,Frontier 4WD FFV,17.0,Small Pickup Trucks 4WD
2019,Nissan,GT-R,18.0,Subcompact Cars
2019,Nissan,Kicks,33.0,Midsize Cars
2019,Nissan,Leaf (40 kW-hr battery pack),112.0,Midsize Cars
2019,Nissan,Leaf (62 kW-hr battery pack),108.0,Midsize Cars
2019,Nissan,Leaf SV/SL (62 kW-hr battery pack),104.0,Midsize Cars
2019,Nissan,Maxima,24.0,Midsize Cars
2019,Nissan,Murano AWD,23.0,Midsize Station Wagons
2019,Nissan,Murano FWD,23.0,Midsize Station Wagons
2019,Nissan,NV200 Cargo Van,25.0,Special Purpose Vehicle 2WD
2019,Nissan,NV200 NYC Taxi,24.0,Special Purpose Vehicle 2WD
2019,Nissan,Pathfinder 2WD,23.0,Small Sport Utility Vehicle 2WD
2019,Nissan,Pathfinder 4WD,22.0,Small Sport Utility Vehicle 4WD
2019,Nissan,Pathfinder 4WD Platinum,21.0,Small Sport Utility Vehicle 4WD
2019,Nissan,Rogue AWD,27.0,Small Sport Utility Vehicle 4WD
2019,Nissan,Rogue FWD,29.0,Small Sport Utility Vehicle 2WD
2019,Nissan,Rogue Hybrid  AWD,33.0,Small Sport Utility Vehicle 4WD
2019,Nissan,Rogue Hybrid  FWD,34.0,Small Sport Utility Vehicle 2WD
2019,Nissan,Rogue Sport,28.0,Small Station Wagons
2019,Nissan,Rogue Sport AWD,27.0,Small Station Wagons
2019,Nissan,Sentra,30.0,Midsize Cars
2019,Nissan,Sentra Nismo,27.0,Midsize Cars
2019,Nissan,Titan 2WD,18.0,Standard Pickup Trucks 2WD
2019,Nissan,Titan 4WD,18.0,Standard Pickup Trucks 4WD
2019,Nissan,Titan 4WD PRO4X,17.0,Standard Pickup Trucks 4WD
2019,Nissan,Versa,32.0,Compact Cars
2019,Porsche,911 Carrera,24.0,Minicompact Cars
2019,Porsche,911 Carrera 4,23.5,Minicompact Cars
2019,Porsche,911 Carrera 4 Cabriolet,23.0,Minicompact Cars
2019,Porsche,911 Carrera 4 GTS,21.5,Minicompact Cars
2019,Porsche,911 Carrera 4 GTS Cabriolet,21.5,Minicompact Cars
2019,Porsche,911 Carrera 4S,23.5,Minicompact Cars
2019,Porsche,911 Carrera 4S Cabriolet,23.0,Minicompact Cars
2019,Porsche,911 Carrera Cabriolet,23.5,Minicompact Cars
2019,Porsche,911 Carrera GTS,22.0,Minicompact Cars
2019,Porsche,911 Carrera GTS Cabriolet,21.5,Minicompact Cars
2019,Porsche,911 Carrera S,23.5,Minicompact Cars
2019,Porsche,911 Carrera S Cabriolet,23.5,Minicompact Cars
2019,Porsche,911 Carrera T,20.5,Minicompact Cars
2019,Porsche,911 GT2 RS,17.0,Two Seaters
2019,Porsche,911 GT3,16.5,Two Seaters
2019,Porsche,911 GT3 RS,16.0,Two Seaters
2019,Porsche,911 GT3 Touring,17.0,Two Seaters
2019,Porsche,911 Speedster,16.0,Two Seaters
2019,Porsche,911 Targa 4,23.0,Minicompact Cars
2019,Porsche,911 Targa 4 GTS,21.5,Minicompact Cars
2019,Porsche,911 Targa 4S,23.0,Minicompact Cars
2019,Porsche,911 Turbo,21.0,Minicompact Cars
2019,Porsche,911 Turbo Cabriolet,21.0,Minicompact Cars
2019,Porsche,911 Turbo S,21.0,Minicompact Cars
2019,Porsche,911 Turbo S Cabriolet,21.0,Minicompact Cars
2019,Porsche,911 Turbo S Exclusive Cabriolet,18.0,Minicompact Cars
2019,Porsche,Boxster,24.5,Two Seaters
2019,Porsche,Boxster GTS,21.5,Two Seaters
2019,Porsche,Boxster S,23.0,Two Seaters
2019,Porsche,Cayenne,21.0,Standard Sport Utility Vehicle 4WD
2019,Porsche,Cayenne S,20.0,Standard Sport Utility Vehicle 4WD
2019,Porsche,Cayenne Turbo,17.0,Standard Sport Utility Vehicle 4WD
2019,Porsche,Cayenne e-Hybrid,21.0,Standard Sport Utility Vehicle 4WD
2019,Porsche,Cayman,24.5,Two Seaters
2019,Porsche,Cayman GTS,21.5,Two Seaters
2019,Porsche,Cayman S,23.0,Two Seaters
2019,Porsche,Macan,21.0,Small Sport Utility Vehicle 4WD
2019,Porsche,Macan S,20.0,Small Sport Utility Vehicle 4WD
2019,Porsche,Panamera,22.0,Large Cars
2019,Porsche,Panamera 4,22.0,Large Cars
2019,Porsche,Panamera 4 Executive,22.0,Large Cars
2019,Porsche,Panamera 4 ST,22.0,Large Cars
2019,Porsche,Panamera 4 e-Hybrid,23.0,Large Cars
2019,Porsche,Panamera 4 e-Hybrid Executive,23.0,Large Cars
2019,Porsche,Panamera 4 e-Hybrid ST,23.0,Large Cars
2019,Porsche,Panamera 4S,21.0,Large Cars
2019,Porsche,Panamera 4S Executive,21.0,Large Cars
2019,Porsche,Panamera 4S ST,20.0,Large Cars
2019,Porsche,Panamera GTS,19.0,Large Cars
2019,Porsche,Panamera GTS ST,18.0,Large Cars
2019,Porsche,Panamera Turbo,21.0,Large Cars
2019,Porsche,Panamera Turbo Executive,21.0,Large Cars
2019,Porsche,Panamera Turbo S e-Hybrid,20.0,Large Cars
2019,Porsche,Panamera Turbo S e-Hybrid Executive,20.0,Large Cars
2019,Porsche,Panamera Turbo S e-Hybrid ST,20.0,Large Cars
2019,Porsche,Panamera Turbo ST,20.0,Large Cars
2019,RUF Automobile,RUFTURBO12/CTR3/CTR2017,18.0,Two Seaters
2019,Ram,1500 2WD,19.0,Standard Pickup Trucks 2WD
2019,Ram,1500 4WD,19.0,Standard Pickup Trucks 4WD
2019,Ram,1500 Classic 2WD,20.0,Standard Pickup Trucks 2WD
2019,Ram,1500 Classic 4WD,19.0,Standard Pickup Trucks 4WD
2019,Ram,1500 HFE 2WD,23.0,Standard Pickup Trucks 2WD
2019,Ram,Promaster City,24.0,Special Purpose Vehicle 2WD
2019,Rolls-Royce,Cullinan,14.0,Midsize Station Wagons
2019,Rolls-Royce,Dawn,14.0,Compact Cars
2019,Rolls-Royce,Ghost,14.0,Large Cars
2019,Rolls-Royce,Ghost EWB,14.0,Large Cars
2019,Rolls-Royce,Phantom,14.0,Large Cars
2019,Rolls-Royce,Phantom EWB,14.0,Large Cars
2019,Rolls-Royce,Wraith,14.0,Midsize Cars
2019,Roush Performance,F150 Pickup 2WD,12.0,Standard Pickup Trucks 2WD
2019,Roush Performance,F150 Pickup 4WD,12.0,Standard Pickup Trucks 4WD
2019,Roush Performance,Stage 3 Mustang,15.0,Subcompact Cars
2019,STI,S209,17.0,Compact Cars
2019,Subaru,Ascent,23.0,Standard Sport Utility Vehicle 4WD
2019,Subaru,Ascent Limited/Touring,22.0,Standard Sport Utility Vehicle 4WD
2019,Subaru,BRZ,25.5,Minicompact Cars
2019,Subaru,Crosstrek AWD,27.0,Small Sport Utility Vehicle 4WD
2019,Subaru,Crosstrek Hybrid AWD,35.0,Small Sport Utility Vehicle 4WD
2019,Subaru,Forester AWD,29.0,Small Sport Utility Vehicle 4WD
2019,Subaru,Impreza 4-Door,29.5,Midsize Cars
2019,Subaru,Impreza 5-Door,28.5,Small Station Wagons
2019,Subaru,Impreza Sport 4-Door,28.0,Midsize Cars
2019,Subaru,Impreza Sport 5-Door,27.5,Small Station Wagons
2019,Subaru,Legacy AWD,26.0,Midsize Cars
2019,Subaru,Outback AWD,25.0,Small Sport Utility Vehicle 4WD
2019,Subaru,WRX,21.0,Compact Cars
2019,Tesla,Model 3 Long Range,130.0,Midsize Cars
2019,Tesla,Model 3 Long Range AWD,116.0,Midsize Cars
2019,Tesla,Model 3 Long Range AWD Performance,116.0,Midsize Cars
2019,Tesla,Model 3 Mid Range,123.0,Midsize Cars
2019,Tesla,Model 3 Standard Range,131.0,Midsize Cars
2019,Tesla,Model 3 Standard Range Plus,133.0,Midsize Cars
2019,Tesla,Model S 100D,102.0,Large Cars
2019,Tesla,Model S 75D,103.0,Large Cars
2019,Tesla,Model S Long Range,111.0,Large Cars
2019,Tesla,Model S P100D,98.0,Large Cars
2019,Tesla,Model S Performance (19in Wheels),104.0,Large Cars
2019,Tesla,Model S Performance (21in Wheels),97.0,Large Cars
2019,Tesla,Model S Standard Range,109.0,Large Cars
2019,Tesla,Model X 100D,87.0,Standard Sport Utility Vehicle 4WD
2019,Tesla,Model X 75D,93.0,Standard Sport Utility Vehicle 4WD
2019,Tesla,Model X Long Range,96.0,Standard Sport Utility Vehicle 4WD
2019,Tesla,Model X P100D,85.0,Standard Sport Utility Vehicle 4WD
2019,Tesla,Model X Performance (22in Wheels),79.0,Standard Sport Utility Vehicle 4WD
2019,Toyota,4Runner 2WD,18.0,Standard Sport Utility Vehicle 2WD
2019,Toyota,4Runner 4WD,18.0,Standard Sport Utility Vehicle 4WD
2019,Toyota,86,25.5,Minicompact Cars
2019,Toyota,Avalon,25.0,Midsize Cars
2019,Toyota,Avalon Hybrid,43.0,Midsize Cars
2019,Toyota,Avalon Hybrid XLE,44.0,Midsize Cars
2019,Toyota,Avalon XLE,26.0,Midsize Cars
2019,Toyota,C-HR,29.0,Compact Cars
2019,Toyota,Camry,30.0,Midsize Cars
2019,Toyota,Camry Hybrid LE,52.0,Midsize Cars
2019,Toyota,Camry Hybrid XLE/SE,46.0,Midsize Cars
2019,Toyota,Camry LE/SE,32.0,Midsize Cars
2019,Toyota,Camry XLE/XSE,32.0,Midsize Cars
2019,Toyota,Camry XSE,26.0,Midsize Cars
2019,Toyota,Corolla,31.0,Midsize Cars
2019,Toyota,Corolla Hatchback,33.5,Compact Cars
2019,Toyota,Corolla Hatchback XSE,33.0,Compact Cars
2019,Toyota,Corolla LE Eco,33.5,Midsize Cars
2019,Toyota,Highlander,22.5,Small Sport Utility Vehicle 2WD
2019,Toyota,Highlander AWD,22.0,Standard Sport Utility Vehicle 4WD
2019,Toyota,Highlander AWD LE,23.0,Standard Sport Utility Vehicle 4WD
2019,Toyota,Highlander Hybrid AWD,28.0,Standard Sport Utility Vehicle 4WD
2019,Toyota,Highlander Hybrid AWD LE Plus,29.0,Standard Sport Utility Vehicle 4WD
2019,Toyota,Highlander LE/XLE/SE/LTD,23.0,Small Sport Utility Vehicle 2WD
2019,Toyota,Land Cruiser Wagon 4WD,15.0,Standard Sport Utility Vehicle 4WD
2019,Toyota,Mirai,67.0,Subcompact Cars
2019,Toyota,Prius,52.0,Midsize Cars
2019,Toyota,Prius AWD,50.0,Midsize Cars
2019,Toyota,Prius Eco,56.0,Midsize Cars
2019,Toyota,Prius Prime,54.0,Midsize Cars
2019,Toyota,Prius c,46.0,Compact Cars
2019,Toyota,RAV4,30.0,Small Sport Utility Vehicle 2WD
2019,Toyota,RAV4 AWD,29.0,Small Sport Utility Vehicle 4WD
2019,Toyota,RAV4 Hybrid AWD,40.0,Small Sport Utility Vehicle 4WD
2019,Toyota,Sequoia 2WD,15.0,Standard Sport Utility Vehicle 2WD
2019,Toyota,Sequoia 4WD,14.0,Standard Sport Utility Vehicle 4WD
2019,Toyota,Sienna 2WD,22.0,Minivan - 2WD
2019,Toyota,Sienna AWD,20.0,Minivan - 4WD
2019,Toyota,Tacoma 2WD,21.0,Small Pickup Trucks 2WD
2019,Toyota,Tacoma 4WD,20.0,Small Pickup Trucks 4WD
2019,Toyota,Tacoma 4WD Double Cab Off-Road,18.0,Small Pickup Trucks 4WD
2019,Toyota,Tacoma 4WD TRD PRO,19.0,Small Pickup Trucks 4WD
2019,Toyota,Tundra 2WD,15.5,Standard Pickup Trucks 2WD
2019,Toyota,Tundra 4WD,15.0,Standard Pickup Trucks 4WD
2019,Toyota,Tundra 4WD FFV,15.0,Standard Pickup Trucks 4WD
2019,Toyota,Yaris,34.0,Compact Cars
2019,Volkswagen,Arteon,25.0,Large Cars
2019,Volkswagen,Arteon 4motion,23.0,Large Cars
2019,Volkswagen,Atlas,20.5,Small Sport Utility Vehicle 2WD
2019,Volkswagen,Atlas 4motion,19.0,Standard Sport Utility Vehicle 4WD
2019,Volkswagen,Beetle,29.0,Compact Cars
2019,Volkswagen,Beetle Convertible,29.0,Subcompact Cars
2019,Volkswagen,GTI,27.0,Compact Cars
2019,Volkswagen,Golf,32.0,Compact Cars
2019,Volkswagen,Golf Alltrack,24.5,Small Station Wagons
2019,Volkswagen,Golf R,25.0,Compact Cars
2019,Volkswagen,Golf SportWagen,31.5,Small Station Wagons
2019,Volkswagen,Golf SportWagen 4motion,24.5,Small Station Wagons
2019,Volkswagen,Jetta,34.0,Compact Cars
2019,Volkswagen,Jetta GLI,28.0,Compact Cars
2019,Volkswagen,Passat,29.0,Midsize Cars
2019,Volkswagen,Tiguan,25.0,Small Sport Utility Vehicle 2WD
2019,Volkswagen,Tiguan 4motion,24.0,Small Sport Utility Vehicle 4WD
2019,Volkswagen,e-Golf,119.0,Compact Cars
2019,Volvo,S60 AWD,25.0,Compact Cars
2019,Volvo,S60 AWD PHEV,31.0,Compact Cars
2019,Volvo,S60 FWD,28.0,Compact Cars
2019,Volvo,S90 AWD,25.5,Midsize Cars
2019,Volvo,S90 AWD PHEV,29.0,Midsize Cars
2019,Volvo,S90 FWD,27.0,Midsize Cars
2019,Volvo,V60 AWD,25.0,Small Station Wagons
2019,Volvo,V60 CC AWD,25.0,Small Station Wagons
2019,Volvo,V60 FWD,28.0,Small Station Wagons
2019,Volvo,V90 AWD,25.0,Midsize Station Wagons
2019,Volvo,V90 CC AWD,24.5,Midsize Station Wagons
2019,Volvo,V90 FWD,27.0,Midsize Station Wagons
2019,Volvo,XC40 AWD,26.0,Small Sport Utility Vehicle 4WD
2019,Volvo,XC40 FWD,27.0,Small Sport Utility Vehicle 2WD
2019,Volvo,XC60 AWD,22.5,Small Sport Utility Vehicle 4WD
2019,Volvo,XC60 AWD PHEV,26.0,Small Sport Utility Vehicle 4WD
2019,Volvo,XC60 FWD,24.0,Small Sport Utility Vehicle 2WD
2019,Volvo,XC90 AWD,22.5,Standard Sport Utility Vehicle 4WD
2019,Volvo,XC90 AWD PHEV,25.0,Standard Sport Utility Vehicle 4WD
2019,Volvo,XC90 FWD,24.0,Standard Sport Utility Vehicle 2WD
2019,smart,EQ fortwo (convertible),102.0,Two Seaters
2019,smart,EQ fortwo (coupe),108.0,Two Seaters
2020,Acura,ILX,28.0,Compact Cars
2020,Acura,MDX AWD,22.0,Small Sport Utility Vehicle 4WD
2020,Acura,MDX AWD A-SPEC,21.0,Small Sport Utility Vehicle 4WD
2020,Acura,MDX FWD,23.0,Small Sport Utility Vehicle 2WD
2020,Acura,MDX Hybrid AWD,27.0,Small Sport Utility Vehicle 4WD
2020,Acura,NSX Hybrid,21.0,Two Seaters
2020,Acura,RDX AWD,23.0,Small Sport Utility Vehicle 4WD
2020,Acura,RDX AWD A-SPEC,23.0,Small Sport Utility Vehicle 4WD
2020,Acura,RDX FWD,24.0,Small Sport Utility Vehicle 2WD
2020,Acura,RDX FWD A-SPEC,24.0,Small Sport Utility Vehicle 2WD
2020,Acura,RLX,23.0,Midsize Cars
2020,Acura,RLX Hybrid,28.0,Midsize Cars
2020,Acura,TLX AWD,23.0,Compact Cars
2020,Acura,TLX AWD A-SPEC,23.0,Compact Cars
2020,Acura,TLX FWD,25.5,Compact Cars
2020,Acura,TLX FWD A-SPEC,24.5,Compact Cars
2020,Alfa Romeo,4C,28.0,Two Seaters
2020,Alfa Romeo,Giulia,23.5,Midsize Cars
2020,Alfa Romeo,Giulia AWD,26.0,Midsize Cars
2020,Alfa Romeo,Stelvio,25.0,Small Sport Utility Vehicle 2WD
2020,Alfa Romeo,Stelvio AWD,21.5,Small Sport Utility Vehicle 4WD
2020,Aston Martin,DB11 V12,18.0,Minicompact Cars
2020,Aston Martin,DB11 V8,20.0,Minicompact Cars
2020,Aston Martin,DBS,17.0,Minicompact Cars
2020,Aston Martin,Vantage Manual,17.0,Two Seaters
2020,Aston Martin,Vantage V8,20.0,Two Seaters
2020,Audi,A3,30.0,Subcompact Cars
2020,Audi,A3 Cabriolet quattro,25.0,Subcompact Cars
2020,Audi,A3 quattro,25.0,Subcompact Cars
2020,Audi,A4,30.0,Compact Cars
2020,Audi,A4 allroad quattro,26.0,Small Station Wagons
2020,Audi,A4 quattro,27.0,Compact Cars
2020,Audi,A5 Cabriolet quattro,26.0,Subcompact Cars
2020,Audi,A5 Sportback quattro,27.0,Midsize Cars
2020,Audi,A5 quattro,27.0,Subcompact Cars
2020,Audi,A6 Allroad,22.0,Midsize Station Wagons
2020,Audi,A6 quattro,25.5,Midsize Cars
2020,Audi,A7 quattro,24.0,Midsize Cars
2020,Audi,A8 L,21.0,Large Cars
2020,Audi,Q3 quattro,22.0,Small Sport Utility Vehicle 4WD
2020,Audi,Q5,25.5,Small Sport Utility Vehicle 4WD
2020,Audi,Q7,19.5,Standard Sport Utility Vehicle 4WD
2020,Audi,Q8,18.0,Standard Sport Utility Vehicle 4WD
2020,Audi,R8 AWD,16.0,Two Seaters
2020,Audi,R8 Spyder AWD,16.0,Two Seaters
2020,Audi,RS Q8,15.0,Standard Sport Utility Vehicle 4WD
2020,Audi,RS3,23.0,Subcompact Cars
2020,Audi,S3,25.0,Subcompact Cars
2020,Audi,S4,23.0,Compact Cars
2020,Audi,S5,23.0,Subcompact Cars
2020,Audi,S5 Cabriolet,22.0,Subcompact Cars
2020,Audi,S5 Sportback,23.0,Midsize Cars
2020,Audi,S6,22.0,Midsize Cars
2020,Audi,S7,22.0,Midsize Cars
2020,Audi,S8,16.0,Large Cars
2020,Audi,SQ5,20.0,Small Sport Utility Vehicle 4WD
2020,Audi,SQ7,17.0,Standard Sport Utility Vehicle 4WD
2020,Audi,SQ8,17.0,Standard Sport Utility Vehicle 4WD
2020,Audi,TT Coupe quattro,26.0,Subcompact Cars
2020,Audi,TT RS,23.0,Subcompact Cars
2020,Audi,TT Roadster quattro,26.0,Two Seaters
2020,Audi,TTS Coupe,25.0,Subcompact Cars
2020,Audi,e-tron Sportback,77.0,Standard Sport Utility Vehicle 4WD
2020,BMW,228i xDrive Gran Coupe,27.0,Compact Cars
2020,BMW,230i Convertible,27.0,Subcompact Cars
2020,BMW,230i Coupe,26.0,Subcompact Cars
2020,BMW,230i xDrive Convertible,24.0,Subcompact Cars
2020,BMW,230i xDrive Coupe,24.0,Subcompact Cars
2020,BMW,330i,30.0,Compact Cars
2020,BMW,330i xDrive,28.0,Compact Cars
2020,BMW,430i Convertible,27.0,Subcompact Cars
2020,BMW,430i Coupe,26.0,Compact Cars
2020,BMW,430i Gran Coupe,27.0,Compact Cars
2020,BMW,430i xDrive Convertible,26.0,Subcompact Cars
2020,BMW,430i xDrive Coupe,24.0,Compact Cars
2020,BMW,430i xDrive Gran Coupe,24.0,Compact Cars
2020,BMW,440i Convertible,24.0,Subcompact Cars
2020,BMW,440i Coupe,23.5,Compact Cars
2020,BMW,440i Gran Coupe,25.0,Compact Cars
2020,BMW,440i xDrive Convertible,23.0,Subcompact Cars
2020,BMW,440i xDrive Coupe,23.0,Compact Cars
2020,BMW,440i xDrive Gran Coupe,25.0,Compact Cars
2020,BMW,530e,27.0,Compact Cars
2020,BMW,530e xDrive,25.0,Compact Cars
2020,BMW,530i,28.0,Midsize Cars
2020,BMW,530i xDrive,27.0,Midsize Cars
2020,BMW,540i,25.0,Midsize Cars
2020,BMW,540i xDrive,25.0,Midsize Cars
2020,BMW,740i,24.0,Large Cars
2020,BMW,740i xDrive,23.0,Large Cars
2020,BMW,745e xDrive,22.0,Large Cars
2020,BMW,750i xDrive,20.0,Large Cars
2020,BMW,840i Convertible,24.0,Subcompact Cars
2020,BMW,840i Coupe,25.0,Subcompact Cars
2020,BMW,840i Gran Coupe,24.0,Midsize Cars
2020,BMW,840i xDrive Convertible,23.0,Subcompact Cars
2020,BMW,840i xDrive Coupe,23.0,Subcompact Cars
2020,BMW,840i xDrive Gran Coupe,23.0,Midsize Cars
2020,BMW,Alpina B7,20.0,Large Cars
2020,BMW,I8 Coupe,27.0,Subcompact Cars
2020,BMW,I8 Roadster,27.0,Two Seaters
2020,BMW,M2 CS Coupe,19.5,Subcompact Cars
2020,BMW,M2 Competition Coupe,19.5,Subcompact Cars
2020,BMW,M235i xDrive,26.0,Compact Cars
2020,BMW,M240i Convertible,23.5,Subcompact Cars
2020,BMW,M240i Coupe,23.5,Subcompact Cars
2020,BMW,M240i Coupe M Performance,23.5,Subcompact Cars
2020,BMW,M240i xDrive Convertible,25.0,Subcompact Cars
2020,BMW,M240i xDrive Coupe,25.0,Subcompact Cars
2020,BMW,M240i xDrive Coupe M Performance,25.0,Subcompact Cars
2020,BMW,M340i,25.0,Compact Cars
2020,BMW,M340i xDrive,25.0,Compact Cars
2020,BMW,M4 CS,19.0,Compact Cars
2020,BMW,M4 Convertible,19.5,Subcompact Cars
2020,BMW,M4 Convertible Competition,19.5,Subcompact Cars
2020,BMW,M4 Coupe,19.5,Compact Cars
2020,BMW,M4 Coupe Competition,19.5,Compact Cars
2020,BMW,M5,17.0,Midsize Cars
2020,BMW,M5 Competition,17.0,Midsize Cars
2020,BMW,M550i xDrive,20.0,Midsize Cars
2020,BMW,M760i xDrive,16.0,Large Cars
2020,BMW,M8 Competition Convertible,17.0,Subcompact Cars
2020,BMW,M8 Competition Coupe,17.0,Subcompact Cars
2020,BMW,M8 Competition Gran Coupe,17.0,Midsize Cars
2020,BMW,M8 Convertible,17.0,Subcompact Cars
2020,BMW,M8 Coupe,17.0,Subcompact Cars
2020,BMW,M8 Gran Coupe,17.0,Midsize Cars
2020,BMW,M850i xDrive Convertible,20.0,Subcompact Cars
2020,BMW,M850i xDrive Coupe,20.0,Subcompact Cars
2020,BMW,M850i xDrive Gran Coupe,20.0,Midsize Cars
2020,BMW,X1 sDrive28i,27.0,Large Cars
2020,BMW,X1 xDrive28i,26.0,Large Cars
2020,BMW,X2 M35i,26.0,Midsize Cars
2020,BMW,X2 sDrive28i,27.0,Midsize Cars
2020,BMW,X2 xDrive28i,27.0,Midsize Cars
2020,BMW,X3 M,16.0,Small Sport Utility Vehicle 4WD
2020,BMW,X3 M Competition,16.0,Small Sport Utility Vehicle 4WD
2020,BMW,X3 M40i,23.0,Small Sport Utility Vehicle 4WD
2020,BMW,X3 sDrive30i,27.0,Small Sport Utility Vehicle 2WD
2020,BMW,X3 xDrive30e,24.0,Small Sport Utility Vehicle 4WD
2020,BMW,X3 xDrive30i,26.0,Small Sport Utility Vehicle 4WD
2020,BMW,X4 M,16.0,Small Sport Utility Vehicle 4WD
2020,BMW,X4 M Competition,16.0,Small Sport Utility Vehicle 4WD
2020,BMW,X4 M40i,23.0,Small Sport Utility Vehicle 4WD
2020,BMW,X4 xDrive30i,25.0,Small Sport Utility Vehicle 4WD
2020,BMW,X5 M,15.0,Standard Sport Utility Vehicle 4WD
2020,BMW,X5 M Competition,15.0,Standard Sport Utility Vehicle 4WD
2020,BMW,X5 M50i,18.0,Standard Sport Utility Vehicle 4WD
2020,BMW,X5 sDrive40i,23.0,Standard Sport Utility Vehicle 2WD
2020,BMW,X5 xDrive40i,22.0,Standard Sport Utility Vehicle 4WD
2020,BMW,X5 xDrive50i,18.0,Standard Sport Utility Vehicle 4WD
2020,BMW,X6 M,15.0,Standard Sport Utility Vehicle 4WD
2020,BMW,X6 M Competition,15.0,Standard Sport Utility Vehicle 4WD
2020,BMW,X6 M50i,18.0,Standard Sport Utility Vehicle 4WD
2020,BMW,X6 sDrive40i,23.0,Standard Sport Utility Vehicle 2WD
2020,BMW,X6 xDrive40i,22.0,Standard Sport Utility Vehicle 4WD
2020,BMW,X7 M50i,17.0,Standard Sport Utility Vehicle 4WD
2020,BMW,X7 xDrive40i,22.0,Standard Sport Utility Vehicle 4WD
2020,BMW,X7 xDrive50i,17.0,Standard Sport Utility Vehicle 4WD
2020,BMW,Z4 M40i,26.0,Two Seaters
2020,BMW,Z4 sDrive30i,27.0,Two Seaters
2020,BMW,i3,113.0,Subcompact Cars
2020,BMW,i3 with Range Extender,31.0,Subcompact Cars
2020,BMW,i3s,113.0,Subcompact Cars
2020,BMW,i3s with Range Extender,31.0,Subcompact Cars
2020,BYD,e6,72.0,Small Sport Utility Vehicle 2WD
2020,Bentley,Bentayga,17.0,Standard Sport Utility Vehicle 4WD
2020,Bentley,Continental GT,17.0,Subcompact Cars
2020,Bentley,Continental GT Convertible,17.0,Minicompact Cars
2020,Bentley,Flying Spur,15.0,Midsize Cars
2020,Bentley,Mulsanne,12.0,Midsize Cars
2020,Bugatti,Chiron,11.0,Two Seaters
2020,Bugatti,Divo,10.0,Two Seaters
2020,Buick,Enclave AWD,20.0,Standard Sport Utility Vehicle 4WD
2020,Buick,Enclave FWD,21.0,Standard Sport Utility Vehicle 2WD
2020,Buick,Encore AWD,26.0,Small Sport Utility Vehicle 4WD
2020,Buick,Encore FWD,27.0,Small Sport Utility Vehicle 2WD
2020,Buick,Encore GX AWD,28.0,Small Sport Utility Vehicle 4WD
2020,Buick,Encore GX FWD,29.5,Small Sport Utility Vehicle 2WD
2020,Buick,Envision AWD,23.0,Small Sport Utility Vehicle 4WD
2020,Buick,Envision FWD,25.0,Small Sport Utility Vehicle 2WD
2020,Buick,Regal,26.0,Midsize Cars
2020,Buick,Regal AWD,23.0,Midsize Cars
2020,Buick,Regal TourX AWD,24.0,Small Station Wagons
2020,Cadillac,CT4,25.5,Compact Cars
2020,Cadillac,CT4 AWD,24.5,Compact Cars
2020,Cadillac,CT4 V,23.0,Compact Cars
2020,Cadillac,CT4 V AWD,23.0,Compact Cars
2020,Cadillac,CT5,23.5,Midsize Cars
2020,Cadillac,CT5 AWD,23.0,Midsize Cars
2020,Cadillac,CT5 V,21.0,Midsize Cars
2020,Cadillac,CT5 V AWD,20.0,Midsize Cars
2020,Cadillac,CT6 AWD,19.0,Large Cars
2020,Cadillac,Escalade 2WD,17.0,Standard Sport Utility Vehicle 2WD
2020,Cadillac,Escalade 4WD,17.0,Standard Sport Utility Vehicle 4WD
2020,Cadillac,XT4 AWD,24.0,Small Sport Utility Vehicle 4WD
2020,Cadillac,XT4 FWD,26.0,Small Sport Utility Vehicle 2WD
2020,Cadillac,XT5 AWD,21.5,Small Sport Utility Vehicle 4WD
2020,Cadillac,XT5 FWD,22.5,Small Sport Utility Vehicle 2WD
2020,Cadillac,XT6 AWD,20.0,Small Sport Utility Vehicle 4WD
2020,Cadillac,XT6 FWD,20.0,Small Sport Utility Vehicle 2WD
2020,Chevrolet,Blazer AWD,22.0,Small Sport Utility Vehicle 4WD
2020,Chevrolet,Blazer FWD,23.0,Small Sport Utility Vehicle 2WD
2020,Chevrolet,Bolt EV,118.0,Small Station Wagons
2020,Chevrolet,Camaro,20.0,Subcompact Cars
2020,Chevrolet,Colorado 2WD,22.0,Small Pickup Trucks 2WD
2020,Chevrolet,Colorado 4WD,21.0,Small Pickup Trucks 4WD
2020,Chevrolet,Colorado ZR2 4WD,18.0,Small Pickup Trucks 4WD
2020,Chevrolet,Corvette,19.0,Two Seaters
2020,Chevrolet,Equinox AWD,25.5,Small Sport Utility Vehicle 4WD
2020,Chevrolet,Equinox FWD,26.5,Small Sport Utility Vehicle 2WD
2020,Chevrolet,Impala,22.0,Large Cars
2020,Chevrolet,Malibu,29.0,Midsize Cars
2020,Chevrolet,Silverado 2WD,19.5,Standard Pickup Trucks 2WD
2020,Chevrolet,Silverado 4WD,18.0,Standard Pickup Trucks 4WD
2020,Chevrolet,Silverado 4WD TrailBoss,16.5,Standard Pickup Trucks 4WD
2020,Chevrolet,Silverado Cab Chassis 2WD,16.0,Special Purpose Vehicle 2WD
2020,Chevrolet,Silverado Cab Chassis 4WD,15.0,Special Purpose Vehicle 4WD
2020,Chevrolet,Sonic,29.0,Compact Cars
2020,Chevrolet,Sonic 5,29.0,Small Station Wagons
2020,Chevrolet,Spark,33.0,Subcompact Cars
2020,Chevrolet,Spark ACTIV,32.5,Subcompact Cars
2020,Chevrolet,Suburban C1500 2WD,18.0,Standard Sport Utility Vehicle 2WD
2020,Chevrolet,Suburban K1500 4WD,16.0,Standard Sport Utility Vehicle 4WD
2020,Chevrolet,Tahoe C1500 2WD,18.0,Standard Sport Utility Vehicle 2WD
2020,Chevrolet,Tahoe K1500 4WD,17.0,Standard Sport Utility Vehicle 4WD
2020,Chevrolet,Traverse AWD,20.0,Standard Sport Utility Vehicle 4WD
2020,Chevrolet,Traverse FWD,21.0,Standard Sport Utility Vehicle 2WD
2020,Chevrolet,Trax AWD,26.0,Small Sport Utility Vehicle 4WD
2020,Chevrolet,Trax FWD,28.0,Small Sport Utility Vehicle 2WD
2020,Chrysler,300,21.0,Large Cars
2020,Chrysler,300 AWD,21.0,Large Cars
2020,Chrysler,Pacifica,22.0,Minivan - 2WD
2020,Chrysler,Pacifica AWD,20.0,Minivan - 4WD
2020,Chrysler,Pacifica Hybrid,30.0,Minivan - 2WD
2020,Chrysler,Voyager,22.0,Minivan - 2WD
2020,Dodge,Challenger,18.0,Midsize Cars
2020,Dodge,Challenger AWD,21.0,Midsize Cars
2020,Dodge,Challenger SRT,16.0,Midsize Cars
2020,Dodge,Challenger SRT Widebody,15.5,Midsize Cars
2020,Dodge,Challenger Widebody,17.5,Midsize Cars
2020,Dodge,Charger,19.0,Large Cars
2020,Dodge,Charger AWD,21.0,Large Cars
2020,Dodge,Charger SRT Widebody,15.0,Large Cars
2020,Dodge,Charger Widebody,18.0,Large Cars
2020,Dodge,Durango AWD,19.0,Standard Sport Utility Vehicle 4WD
2020,Dodge,Durango RWD,19.0,Standard Sport Utility Vehicle 2WD
2020,Dodge,Durango SRT AWD,15.0,Standard Sport Utility Vehicle 4WD
2020,Dodge,Grand Caravan,20.0,Minivan - 2WD
2020,Dodge,Journey,21.0,Small Sport Utility Vehicle 2WD
2020,Ferrari,488 Pista,17.0,Two Seaters
2020,Ferrari,488 Pista Spider,17.0,Two Seaters
2020,Ferrari,812 Superfast,13.0,Two Seaters
2020,Ferrari,F8 Tributo,16.0,Two Seaters
2020,Ferrari,GTC4Lusso,13.0,Minicompact Cars
2020,Ferrari,GTC4Lusso T,17.0,Minicompact Cars
2020,Ferrari,Portofino,18.0,Minicompact Cars
2020,Fiat,124 Spider,29.5,Two Seaters
2020,Fiat,500 L,25.0,Small Station Wagons
2020,Fiat,500X AWD,26.0,Small Sport Utility Vehicle 4WD
2020,Ford,EcoSport AWD,25.0,Small Sport Utility Vehicle 4WD
2020,Ford,EcoSport FWD,28.0,Small Sport Utility Vehicle 2WD
2020,Ford,Edge AWD,23.0,Small Sport Utility Vehicle 4WD
2020,Ford,Edge FWD,24.0,Small Sport Utility Vehicle 2WD
2020,Ford,Escape AWD,27.0,Small Sport Utility Vehicle 4WD
2020,Ford,Escape AWD HEV,40.0,Small Sport Utility Vehicle 4WD
2020,Ford,Escape FWD,30.0,Small Sport Utility Vehicle 2WD
2020,Ford,Escape FWD HEV,41.0,Small Sport Utility Vehicle 2WD
2020,Ford,Escape FWD PHEV,41.0,Small Sport Utility Vehicle 2WD
2020,Ford,Expedition 2WD,19.0,Standard Sport Utility Vehicle 2WD
2020,Ford,Expedition 4WD,19.0,Standard Sport Utility Vehicle 4WD
2020,Ford,Expedition MAX 2WD,19.0,Standard Sport Utility Vehicle 2WD
2020,Ford,Expedition MAX 4WD,18.0,Standard Sport Utility Vehicle 4WD
2020,Ford,Explorer AWD,21.5,Standard Sport Utility Vehicle 4WD
2020,Ford,Explorer FFV AWD,19.0,Standard Sport Utility Vehicle 4WD
2020,Ford,Explorer HEV AWD,25.0,Standard Sport Utility Vehicle 4WD
2020,Ford,Explorer HEV RWD,28.0,Standard Sport Utility Vehicle 2WD
2020,Ford,Explorer RWD,24.0,Standard Sport Utility Vehicle 2WD
2020,Ford,F150 2WD BASE PAYLOAD LT TIRE,24.0,Standard Pickup Trucks 2WD
2020,Ford,F150 2WD FFV BASE PAYLOAD LT,18.0,Standard Pickup Trucks 2WD
2020,Ford,F150 5.0L 2WD FFV GVWR>7599 LBS,17.0,Standard Pickup Trucks 2WD
2020,Ford,F150 Pickup 2WD,22.0,Standard Pickup Trucks 2WD
2020,Ford,F150 Pickup 2WD FFV,20.5,Standard Pickup Trucks 2WD
2020,Ford,F150 Pickup 2WD Limited,19.0,Standard Pickup Trucks 2WD
2020,Ford,F150 Pickup 4WD,20.0,Standard Pickup Trucks 4WD
2020,Ford,F150 Pickup 4WD FFV,19.0,Standard Pickup Trucks 4WD
2020,Ford,F150 Pickup 4WD Limited,19.0,Standard Pickup Trucks 4WD
2020,Ford,F150 Pickup 4WD XL/XLT,24.0,Standard Pickup Trucks 4WD
2020,Ford,F150 RAPTOR 4WD,16.0,Standard Pickup Trucks 4WD
2020,Ford,Fusion AWD,23.0,Midsize Cars
2020,Ford,Fusion Energi Plug-in Hybrid,42.0,Midsize Cars
2020,Ford,Fusion FWD,25.0,Midsize Cars
2020,Ford,Fusion Hybrid FWD,42.0,Midsize Cars
2020,Ford,Fusion Hybrid Taxi,41.0,Midsize Cars
2020,Ford,Fusion Special Service PHEV,42.0,Midsize Cars
2020,Ford,GT,14.0,Two Seaters
2020,Ford,Mustang,21.5,Subcompact Cars
2020,Ford,Mustang Bullitt,17.0,Subcompact Cars
2020,Ford,Mustang Convertible,23.0,Subcompact Cars
2020,Ford,Mustang HO Convertible,22.5,Subcompact Cars
2020,Ford,Mustang HO Coupe,23.0,Subcompact Cars
2020,Ford,Ranger 2WD,23.0,Standard Pickup Trucks 2WD
2020,Ford,Ranger 2WD Incomplete,18.0,Special Purpose Vehicle 2WD
2020,Ford,Ranger 4WD,22.0,Standard Pickup Trucks 4WD
2020,Ford,Shelby GT350 Mustang,16.0,Subcompact Cars
2020,Ford,Shelby GT500 Mustang,14.0,Subcompact Cars
2020,Ford,Transit Connect USPS,22.0,Special Purpose Vehicle 2WD
2020,Ford,Transit Connect Van 2WD,23.5,Special Purpose Vehicle 2WD
2020,Ford,Transit Connect Van FFV,25.0,Special Purpose Vehicle 2WD
2020,Ford,Transit Connect Wagon LWB FFV,26.0,Special Purpose Vehicle 2WD
2020,Ford,Transit Connect Wagon LWB FWD,24.0,Special Purpose Vehicle 2WD
2020,Ford,Transit T150 Wagon 2WD FFV,17.0,"Vans, Passenger Type"
2020,Ford,Transit T150 Wagon 4WD FFV,16.0,"Vans, Passenger Type"
2020,GMC,Acadia AWD,22.0,Standard Sport Utility Vehicle 4WD
2020,GMC,Acadia FWD,23.0,Standard Sport Utility Vehicle 2WD
2020,GMC,Canyon 2WD,22.0,Small Pickup Trucks 2WD
2020,GMC,Canyon 4WD,21.0,Small Pickup Trucks 4WD
2020,GMC,Sierra 2WD,19.5,Standard Pickup Trucks 2WD
2020,GMC,Sierra 4WD,18.0,Standard Pickup Trucks 4WD
2020,GMC,Sierra 4WD AT4,18.0,Standard Pickup Trucks 4WD
2020,GMC,Sierra Cab Chassis 2WD,16.0,Special Purpose Vehicle 2WD
2020,GMC,Sierra Cab Chassis 4WD,15.0,Special Purpose Vehicle 4WD
2020,GMC,Terrain AWD,24.5,Small Sport Utility Vehicle 4WD
2020,GMC,Terrain FWD,25.5,Small Sport Utility Vehicle 2WD
2020,GMC,Yukon C1500 2WD,18.0,Standard Sport Utility Vehicle 2WD
2020,GMC,Yukon C1500 XL 2WD,18.0,Standard Sport Utility Vehicle 2WD
2020,GMC,Yukon K1500 4WD,17.0,Standard Sport Utility Vehicle 4WD
2020,GMC,Yukon K1500 XL 4WD,16.0,Standard Sport Utility Vehicle 4WD
2020,Genesis,G70 AWD,21.5,Compact Cars
2020,Genesis,G70 RWD,22.0,Compact Cars
2020,Genesis,G80 AWD,20.0,Large Cars
2020,Genesis,G80 RWD,20.0,Large Cars
2020,Genesis,G90 AWD,19.0,Large Cars
2020,Genesis,G90 RWD,19.5,Large Cars
2020,Honda,Accord,30.0,Large Cars
2020,Honda,Accord 2.0T Sport/Touring,26.0,Midsize Cars
2020,Honda,Accord Hybrid,48.0,Large Cars
2020,Honda,CR-V AWD,29.0,Small Sport Utility Vehicle 4WD
2020,Honda,CR-V FWD,30.0,Small Sport Utility Vehicle 2WD
2020,Honda,CR-V Hybrid AWD,38.0,Small Sport Utility Vehicle 4WD
2020,Honda,Civic 2Dr,32.5,Compact Cars
2020,Honda,Civic 4Dr,32.5,Midsize Cars
2020,Honda,Civic 5Dr,32.0,Large Cars
2020,Honda,Clarity FCV,68.0,Midsize Cars
2020,Honda,Clarity Plug-in Hybrid,42.0,Midsize Cars
2020,Honda,Fit,33.0,Small Station Wagons
2020,Honda,HR-V AWD,28.5,Small Station Wagons
2020,Honda,HR-V FWD,30.0,Small Station Wagons
2020,Honda,Insight,52.0,Midsize Cars
2020,Honda,Insight Touring,48.0,Midsize Cars
2020,Honda,Odyssey,22.0,Minivan - 2WD
2020,Honda,Passport AWD,21.0,Small Sport Utility Vehicle 4WD
2020,Honda,Passport FWD,22.0,Small Sport Utility Vehicle 2WD
2020,Honda,Pilot AWD,21.5,Small Sport Utility Vehicle 4WD
2020,Honda,Pilot FWD,22.5,Small Sport Utility Vehicle 2WD
2020,Honda,Ridgeline AWD,21.0,Standard Pickup Trucks 4WD
2020,Honda,Ridgeline FWD,22.0,Small Pickup Trucks 2WD
2020,Hyundai,Accent,34.5,Compact Cars
2020,Hyundai,Elantra,32.0,Midsize Cars
2020,Hyundai,Elantra GT,27.0,Large Cars
2020,Hyundai,Elantra SE,35.0,Midsize Cars
2020,Hyundai,Ioniq,55.0,Large Cars
2020,Hyundai,Ioniq Blue,58.0,Large Cars
2020,Hyundai,Ioniq Electric,133.0,Midsize Cars
2020,Hyundai,Ioniq Plug-in Hybrid,52.0,Midsize Cars
2020,Hyundai,Kona AWD,27.5,Small Sport Utility Vehicle 4WD
2020,Hyundai,Kona Electric,120.0,Small Sport Utility Vehicle 2WD
2020,Hyundai,Kona FWD,30.0,Small Sport Utility Vehicle 2WD
2020,Hyundai,Nexo,57.0,Small Sport Utility Vehicle 2WD
2020,Hyundai,Nexo Blue,61.0,Small Sport Utility Vehicle 2WD
2020,Hyundai,Palisade AWD,21.0,Standard Sport Utility Vehicle 4WD
2020,Hyundai,Palisade FWD,22.0,Standard Sport Utility Vehicle 2WD
2020,Hyundai,Santa Fe AWD,23.0,Small Sport Utility Vehicle 4WD
2020,Hyundai,Santa Fe FWD,24.0,Small Sport Utility Vehicle 2WD
2020,Hyundai,Sonata,31.0,Large Cars
2020,Hyundai,Sonata Hybrid,47.0,Large Cars
2020,Hyundai,Sonata Hybrid Blue,52.0,Large Cars
2020,Hyundai,Tucson AWD,23.0,Small Sport Utility Vehicle 4WD
2020,Hyundai,Tucson FWD,25.0,Small Sport Utility Vehicle 2WD
2020,Hyundai,Veloster,29.5,Compact Cars
2020,Hyundai,Veloster N,25.0,Compact Cars
2020,Hyundai,Venue,31.0,Midsize Cars
2020,Infiniti,Q50,23.0,Midsize Cars
2020,Infiniti,Q50 AWD,22.0,Midsize Cars
2020,Infiniti,Q50 Red Sport,22.0,Midsize Cars
2020,Infiniti,Q50 Red Sport  AWD,22.0,Midsize Cars
2020,Infiniti,Q60,22.0,Subcompact Cars
2020,Infiniti,Q60 AWD,22.0,Subcompact Cars
2020,Infiniti,Q60 Red Sport,22.0,Subcompact Cars
2020,Infiniti,Q60 Red Sport AWD,21.0,Subcompact Cars
2020,Infiniti,QX50,26.0,Small Sport Utility Vehicle 2WD
2020,Infiniti,QX50 AWD,25.0,Small Sport Utility Vehicle 4WD
2020,Infiniti,QX60 AWD,22.0,Small Sport Utility Vehicle 4WD
2020,Infiniti,QX60 FWD,22.0,Small Sport Utility Vehicle 2WD
2020,Infiniti,QX80 2WD,16.0,Standard Sport Utility Vehicle 2WD
2020,Infiniti,QX80 4WD,15.0,Standard Sport Utility Vehicle 4WD
2020,Jaguar,E-Pace,24.0,Small Sport Utility Vehicle 4WD
2020,Jaguar,E-Pace P300,23.0,Small Sport Utility Vehicle 4WD
2020,Jaguar,F-Pace,20.0,Small Sport Utility Vehicle 4WD
2020,Jaguar,F-Pace 30t,24.0,Small Sport Utility Vehicle 4WD
2020,Jaguar,F-Type AWD Convertible,18.0,Two Seaters
2020,Jaguar,F-Type AWD Coupe,18.0,Two Seaters
2020,Jaguar,F-Type Convertible,24.5,Two Seaters
2020,Jaguar,F-Type Coupe,24.5,Two Seaters
2020,Jaguar,F-Type S AWD Convertible,21.0,Two Seaters
2020,Jaguar,F-Type S AWD Coupe,21.0,Two Seaters
2020,Jaguar,F-Type S Convertible,22.0,Two Seaters
2020,Jaguar,F-Type S Coupe,22.0,Two Seaters
2020,Jaguar,F-Type SVR AWD Convertible,18.0,Two Seaters
2020,Jaguar,F-Type SVR AWD Coupe,18.0,Two Seaters
2020,Jaguar,I-Pace,76.0,Small Sport Utility Vehicle 4WD
2020,Jaguar,XE,28.0,Compact Cars
2020,Jaguar,XE 30t,27.0,Compact Cars
2020,Jaguar,XE AWD,28.0,Compact Cars
2020,Jaguar,XE AWD 30t,25.0,Compact Cars
2020,Jaguar,XF,28.0,Midsize Cars
2020,Jaguar,XF 30t,26.0,Midsize Cars
2020,Jaguar,XF AWD,25.0,Midsize Cars
2020,Jaguar,XF AWD 30t,25.0,Midsize Cars
2020,Jaguar,XF Sportbrake AWD,22.5,Midsize Station Wagons
2020,Jeep,Cherokee 4WD,24.0,Small Sport Utility Vehicle 4WD
2020,Jeep,Cherokee 4WD Active Drive II,22.0,Small Sport Utility Vehicle 4WD
2020,Jeep,Cherokee FWD,25.0,Small Sport Utility Vehicle 2WD
2020,Jeep,Cherokee Trailhawk 4WD,21.5,Small Sport Utility Vehicle 4WD
2020,Jeep,Compass 4WD,25.0,Small Sport Utility Vehicle 4WD
2020,Jeep,Compass FWD,25.5,Small Sport Utility Vehicle 2WD
2020,Jeep,Gladiator Pickup 4WD,19.0,Standard Pickup Trucks 4WD
2020,Jeep,Grand Cherokee 2WD,21.0,Standard Sport Utility Vehicle 4WD
2020,Jeep,Grand Cherokee 4WD,19.0,Standard Sport Utility Vehicle 4WD
2020,Jeep,Grand Cherokee SRT 4WD,15.0,Standard Sport Utility Vehicle 4WD
2020,Jeep,Grand Cherokee Trackhawk 4WD,13.0,Standard Sport Utility Vehicle 4WD
2020,Jeep,Renegade 2WD,26.0,Small Sport Utility Vehicle 2WD
2020,Jeep,Renegade 4WD,25.0,Small Sport Utility Vehicle 4WD
2020,Jeep,Renegade Trailhawk 4WD,24.0,Small Sport Utility Vehicle 4WD
2020,Jeep,Wrangler 4WD,20.5,Small Sport Utility Vehicle 4WD
2020,Jeep,Wrangler Unlimited 4WD,20.5,Small Sport Utility Vehicle 4WD
2020,Karma,Revero GT (21-inch wheels),26.0,Subcompact Cars
2020,Kia,Cadenza,23.0,Large Cars
2020,Kia,Forte,30.5,Midsize Cars
2020,Kia,Forte FE,35.0,Midsize Cars
2020,Kia,K900,21.0,Large Cars
2020,Kia,Niro,49.0,Small Station Wagons
2020,Kia,Niro Electric,112.0,Small Station Wagons
2020,Kia,Niro FE,50.0,Small Station Wagons
2020,Kia,Niro Plug-in Hybrid,46.0,Small Station Wagons
2020,Kia,Niro Touring,43.0,Small Station Wagons
2020,Kia,Optima,27.0,Large Cars
2020,Kia,Optima FE,29.0,Large Cars
2020,Kia,Optima Hybrid,42.0,Midsize Cars
2020,Kia,Optima Plug-in Hybrid,41.0,Midsize Cars
2020,Kia,Rio,36.0,Compact Cars
2020,Kia,Sedona,21.0,Minivan - 2WD
2020,Kia,Sorento AWD,21.5,Small Sport Utility Vehicle 4WD
2020,Kia,Sorento FWD,23.5,Small Sport Utility Vehicle 2WD
2020,Kia,Soul,29.0,Small Station Wagons
2020,Kia,Soul Eco dynamics,31.0,Small Station Wagons
2020,Kia,Soul Electric,114.0,Small Station Wagons
2020,Kia,Sportage AWD,22.0,Small Sport Utility Vehicle 4WD
2020,Kia,Sportage FWD,24.5,Small Sport Utility Vehicle 2WD
2020,Kia,Stinger AWD,22.0,Midsize Cars
2020,Kia,Stinger RWD,22.5,Midsize Cars
2020,Kia,Telluride AWD,21.0,Small Sport Utility Vehicle 4WD
2020,Kia,Telluride FWD,23.0,Small Sport Utility Vehicle 2WD
2020,Koenigsegg,Regera,11.0,Two Seaters
2020,Lamborghini,Aventador Coupe,11.0,Two Seaters
2020,Lamborghini,Aventador Roadster,11.0,Two Seaters
2020,Lamborghini,Aventador Sian Coupe,10.0,Two Seaters
2020,Lamborghini,Aventador Sian Roadster,10.0,Two Seaters
2020,Lamborghini,Huracan,15.0,Two Seaters
2020,Lamborghini,Huracan 2WD,15.0,Two Seaters
2020,Lamborghini,Huracan Spyder,15.0,Two Seaters
2020,Lamborghini,Huracan Spyder 2WD,15.0,Two Seaters
2020,Lamborghini,Urus,14.0,Standard Sport Utility Vehicle 4WD
2020,Land Rover,Defender 110,18.0,Standard Sport Utility Vehicle 4WD
2020,Land Rover,Defender 110 MHEV,19.0,Standard Sport Utility Vehicle 4WD
2020,Land Rover,Defender 90,19.0,Standard Sport Utility Vehicle 4WD
2020,Land Rover,Defender 90 MHEV,19.0,Standard Sport Utility Vehicle 4WD
2020,Land Rover,Discovery,20.5,Standard Sport Utility Vehicle 4WD
2020,Land Rover,Discovery Sport,21.0,Small Sport Utility Vehicle 4WD
2020,Land Rover,Discovery Sport MHEV,21.0,Small Sport Utility Vehicle 4WD
2020,Land Rover,Evoque,23.0,Small Sport Utility Vehicle 4WD
2020,Land Rover,Evoque MHEV,23.0,Small Sport Utility Vehicle 4WD
2020,Land Rover,Range Rover,21.0,Standard Sport Utility Vehicle 4WD
2020,Land Rover,Range Rover LWB,18.0,Standard Sport Utility Vehicle 4WD
2020,Land Rover,Range Rover LWB SVA,15.0,Standard Sport Utility Vehicle 4WD
2020,Land Rover,Range Rover MHEV,21.0,Standard Sport Utility Vehicle 4WD
2020,Land Rover,Range Rover PHEV,19.0,Standard Sport Utility Vehicle 4WD
2020,Land Rover,Range Rover SVA,16.0,Standard Sport Utility Vehicle 4WD
2020,Land Rover,Range Rover Sport,21.5,Standard Sport Utility Vehicle 4WD
2020,Land Rover,Range Rover Sport MHEV,21.0,Standard Sport Utility Vehicle 4WD
2020,Land Rover,Range Rover Sport PHEV,19.0,Standard Sport Utility Vehicle 4WD
2020,Land Rover,Range Rover Sport SVR,16.0,Standard Sport Utility Vehicle 4WD
2020,Land Rover,Range Rover Velar,20.0,Small Sport Utility Vehicle 4WD
2020,Land Rover,Range Rover Velar P300,22.0,Small Sport Utility Vehicle 4WD
2020,Land Rover,Range Rover Velar P380,20.0,Small Sport Utility Vehicle 4WD
2020,Lexus,ES 300h,44.0,Midsize Cars
2020,Lexus,ES 350,26.0,Midsize Cars
2020,Lexus,ES 350 F Sport,25.0,Midsize Cars
2020,Lexus,GS 350,23.0,Midsize Cars
2020,Lexus,GS 350 AWD,21.0,Midsize Cars
2020,Lexus,GS 350 F Sport,22.0,Midsize Cars
2020,Lexus,GS F,19.0,Compact Cars
2020,Lexus,GX 460,16.0,Standard Sport Utility Vehicle 4WD
2020,Lexus,IS 300,24.0,Compact Cars
2020,Lexus,IS 300 AWD,21.0,Compact Cars
2020,Lexus,IS 350,23.0,Compact Cars
2020,Lexus,IS 350 AWD,21.0,Compact Cars
2020,Lexus,LC 500,19.0,Subcompact Cars
2020,Lexus,LC 500h,30.0,Subcompact Cars
2020,Lexus,LS 500,23.0,Midsize Cars
2020,Lexus,LS 500 AWD,21.0,Midsize Cars
2020,Lexus,LS 500h,28.0,Midsize Cars
2020,Lexus,LS 500h AWD,26.0,Midsize Cars
2020,Lexus,LX 570,14.0,Standard Sport Utility Vehicle 4WD
2020,Lexus,NX 300,25.0,Small Sport Utility Vehicle 2WD
2020,Lexus,NX 300 AWD,24.0,Small Sport Utility Vehicle 4WD
2020,Lexus,NX 300 AWD F Sport,24.0,Small Sport Utility Vehicle 4WD
2020,Lexus,NX 300h AWD,31.0,Small Sport Utility Vehicle 4WD
2020,Lexus,RC 300,24.0,Subcompact Cars
2020,Lexus,RC 300 AWD,21.0,Subcompact Cars
2020,Lexus,RC 350,23.0,Subcompact Cars
2020,Lexus,RC 350 AWD,21.0,Subcompact Cars
2020,Lexus,RC F,19.0,Subcompact Cars
2020,Lexus,RX 350,23.0,Small Sport Utility Vehicle 2WD
2020,Lexus,RX 350 AWD,22.0,Small Sport Utility Vehicle 4WD
2020,Lexus,RX 350 L,22.0,Small Sport Utility Vehicle 2WD
2020,Lexus,RX 350 L AWD,21.0,Small Sport Utility Vehicle 4WD
2020,Lexus,RX 450h AWD,30.0,Standard Sport Utility Vehicle 4WD
2020,Lexus,RX 450h L AWD,29.0,Standard Sport Utility Vehicle 4WD
2020,Lexus,UX 200,33.0,Midsize Cars
2020,Lexus,UX 250h,42.0,Compact Cars
2020,Lexus,UX 250h AWD,39.0,Compact Cars
2020,Lincoln,Aviator AWD,20.0,Standard Sport Utility Vehicle 4WD
2020,Lincoln,Aviator PHEV AWD,23.0,Standard Sport Utility Vehicle 4WD
2020,Lincoln,Aviator RWD,21.0,Standard Sport Utility Vehicle 2WD
2020,Lincoln,Continental  AWD,19.0,Large Cars
2020,Lincoln,Continental  FWD,20.5,Large Cars
2020,Lincoln,Continental Coach,19.0,Large Cars
2020,Lincoln,Corsair AWD,24.0,Small Sport Utility Vehicle 4WD
2020,Lincoln,Corsair FWD,25.0,Small Sport Utility Vehicle 2WD
2020,Lincoln,MKZ AWD,21.5,Midsize Cars
2020,Lincoln,MKZ FWD,22.5,Midsize Cars
2020,Lincoln,MKZ Hybrid FWD,41.0,Midsize Cars
2020,Lincoln,Nautilus AWD,21.5,Small Sport Utility Vehicle 4WD
2020,Lincoln,Nautilus FWD,23.0,Small Sport Utility Vehicle 2WD
2020,Lincoln,Navigator 2WD,19.0,Standard Sport Utility Vehicle 2WD
2020,Lincoln,Navigator 4WD,18.0,Standard Sport Utility Vehicle 4WD
2020,Lincoln,Navigator L 2WD,18.0,Standard Sport Utility Vehicle 2WD
2020,Lotus,Evora,19.5,Minicompact Cars
2020,Lotus,Evora GT,20.0,Minicompact Cars
2020,MINI,Cooper Convertible,31.0,Minicompact Cars
2020,MINI,Cooper Countryman,29.0,Midsize Cars
2020,MINI,Cooper Countryman All4,27.0,Midsize Cars
2020,MINI,Cooper Hardtop 2 door,31.0,Subcompact Cars
2020,MINI,Cooper Hardtop 4 door,31.0,Subcompact Cars
2020,MINI,Cooper S Clubman,29.0,Midsize Cars
2020,MINI,Cooper S Clubman All4,26.0,Midsize Cars
2020,MINI,Cooper S Convertible,29.0,Minicompact Cars
2020,MINI,Cooper S Countryman,28.0,Midsize Cars
2020,MINI,Cooper S Countryman All4,26.0,Midsize Cars
2020,MINI,Cooper S Hardtop 2 door,30.0,Subcompact Cars
2020,MINI,Cooper S Hardtop 4 door,30.0,Subcompact Cars
2020,MINI,Cooper SE Countryman All4,29.0,Midsize Cars
2020,MINI,Cooper SE Hardtop 2 door,108.0,Subcompact Cars
2020,MINI,JCW Countryman All4,26.0,Midsize Cars
2020,MINI,John Cooper Works Clubman All4,26.0,Midsize Cars
2020,MINI,John Cooper Works Convertible,28.0,Minicompact Cars
2020,MINI,John Cooper Works Hardtop,29.0,Subcompact Cars
2020,Maserati,Ghibli,19.0,Midsize Cars
2020,Maserati,Ghibli S,19.0,Midsize Cars
2020,Maserati,Ghibli SQ4,19.0,Midsize Cars
2020,Maserati,Levante,17.0,Standard Sport Utility Vehicle 4WD
2020,Maserati,Levante GTS,15.0,Standard Sport Utility Vehicle 4WD
2020,Maserati,Levante S,17.0,Standard Sport Utility Vehicle 4WD
2020,Maserati,Levante Trofeo,15.0,Standard Sport Utility Vehicle 4WD
2020,Maserati,Quattroporte GTS,17.0,Large Cars
2020,Maserati,Quattroporte S,19.0,Large Cars
2020,Maserati,Quattroporte SQ4,18.0,Large Cars
2020,Mazda,2,34.5,Compact Cars
2020,Mazda,3 4-Door 2WD,30.0,Compact Cars
2020,Mazda,3 4-Door 4WD,28.0,Compact Cars
2020,Mazda,3 5-Door 2WD,29.5,Midsize Cars
2020,Mazda,3 5-Door 4WD,27.0,Midsize Cars
2020,Mazda,6,27.5,Midsize Cars
2020,Mazda,CX-3 2WD,31.0,Compact Cars
2020,Mazda,CX-3 4WD,29.0,Compact Cars
2020,Mazda,CX-30 2WD,28.0,Small Sport Utility Vehicle 2WD
2020,Mazda,CX-30 4WD,26.5,Small Sport Utility Vehicle 4WD
2020,Mazda,CX-5 2WD,28.0,Small Sport Utility Vehicle 2WD
2020,Mazda,CX-5 4WD,25.0,Small Sport Utility Vehicle 4WD
2020,Mazda,CX-9 2WD,24.0,Small Sport Utility Vehicle 2WD
2020,Mazda,CX-9 4WD,23.0,Small Sport Utility Vehicle 4WD
2020,Mazda,MX-5,29.5,Two Seaters
2020,McLaren Automotive,570S Coupe,18.0,Two Seaters
2020,McLaren Automotive,570S Spider,18.0,Two Seaters
2020,McLaren Automotive,600LT Spider,18.0,Two Seaters
2020,McLaren Automotive,620R Coupe,18.0,Two Seaters
2020,McLaren Automotive,720S Coupe,18.0,Two Seaters
2020,McLaren Automotive,720S Spider,18.0,Two Seaters
2020,McLaren Automotive,GT,18.0,Two Seaters
2020,McLaren Automotive,Sabre,18.0,Two Seaters
2020,McLaren Automotive,Speedtail,15.0,Two Seaters
2020,Mercedes-Benz,A220,28.0,Subcompact Cars
2020,Mercedes-Benz,A220 4matic,28.0,Subcompact Cars
2020,Mercedes-Benz,AMG A35 4matic,27.0,Subcompact Cars
2020,Mercedes-Benz,AMG C43 4matic,22.0,Compact Cars
2020,Mercedes-Benz,AMG C43 4matic Convertible,21.0,Subcompact Cars
2020,Mercedes-Benz,AMG C43 4matic Coupe,22.0,Subcompact Cars
2020,Mercedes-Benz,AMG C63,21.0,Compact Cars
2020,Mercedes-Benz,AMG C63 Convertible,20.0,Subcompact Cars
2020,Mercedes-Benz,AMG C63 Coupe,20.0,Subcompact Cars
2020,Mercedes-Benz,AMG C63 S,21.0,Compact Cars
2020,Mercedes-Benz,AMG C63 S Convertible,20.0,Subcompact Cars
2020,Mercedes-Benz,AMG C63 S Coupe,20.0,Subcompact Cars
2020,Mercedes-Benz,AMG CLA35 4matic,25.0,Compact Cars
2020,Mercedes-Benz,AMG CLA45 4matic,23.0,Compact Cars
2020,Mercedes-Benz,AMG CLS53 4matic Plus,23.0,Compact Cars
2020,Mercedes-Benz,AMG E53 4matic Plus,24.0,Midsize Cars
2020,Mercedes-Benz,AMG E53 4matic Plus Convertible,23.0,Subcompact Cars
2020,Mercedes-Benz,AMG E53 4matic Plus Coupe,23.0,Subcompact Cars
2020,Mercedes-Benz,AMG E63 S 4matic Plus,18.0,Midsize Cars
2020,Mercedes-Benz,AMG E63 S 4matic Plus (wagon),19.0,Midsize Station Wagons
2020,Mercedes-Benz,AMG G63,14.0,Standard Sport Utility Vehicle 4WD
2020,Mercedes-Benz,AMG GLC43 4matic,21.0,Small Sport Utility Vehicle 4WD
2020,Mercedes-Benz,AMG GLC43 4matic Coupe,21.0,Small Sport Utility Vehicle 4WD
2020,Mercedes-Benz,AMG GLC63 4matic Plus,18.0,Small Sport Utility Vehicle 4WD
2020,Mercedes-Benz,AMG GLC63 4matic Plus Coupe,18.0,Small Sport Utility Vehicle 4WD
2020,Mercedes-Benz,AMG GLC63 S 4matic Plus Coupe,18.0,Small Sport Utility Vehicle 4WD
2020,Mercedes-Benz,AMG GT 53 4matic Plus,21.0,Compact Cars
2020,Mercedes-Benz,AMG GT 63 4matic Plus,17.0,Compact Cars
2020,Mercedes-Benz,AMG GT 63 S 4matic Plus,17.0,Compact Cars
2020,Mercedes-Benz,AMG GT C Coupe,17.0,Two Seaters
2020,Mercedes-Benz,AMG GT C Roadster,17.0,Two Seaters
2020,Mercedes-Benz,AMG GT Coupe,18.0,Two Seaters
2020,Mercedes-Benz,AMG GT R Coupe,17.0,Two Seaters
2020,Mercedes-Benz,AMG GT R Roadster,17.0,Two Seaters
2020,Mercedes-Benz,AMG GT Roadster,18.0,Two Seaters
2020,Mercedes-Benz,AMG S63 4matic Plus,20.0,Large Cars
2020,Mercedes-Benz,AMG S63 4matic Plus Convertible,18.0,Subcompact Cars
2020,Mercedes-Benz,AMG S63 4matic Plus Coupe,20.0,Compact Cars
2020,Mercedes-Benz,AMG S65,16.0,Large Cars
2020,Mercedes-Benz,AMG SLC43,23.0,Two Seaters
2020,Mercedes-Benz,C300,28.0,Compact Cars
2020,Mercedes-Benz,C300 4matic,26.0,Compact Cars
2020,Mercedes-Benz,C300 4matic Convertible,24.0,Subcompact Cars
2020,Mercedes-Benz,C300 4matic Coupe,25.0,Subcompact Cars
2020,Mercedes-Benz,C300 Convertible,24.0,Subcompact Cars
2020,Mercedes-Benz,C300 Coupe,25.0,Subcompact Cars
2020,Mercedes-Benz,CLA250,28.0,Compact Cars
2020,Mercedes-Benz,CLA250 4matic,27.0,Compact Cars
2020,Mercedes-Benz,CLS450,26.0,Compact Cars
2020,Mercedes-Benz,CLS450 4matic,26.0,Compact Cars
2020,Mercedes-Benz,E350,26.0,Midsize Cars
2020,Mercedes-Benz,E350 4matic,25.0,Midsize Cars
2020,Mercedes-Benz,E450 4matic,23.0,Midsize Cars
2020,Mercedes-Benz,E450 4matic (station wagon),22.0,Midsize Station Wagons
2020,Mercedes-Benz,E450 4matic Convertible,22.0,Subcompact Cars
2020,Mercedes-Benz,E450 4matic Coupe,22.0,Subcompact Cars
2020,Mercedes-Benz,E450 Convertible,23.0,Subcompact Cars
2020,Mercedes-Benz,E450 Coupe,23.0,Subcompact Cars
2020,Mercedes-Benz,G550,14.0,Standard Sport Utility Vehicle 4WD
2020,Mercedes-Benz,GLA250,28.0,Small Sport Utility Vehicle 2WD
2020,Mercedes-Benz,GLA250 4matic,25.0,Small Sport Utility Vehicle 4WD
2020,Mercedes-Benz,GLB250,26.0,Small Sport Utility Vehicle 2WD
2020,Mercedes-Benz,GLB250 4matic,26.0,Small Sport Utility Vehicle 4WD
2020,Mercedes-Benz,GLC300,24.0,Small Sport Utility Vehicle 2WD
2020,Mercedes-Benz,GLC300 4matic,24.0,Small Sport Utility Vehicle 4WD
2020,Mercedes-Benz,GLC300 4matic Coupe,24.0,Small Sport Utility Vehicle 4WD
2020,Mercedes-Benz,GLC350e 4matic,25.0,Small Sport Utility Vehicle 4WD
2020,Mercedes-Benz,GLE350,22.0,Small Sport Utility Vehicle 4WD
2020,Mercedes-Benz,GLE350 4matic,22.0,Small Sport Utility Vehicle 4WD
2020,Mercedes-Benz,GLE450 4matic,21.0,Standard Sport Utility Vehicle 4WD
2020,Mercedes-Benz,GLE580 4matic,19.0,Standard Sport Utility Vehicle 4WD
2020,Mercedes-Benz,GLS450 4matic,21.0,Standard Sport Utility Vehicle 4WD
2020,Mercedes-Benz,GLS580 4matic,18.0,Standard Sport Utility Vehicle 4WD
2020,Mercedes-Benz,Maybach S650,16.0,Large Cars
2020,Mercedes-Benz,Metris (Cargo Van),22.0,Special Purpose Vehicle 2WD
2020,Mercedes-Benz,"Metris (Cargo Van, LWB)",22.0,Special Purpose Vehicle 2WD
2020,Mercedes-Benz,Metris (Passenger Van),21.0,Special Purpose Vehicle 2WD
2020,Mercedes-Benz,S450,22.0,Large Cars
2020,Mercedes-Benz,S450 4matic,22.0,Large Cars
2020,Mercedes-Benz,S560,21.0,Large Cars
2020,Mercedes-Benz,S560 4matic,21.0,Large Cars
2020,Mercedes-Benz,S560 4matic Coupe,20.0,Compact Cars
2020,Mercedes-Benz,S560 4matic Maybach,19.0,Large Cars
2020,Mercedes-Benz,S560 Convertible,20.0,Subcompact Cars
2020,Mercedes-Benz,S560e,23.0,Large Cars
2020,Mercedes-Benz,SL450,22.0,Two Seaters
2020,Mercedes-Benz,SL550,20.0,Two Seaters
2020,Mercedes-Benz,SLC300,27.0,Two Seaters
2020,Mitsubishi,Eclipse Cross 2WD,26.0,Small Sport Utility Vehicle 2WD
2020,Mitsubishi,Eclipse Cross 4WD,25.0,Small Sport Utility Vehicle 4WD
2020,Mitsubishi,Eclipse Cross ES 2WD,27.0,Small Sport Utility Vehicle 2WD
2020,Mitsubishi,Eclipse Cross ES 4WD,26.0,Small Sport Utility Vehicle 4WD
2020,Mitsubishi,Mirage,37.5,Compact Cars
2020,Mitsubishi,Mirage G4,36.0,Compact Cars
2020,Mitsubishi,Outlander 2WD,27.0,Small Sport Utility Vehicle 2WD
2020,Mitsubishi,Outlander 4WD,24.0,Small Sport Utility Vehicle 4WD
2020,Mitsubishi,Outlander PHEV,25.0,Small Sport Utility Vehicle 4WD
2020,Mitsubishi,Outlander Sport 2WD,26.0,Small Sport Utility Vehicle 2WD
2020,Mitsubishi,Outlander Sport 4WD,25.5,Small Sport Utility Vehicle 4WD
2020,Nissan,370Z,21.0,Two Seaters
2020,Nissan,370Z Roadster,21.0,Two Seaters
2020,Nissan,Altima,32.0,Midsize Cars
2020,Nissan,Altima AWD,30.0,Midsize Cars
2020,Nissan,Altima AWD SR/Platinum,29.0,Midsize Cars
2020,Nissan,Altima SR/Platinum,30.0,Midsize Cars
2020,Nissan,Armada 2WD,16.0,Standard Sport Utility Vehicle 2WD
2020,Nissan,Armada 4WD,15.0,Standard Sport Utility Vehicle 4WD
2020,Nissan,Frontier 2WD,20.0,Standard Pickup Trucks 2WD
2020,Nissan,Frontier 4WD,19.0,Standard Pickup Trucks 4WD
2020,Nissan,GT-R,18.0,Subcompact Cars
2020,Nissan,Kicks,33.0,Midsize Cars
2020,Nissan,Leaf (40 kW-hr battery pack),111.0,Midsize Cars
2020,Nissan,Leaf (62 kW-hr battery pack),108.0,Midsize Cars
2020,Nissan,Leaf SV/SL (62 kW-hr battery pack),104.0,Midsize Cars
2020,Nissan,Maxima,24.0,Midsize Cars
2020,Nissan,Murano AWD,23.0,Midsize Station Wagons
2020,Nissan,Murano FWD,23.0,Midsize Station Wagons
2020,Nissan,NV200 Cargo Van,25.0,Special Purpose Vehicle 2WD
2020,Nissan,Pathfinder 2WD,23.0,Small Sport Utility Vehicle 2WD
2020,Nissan,Pathfinder 4WD,22.0,Small Sport Utility Vehicle 4WD
2020,Nissan,Pathfinder 4WD Platinum,21.0,Small Sport Utility Vehicle 4WD
2020,Nissan,Rogue AWD,27.0,Small Sport Utility Vehicle 4WD
2020,Nissan,Rogue FWD,29.0,Small Sport Utility Vehicle 2WD
2020,Nissan,Rogue Sport,28.0,Small Station Wagons
2020,Nissan,Rogue Sport AWD,27.0,Small Station Wagons
2020,Nissan,Sentra,33.0,Midsize Cars
2020,Nissan,Sentra SR,32.0,Midsize Cars
2020,Nissan,Titan 2WD,18.0,Standard Pickup Trucks 2WD
2020,Nissan,Titan 4WD,18.0,Standard Pickup Trucks 4WD
2020,Nissan,Titan 4WD PRO4X,17.0,Standard Pickup Trucks 4WD
2020,Nissan,Versa,32.5,Compact Cars
2020,Pagani,Huayra Roadster BC,12.0,Two Seaters
2020,Polestar,1,26.0,Minicompact Cars
2020,Porsche,718 Cayman GT4,19.0,Two Seaters
2020,Porsche,718 Spyder,19.0,Two Seaters
2020,Porsche,911 Carrera,20.0,Minicompact Cars
2020,Porsche,911 Carrera 4,20.0,Minicompact Cars
2020,Porsche,911 Carrera 4 Cabriolet,20.0,Minicompact Cars
2020,Porsche,911 Carrera 4S,20.0,Minicompact Cars
2020,Porsche,911 Carrera 4S Cabriolet,20.0,Minicompact Cars
2020,Porsche,911 Carrera Cabriolet,20.0,Minicompact Cars
2020,Porsche,911 Carrera S,20.0,Minicompact Cars
2020,Porsche,911 Carrera S Cabriolet,20.0,Minicompact Cars
2020,Porsche,Boxster,23.0,Two Seaters
2020,Porsche,Boxster S,21.5,Two Seaters
2020,Porsche,Boxster T,22.5,Two Seaters
2020,Porsche,Cayenne,20.0,Standard Sport Utility Vehicle 4WD
2020,Porsche,Cayenne Coupe,20.0,Standard Sport Utility Vehicle 4WD
2020,Porsche,Cayenne S,20.0,Standard Sport Utility Vehicle 4WD
2020,Porsche,Cayenne S Coupe,19.0,Standard Sport Utility Vehicle 4WD
2020,Porsche,Cayenne Turbo,17.0,Standard Sport Utility Vehicle 4WD
2020,Porsche,Cayenne Turbo Coupe,17.0,Standard Sport Utility Vehicle 4WD
2020,Porsche,Cayenne Turbo S e-Hybrid,18.0,Standard Sport Utility Vehicle 4WD
2020,Porsche,Cayenne Turbo S e-Hybrid Coupe,18.0,Standard Sport Utility Vehicle 4WD
2020,Porsche,Cayenne e-Hybrid,21.0,Standard Sport Utility Vehicle 4WD
2020,Porsche,Cayenne e-Hybrid Coupe,21.0,Standard Sport Utility Vehicle 4WD
2020,Porsche,Cayman,23.0,Two Seaters
2020,Porsche,Cayman S,21.5,Two Seaters
2020,Porsche,Cayman T,22.5,Two Seaters
2020,Porsche,Macan,21.0,Small Sport Utility Vehicle 4WD
2020,Porsche,Macan GTS,19.0,Small Sport Utility Vehicle 4WD
2020,Porsche,Macan S,20.0,Small Sport Utility Vehicle 4WD
2020,Porsche,Macan Turbo,19.0,Small Sport Utility Vehicle 4WD
2020,Porsche,Panamera,22.0,Large Cars
2020,Porsche,Panamera 4,22.0,Large Cars
2020,Porsche,Panamera 4 Executive,22.0,Large Cars
2020,Porsche,Panamera 4 ST,22.0,Large Cars
2020,Porsche,Panamera 4 e-Hybrid,23.0,Large Cars
2020,Porsche,Panamera 4 e-Hybrid Executive,23.0,Large Cars
2020,Porsche,Panamera 4 e-Hybrid ST,23.0,Large Cars
2020,Porsche,Panamera 4S,21.0,Large Cars
2020,Porsche,Panamera 4S Executive,21.0,Large Cars
2020,Porsche,Panamera 4S ST,20.0,Large Cars
2020,Porsche,Panamera GTS,19.0,Large Cars
2020,Porsche,Panamera GTS ST,18.0,Large Cars
2020,Porsche,Panamera Turbo,21.0,Large Cars
2020,Porsche,Panamera Turbo Exec,21.0,Large Cars
2020,Porsche,Panamera Turbo S e-Hybrid,20.0,Large Cars
2020,Porsche,Panamera Turbo S e-Hybrid Executive,20.0,Large Cars
2020,Porsche,Panamera Turbo S e-Hybrid ST,20.0,Large Cars
2020,Porsche,Panamera Turbo ST,20.0,Large Cars
2020,Porsche,Taycan 4S Perf Battery Plus,69.0,Large Cars
2020,Porsche,Taycan Turbo,69.0,Large Cars
2020,Porsche,Taycan Turbo S,68.0,Large Cars
2020,RUF Automobile,TURBO12/CTR3/CTR ANNIVERSARY,18.0,Two Seaters
2020,Ram,1500 2WD,20.5,Standard Pickup Trucks 2WD
2020,Ram,1500 4WD,20.0,Standard Pickup Trucks 4WD
2020,Ram,1500 Classic 2WD,18.5,Standard Pickup Trucks 2WD
2020,Ram,1500 Classic 4WD,18.0,Standard Pickup Trucks 4WD
2020,Ram,1500 HFE 2WD,23.0,Standard Pickup Trucks 2WD
2020,Ram,Promaster City,24.0,Special Purpose Vehicle 2WD
2020,Rolls-Royce,Cullinan,14.0,Midsize Station Wagons
2020,Rolls-Royce,Cullinan Black Badge,14.0,Midsize Station Wagons
2020,Rolls-Royce,Dawn,14.0,Compact Cars
2020,Rolls-Royce,Dawn Black Badge,14.0,Compact Cars
2020,Rolls-Royce,Ghost,14.0,Large Cars
2020,Rolls-Royce,Ghost Black Badge,14.0,Large Cars
2020,Rolls-Royce,Ghost EWB,14.0,Large Cars
2020,Rolls-Royce,Phantom,14.0,Large Cars
2020,Rolls-Royce,Phantom EWB,14.0,Large Cars
2020,Rolls-Royce,Wraith,14.0,Midsize Cars
2020,Rolls-Royce,Wraith Black Badge,14.0,Midsize Cars
2020,Roush Performance,F150 Pickup 2WD,13.0,Standard Pickup Trucks 2WD
2020,Roush Performance,F150 Pickup 4WD,13.0,Standard Pickup Trucks 4WD
2020,Roush Performance,Stage 3 Mustang,14.5,Subcompact Cars
2020,Subaru,Ascent,23.0,Standard Sport Utility Vehicle 4WD
2020,Subaru,Ascent Limited/Touring,22.0,Standard Sport Utility Vehicle 4WD
2020,Subaru,BRZ,25.5,Minicompact Cars
2020,Subaru,BRZ tS,23.0,Minicompact Cars
2020,Subaru,Crosstrek AWD,27.5,Small Sport Utility Vehicle 4WD
2020,Subaru,Crosstrek Hybrid AWD,35.0,Small Sport Utility Vehicle 4WD
2020,Subaru,Forester AWD,29.0,Small Sport Utility Vehicle 4WD
2020,Subaru,Impreza 4-Door,28.5,Midsize Cars
2020,Subaru,Impreza 5-Door,28.5,Small Station Wagons
2020,Subaru,Impreza Sport 4-Door,28.0,Midsize Cars
2020,Subaru,Impreza Sport 5-Door,27.5,Small Station Wagons
2020,Subaru,Legacy AWD,28.5,Large Cars
2020,Subaru,Outback AWD,27.5,Small Sport Utility Vehicle 4WD
2020,Subaru,WRX,21.0,Compact Cars
2020,Tesla,Model 3 Long Range,130.0,Midsize Cars
2020,Tesla,Model 3 Long Range AWD,121.0,Midsize Cars
2020,Tesla,Model 3 Long Range Performance AWD (18in),121.0,Midsize Cars
2020,Tesla,Model 3 Long Range Performance AWD (19in),116.0,Midsize Cars
2020,Tesla,Model 3 Long Range Performance AWD (20in),113.0,Midsize Cars
2020,Tesla,Model 3 Mid Range,123.0,Midsize Cars
2020,Tesla,Model 3 Standard Range,131.0,Midsize Cars
2020,Tesla,Model 3 Standard Range Plus,141.0,Midsize Cars
2020,Tesla,Model S Long Range,111.0,Large Cars
2020,Tesla,Model S Long Range Plus,117.0,Large Cars
2020,Tesla,Model S Performance (19in Wheels),104.0,Large Cars
2020,Tesla,Model S Performance (21in Wheels),97.0,Large Cars
2020,Tesla,Model S Standard Range,109.0,Large Cars
2020,Tesla,Model X Long Range,96.0,Standard Sport Utility Vehicle 4WD
2020,Tesla,Model X Long Range Plus,105.0,Standard Sport Utility Vehicle 4WD
2020,Tesla,Model X Performance (20in Wheels),90.0,Standard Sport Utility Vehicle 4WD
2020,Tesla,Model X Performance (22in Wheels),79.0,Standard Sport Utility Vehicle 4WD
2020,Tesla,Model X Standard Range,101.0,Standard Sport Utility Vehicle 4WD
2020,Tesla,Model Y Long Range AWD,121.0,Small Sport Utility Vehicle 4WD
2020,Tesla,Model Y Performance AWD,121.0,Small Sport Utility Vehicle 4WD
2020,Tesla,Model Y Performance AWD (21in Wheels),111.0,Small Sport Utility Vehicle 4WD
2020,Toyota,4Runner 2WD,17.0,Standard Sport Utility Vehicle 2WD
2020,Toyota,4Runner 4WD,17.0,Standard Sport Utility Vehicle 4WD
2020,Toyota,86,25.5,Minicompact Cars
2020,Toyota,Avalon,25.0,Midsize Cars
2020,Toyota,Avalon Hybrid,43.0,Midsize Cars
2020,Toyota,Avalon Hybrid XLE,44.0,Midsize Cars
2020,Toyota,Avalon XLE,26.0,Midsize Cars
2020,Toyota,C-HR,29.0,Compact Cars
2020,Toyota,Camry,30.0,Midsize Cars
2020,Toyota,Camry AWD LE/SE,29.0,Midsize Cars
2020,Toyota,Camry AWD XLE/XSE,28.0,Midsize Cars
2020,Toyota,Camry Hybrid LE,52.0,Midsize Cars
2020,Toyota,Camry Hybrid XLE/SE,46.0,Midsize Cars
2020,Toyota,Camry LE/SE,32.0,Midsize Cars
2020,Toyota,Camry TRD,25.0,Midsize Cars
2020,Toyota,Camry XLE/XSE,31.0,Midsize Cars
2020,Toyota,Camry XSE,26.0,Midsize Cars
2020,Toyota,Corolla,33.0,Compact Cars
2020,Toyota,Corolla Hatchback,33.0,Compact Cars
2020,Toyota,Corolla Hatchback XSE,33.0,Compact Cars
2020,Toyota,Corolla Hybrid,52.0,Compact Cars
2020,Toyota,Corolla XLE,32.0,Compact Cars
2020,Toyota,Corolla XSE,34.0,Compact Cars
2020,Toyota,GR Supra,26.0,Two Seaters
2020,Toyota,Highlander,23.5,Small Sport Utility Vehicle 2WD
2020,Toyota,Highlander AWD,23.0,Small Sport Utility Vehicle 4WD
2020,Toyota,Highlander Hybrid,36.0,Small Sport Utility Vehicle 2WD
2020,Toyota,Highlander Hybrid AWD,35.0,Standard Sport Utility Vehicle 4WD
2020,Toyota,Highlander Hybrid AWD LTD/PLAT,35.0,Standard Sport Utility Vehicle 4WD
2020,Toyota,Land Cruiser Wagon 4WD,14.0,Standard Sport Utility Vehicle 4WD
2020,Toyota,Mirai,67.0,Subcompact Cars
2020,Toyota,Prius,52.0,Midsize Cars
2020,Toyota,Prius AWD,50.0,Midsize Cars
2020,Toyota,Prius Eco,56.0,Midsize Cars
2020,Toyota,Prius Prime,54.0,Midsize Cars
2020,Toyota,Prius c,46.0,Compact Cars
2020,Toyota,RAV4,30.0,Small Sport Utility Vehicle 2WD
2020,Toyota,RAV4 AWD,28.5,Small Sport Utility Vehicle 4WD
2020,Toyota,RAV4 AWD LE,30.0,Small Sport Utility Vehicle 4WD
2020,Toyota,RAV4 AWD TRD OFFROAD,27.0,Small Sport Utility Vehicle 4WD
2020,Toyota,RAV4 Hybrid AWD,40.0,Small Sport Utility Vehicle 4WD
2020,Toyota,Sequoia 2WD,15.0,Standard Sport Utility Vehicle 2WD
2020,Toyota,Sequoia 4WD,14.0,Standard Sport Utility Vehicle 4WD
2020,Toyota,Sienna 2WD,21.0,Minivan - 2WD
2020,Toyota,Sienna AWD,20.0,Minivan - 4WD
2020,Toyota,Tacoma 2WD,21.0,Small Pickup Trucks 2WD
2020,Toyota,Tacoma 4WD,20.0,Small Pickup Trucks 4WD
2020,Toyota,Tacoma 4WD D-CAB MT TRD-ORP/PRO,18.0,Small Pickup Trucks 4WD
2020,Toyota,Tundra 2WD,15.0,Standard Pickup Trucks 2WD
2020,Toyota,Tundra 4WD,14.0,Standard Pickup Trucks 4WD
2020,Toyota,Yaris,34.5,Compact Cars
2020,Volkswagen,Arteon,25.0,Large Cars
2020,Volkswagen,Arteon 4motion,23.0,Large Cars
2020,Volkswagen,Atlas,20.5,Small Sport Utility Vehicle 2WD
2020,Volkswagen,Atlas 4motion,19.0,Standard Sport Utility Vehicle 4WD
2020,Volkswagen,Atlas Cross Sport,20.5,Small Sport Utility Vehicle 2WD
2020,Volkswagen,Atlas Cross Sport 4motion,19.5,Small Sport Utility Vehicle 4WD
2020,Volkswagen,GTI,27.0,Compact Cars
2020,Volkswagen,Golf,31.5,Compact Cars
2020,Volkswagen,Jetta,31.0,Compact Cars
2020,Volkswagen,Passat,27.0,Midsize Cars
2020,Volkswagen,Tiguan,25.0,Small Sport Utility Vehicle 2WD
2020,Volkswagen,Tiguan 4motion,23.0,Small Sport Utility Vehicle 4WD
2020,Volvo,S60 AWD,25.0,Compact Cars
2020,Volvo,S60 AWD PHEV,30.0,Compact Cars
2020,Volvo,S60 FWD,27.0,Compact Cars
2020,Volvo,S90 AWD,25.0,Midsize Cars
2020,Volvo,S90 AWD PHEV,30.0,Midsize Cars
2020,Volvo,V60 AWD PHEV,30.0,Small Station Wagons
2020,Volvo,V60 CC AWD,25.0,Small Station Wagons
2020,Volvo,V60 FWD,27.0,Small Station Wagons
2020,Volvo,V90 AWD,25.0,Midsize Station Wagons
2020,Volvo,V90 CC AWD,24.0,Midsize Station Wagons
2020,Volvo,V90 FWD,26.0,Midsize Station Wagons
2020,Volvo,XC40 AWD,25.0,Small Sport Utility Vehicle 4WD
2020,Volvo,XC40 FWD,27.0,Small Sport Utility Vehicle 2WD
2020,Volvo,XC60 AWD,23.0,Small Sport Utility Vehicle 4WD
2020,Volvo,XC60 AWD PHEV,27.0,Small Sport Utility Vehicle 4WD
2020,Volvo,XC60 FWD,24.0,Small Sport Utility Vehicle 2WD
2020,Volvo,XC90 AWD,22.0,Standard Sport Utility Vehicle 4WD
2020,Volvo,XC90 AWD PHEV,27.0,Standard Sport Utility Vehicle 4WD
2020,Volvo,XC90 FWD,25.0,Standard Sport Utility Vehicle 2WD
2021,Acura,ILX,28.0,Compact Cars
2021,Acura,NSX Hybrid,21.0,Two Seaters
2021,Acura,RDX AWD,23.0,Small Sport Utility Vehicle 4WD
2021,Acura,RDX AWD A-SPEC,23.0,Small Sport Utility Vehicle 4WD
2021,Acura,RDX FWD,24.0,Small Sport Utility Vehicle 2WD
2021,Acura,RDX FWD A-SPEC,24.0,Small Sport Utility Vehicle 2WD
2021,Acura,TLX AWD,24.0,Compact Cars
2021,Acura,TLX AWD A-SPEC,24.0,Compact Cars
2021,Acura,TLX FWD,25.0,Compact Cars
2021,Acura,TLX FWD A-SPEC,25.0,Compact Cars
2021,Acura,TLX Type-S,21.0,Compact Cars
2021,Acura,TLX Type-S Perf Tire,21.0,Compact Cars
2021,Alfa Romeo,Giulia,23.5,Midsize Cars
2021,Alfa Romeo,Giulia AWD,26.0,Midsize Cars
2021,Alfa Romeo,Stelvio,25.0,Small Sport Utility Vehicle 2WD
2021,Alfa Romeo,Stelvio AWD,21.5,Small Sport Utility Vehicle 4WD
2021,Aston Martin,DB11 V12,18.0,Minicompact Cars
2021,Aston Martin,DB11 V8,20.0,Minicompact Cars
2021,Aston Martin,DBS,17.0,Minicompact Cars
2021,Aston Martin,DBX V8,15.0,Standard Sport Utility Vehicle 4WD
2021,Aston Martin,Vantage Manual,17.0,Two Seaters
2021,Aston Martin,Vantage V8,20.0,Two Seaters
2021,Audi,A4 S line quattro,27.0,Compact Cars
2021,Audi,A4 allroad quattro,26.0,Small Station Wagons
2021,Audi,A4 quattro,28.0,Compact Cars
2021,Audi,A5 Cabriolet quattro,26.0,Subcompact Cars
2021,Audi,A5 Sportback S line quattro,27.0,Midsize Cars
2021,Audi,A5 Sportback quattro,28.0,Midsize Cars
2021,Audi,A5 quattro,27.0,Subcompact Cars
2021,Audi,A6 Allroad,22.0,Midsize Station Wagons
2021,Audi,A6 quattro,25.0,Midsize Cars
2021,Audi,A7 quattro,26.5,Midsize Cars
2021,Audi,A8 L,21.0,Large Cars
2021,Audi,Q3 S-line quattro,23.0,Small Sport Utility Vehicle 4WD
2021,Audi,Q3 quattro,25.0,Small Sport Utility Vehicle 4WD
2021,Audi,Q5,26.0,Small Sport Utility Vehicle 4WD
2021,Audi,Q5 Sportback,25.0,Small Sport Utility Vehicle 4WD
2021,Audi,Q7,20.5,Standard Sport Utility Vehicle 4WD
2021,Audi,Q8,20.0,Standard Sport Utility Vehicle 4WD
2021,Audi,R8,16.0,Two Seaters
2021,Audi,R8 2WD,17.0,Two Seaters
2021,Audi,R8 Spyder,16.0,Two Seaters
2021,Audi,R8 Spyder 2WD,17.0,Two Seaters
2021,Audi,RS 5,20.0,Subcompact Cars
2021,Audi,RS 5 Sportback,21.0,Midsize Cars
2021,Audi,RS 6 Avant,17.0,Midsize Station Wagons
2021,Audi,RS 7,17.0,Midsize Cars
2021,Audi,RS Q8,15.0,Standard Sport Utility Vehicle 4WD
2021,Audi,S4,23.0,Compact Cars
2021,Audi,S5,23.0,Subcompact Cars
2021,Audi,S5 Cabriolet,22.0,Subcompact Cars
2021,Audi,S5 Sportback,23.0,Midsize Cars
2021,Audi,S6,22.0,Midsize Cars
2021,Audi,S7,22.0,Midsize Cars
2021,Audi,S8,16.0,Large Cars
2021,Audi,SQ5,20.0,Small Sport Utility Vehicle 4WD
2021,Audi,SQ5 Sportback,20.0,Small Sport Utility Vehicle 4WD
2021,Audi,SQ7,17.0,Standard Sport Utility Vehicle 4WD
2021,Audi,SQ8,17.0,Standard Sport Utility Vehicle 4WD
2021,Audi,TT Coupe quattro,26.0,Subcompact Cars
2021,Audi,TT RS,24.0,Subcompact Cars
2021,Audi,TT Roadster quattro,26.0,Two Seaters
2021,Audi,TTS Coupe,25.0,Subcompact Cars
2021,Audi,e-tron,78.0,Standard Sport Utility Vehicle 4WD
2021,Audi,e-tron Sportback,77.0,Standard Sport Utility Vehicle 4WD
2021,BMW,228i Gran Coupe,28.0,Compact Cars
2021,BMW,228i xDrive Gran Coupe,27.0,Compact Cars
2021,BMW,230i Convertible,27.0,Subcompact Cars
2021,BMW,230i Coupe,26.5,Subcompact Cars
2021,BMW,230i xDrive Convertible,24.0,Subcompact Cars
2021,BMW,230i xDrive Coupe,24.0,Subcompact Cars
2021,BMW,330e,28.0,Compact Cars
2021,BMW,330e xDrive,25.0,Compact Cars
2021,BMW,330i,30.0,Compact Cars
2021,BMW,330i xDrive,28.0,Compact Cars
2021,BMW,430i Convertible,27.0,Subcompact Cars
2021,BMW,430i Coupe,29.0,Subcompact Cars
2021,BMW,430i xDrive Coupe,27.0,Subcompact Cars
2021,BMW,530e,26.0,Compact Cars
2021,BMW,530e xDrive,25.0,Compact Cars
2021,BMW,530i,28.0,Midsize Cars
2021,BMW,530i xDrive,27.0,Midsize Cars
2021,BMW,540i,27.0,Midsize Cars
2021,BMW,540i xDrive,26.0,Midsize Cars
2021,BMW,740i,25.0,Large Cars
2021,BMW,740i xDrive,23.0,Large Cars
2021,BMW,745e xDrive,22.0,Large Cars
2021,BMW,750i xDrive,19.0,Large Cars
2021,BMW,840i Convertible,25.0,Subcompact Cars
2021,BMW,840i Coupe,25.0,Subcompact Cars
2021,BMW,840i Gran Coupe,25.0,Midsize Cars
2021,BMW,840i xDrive Convertible,23.0,Subcompact Cars
2021,BMW,840i xDrive Coupe,23.0,Subcompact Cars
2021,BMW,840i xDrive Gran Coupe,23.0,Midsize Cars
2021,BMW,Alpina B7,19.0,Large Cars
2021,BMW,Alpina XB7,17.0,Standard Sport Utility Vehicle 4WD
2021,BMW,M2 Competition Coupe,19.5,Subcompact Cars
2021,BMW,M235i xDrive Gran Coupe,26.0,Compact Cars
2021,BMW,M240i Convertible,22.5,Subcompact Cars
2021,BMW,M240i Coupe,22.5,Subcompact Cars
2021,BMW,M240i xDrive Convertible,24.0,Subcompact Cars
2021,BMW,M240i xDrive Coupe,24.0,Subcompact Cars
2021,BMW,M3,19.0,Compact Cars
2021,BMW,M3 Competition,19.0,Compact Cars
2021,BMW,M340i,26.0,Compact Cars
2021,BMW,M340i xDrive,25.0,Compact Cars
2021,BMW,M4 Competition Coupe,19.0,Subcompact Cars
2021,BMW,M4 Coupe,19.0,Subcompact Cars
2021,BMW,M440i Convertible,26.0,Subcompact Cars
2021,BMW,M440i xDrive Coupe,25.0,Subcompact Cars
2021,BMW,M5,17.0,Midsize Cars
2021,BMW,M5 Competition,17.0,Midsize Cars
2021,BMW,M550i xDrive,20.0,Midsize Cars
2021,BMW,M760i xDrive,16.0,Large Cars
2021,BMW,M8 Competition Convertible,17.0,Subcompact Cars
2021,BMW,M8 Competition Gran Coupe,17.0,Midsize Cars
2021,BMW,M8 Convertible,17.0,Subcompact Cars
2021,BMW,M8 Gran Coupe,17.0,Midsize Cars
2021,BMW,M850i xDrive Convertible,19.0,Subcompact Cars
2021,BMW,M850i xDrive Coupe,20.0,Subcompact Cars
2021,BMW,M850i xDrive Gran Coupe,19.0,Midsize Cars
2021,BMW,X1 sDrive28i,27.0,Large Cars
2021,BMW,X1 xDrive28i,26.0,Large Cars
2021,BMW,X2 M35i,26.0,Midsize Cars
2021,BMW,X2 sDrive28i,27.0,Midsize Cars
2021,BMW,X2 xDrive28i,27.0,Midsize Cars
2021,BMW,X3 M,16.0,Small Sport Utility Vehicle 4WD
2021,BMW,X3 M Competition,16.0,Small Sport Utility Vehicle 4WD
2021,BMW,X3 M40i,23.0,Small Sport Utility Vehicle 4WD
2021,BMW,X3 sDrive30i,27.0,Small Sport Utility Vehicle 2WD
2021,BMW,X3 xDrive30e,24.0,Small Sport Utility Vehicle 4WD
2021,BMW,X3 xDrive30i,25.0,Small Sport Utility Vehicle 4WD
2021,BMW,X4 M,16.0,Small Sport Utility Vehicle 4WD
2021,BMW,X4 M Competition,16.0,Small Sport Utility Vehicle 4WD
2021,BMW,X4 M40i,23.0,Small Sport Utility Vehicle 4WD
2021,BMW,X4 xDrive30i,25.0,Small Sport Utility Vehicle 4WD
2021,BMW,X5 M,15.0,Standard Sport Utility Vehicle 4WD
2021,BMW,X5 M Competition,15.0,Standard Sport Utility Vehicle 4WD
2021,BMW,X5 M50i,18.0,Standard Sport Utility Vehicle 4WD
2021,BMW,X5 sDrive40i,23.0,Standard Sport Utility Vehicle 2WD
2021,BMW,X5 xDrive40i,23.0,Standard Sport Utility Vehicle 4WD
2021,BMW,X5 xDrive45e,20.0,Standard Sport Utility Vehicle 4WD
2021,BMW,X6 M,15.0,Standard Sport Utility Vehicle 4WD
2021,BMW,X6 M Competition,15.0,Standard Sport Utility Vehicle 4WD
2021,BMW,X6 M50i,18.0,Standard Sport Utility Vehicle 4WD
2021,BMW,X6 sDrive40i,23.0,Standard Sport Utility Vehicle 2WD
2021,BMW,X6 xDrive40i,23.0,Standard Sport Utility Vehicle 4WD
2021,BMW,X7 M50i,17.0,Standard Sport Utility Vehicle 4WD
2021,BMW,X7 xDrive40i,21.0,Standard Sport Utility Vehicle 4WD
2021,BMW,Z4 M40i,25.0,Two Seaters
2021,BMW,Z4 sDrive30i,28.0,Two Seaters
2021,BMW,i3,113.0,Subcompact Cars
2021,BMW,i3 with Range Extender,31.0,Subcompact Cars
2021,BMW,i3s,113.0,Subcompact Cars
2021,BMW,i3s with Range Extender,31.0,Subcompact Cars
2021,Bentley,Bentayga,18.0,Standard Sport Utility Vehicle 4WD
2021,Bentley,Continental GT,17.0,Subcompact Cars
2021,Bentley,Continental GT Convertible,17.0,Minicompact Cars
2021,Bentley,Flying Spur,16.0,Midsize Cars
2021,Bugatti,Chiron,11.0,Two Seaters
2021,Bugatti,Chiron Pur Sport,10.0,Two Seaters
2021,Buick,Enclave AWD,20.0,Standard Sport Utility Vehicle 4WD
2021,Buick,Enclave FWD,21.0,Standard Sport Utility Vehicle 2WD
2021,Buick,Encore AWD,26.0,Small Sport Utility Vehicle 4WD
2021,Buick,Encore FWD,27.0,Small Sport Utility Vehicle 2WD
2021,Buick,Encore GX AWD,28.0,Small Sport Utility Vehicle 4WD
2021,Buick,Encore GX FWD,30.0,Small Sport Utility Vehicle 2WD
2021,Buick,Envision AWD,25.0,Small Sport Utility Vehicle 4WD
2021,Buick,Envision FWD,26.0,Small Sport Utility Vehicle 2WD
2021,Cadillac,CT4,26.0,Compact Cars
2021,Cadillac,CT4 AWD,25.0,Compact Cars
2021,Cadillac,CT4 V,23.0,Compact Cars
2021,Cadillac,CT4 V AWD,23.0,Compact Cars
2021,Cadillac,CT5,24.0,Midsize Cars
2021,Cadillac,CT5 AWD,23.0,Midsize Cars
2021,Cadillac,CT5 V,21.0,Midsize Cars
2021,Cadillac,CT5 V AWD,21.0,Midsize Cars
2021,Cadillac,Escalade 2WD,17.0,Standard Sport Utility Vehicle 2WD
2021,Cadillac,Escalade 4WD,16.0,Standard Sport Utility Vehicle 4WD
2021,Cadillac,XT4 AWD,24.0,Small Sport Utility Vehicle 4WD
2021,Cadillac,XT4 FWD,26.0,Small Sport Utility Vehicle 2WD
2021,Cadillac,XT5 AWD,22.0,Small Sport Utility Vehicle 4WD
2021,Cadillac,XT5 FWD,22.5,Small Sport Utility Vehicle 2WD
2021,Cadillac,XT5 Hearse AWD,21.0,Special Purpose Vehicle 4WD
2021,Cadillac,XT5 Hearse FWD,21.0,Special Purpose Vehicle 2WD
2021,Cadillac,XT5 Limo AWD,21.0,Special Purpose Vehicle 4WD
2021,Cadillac,XT5 Limo FWD,21.0,Special Purpose Vehicle 2WD
2021,Cadillac,XT6 AWD,22.0,Small Sport Utility Vehicle 4WD
2021,Cadillac,XT6 FWD,22.0,Small Sport Utility Vehicle 2WD
2021,Chevrolet,Blazer AWD,22.5,Small Sport Utility Vehicle 4WD
2021,Chevrolet,Blazer FWD,23.0,Small Sport Utility Vehicle 2WD
2021,Chevrolet,Bolt EV,118.0,Small Station Wagons
2021,Chevrolet,Camaro,20.0,Subcompact Cars
2021,Chevrolet,Colorado 2WD,22.0,Small Pickup Trucks 2WD
2021,Chevrolet,Colorado 4WD,21.0,Small Pickup Trucks 4WD
2021,Chevrolet,Colorado ZR2 4WD,18.0,Small Pickup Trucks 4WD
2021,Chevrolet,Corvette,19.0,Two Seaters
2021,Chevrolet,Equinox AWD,27.0,Small Sport Utility Vehicle 4WD
2021,Chevrolet,Equinox FWD,28.0,Small Sport Utility Vehicle 2WD
2021,Chevrolet,Malibu,29.0,Midsize Cars
2021,Chevrolet,Silverado 2WD,17.0,Standard Pickup Trucks 2WD
2021,Chevrolet,Silverado 4WD,18.0,Standard Pickup Trucks 4WD
2021,Chevrolet,Silverado 4WD TrailBoss,16.5,Standard Pickup Trucks 4WD
2021,Chevrolet,Silverado Cab Chassis 2WD,15.0,Special Purpose Vehicle 2WD
2021,Chevrolet,Silverado Cab Chassis 4WD,15.0,Special Purpose Vehicle 4WD
2021,Chevrolet,Spark,33.0,Subcompact Cars
2021,Chevrolet,Spark ACTIV,32.5,Subcompact Cars
2021,Chevrolet,Suburban 2WD,17.0,Standard Sport Utility Vehicle 2WD
2021,Chevrolet,Suburban 4WD,16.0,Standard Sport Utility Vehicle 4WD
2021,Chevrolet,Tahoe 2WD,17.0,Standard Sport Utility Vehicle 2WD
2021,Chevrolet,Tahoe 4WD,17.0,Standard Sport Utility Vehicle 4WD
2021,Chevrolet,Trailblazer AWD,28.0,Small Sport Utility Vehicle 4WD
2021,Chevrolet,Trailblazer FWD,30.0,Small Sport Utility Vehicle 2WD
2021,Chevrolet,Traverse AWD,20.0,Standard Sport Utility Vehicle 4WD
2021,Chevrolet,Traverse FWD,21.0,Standard Sport Utility Vehicle 2WD
2021,Chevrolet,Trax AWD,26.0,Small Sport Utility Vehicle 4WD
2021,Chevrolet,Trax FWD,27.5,Small Sport Utility Vehicle 2WD
2021,Chrysler,300,21.0,Large Cars
2021,Chrysler,300 AWD,21.0,Large Cars
2021,Chrysler,Pacifica,22.0,Minivan - 2WD
2021,Chrysler,Pacifica AWD,20.0,Minivan - 4WD
2021,Chrysler,Pacifica Hybrid,30.0,Minivan - 2WD
2021,Chrysler,Voyager,22.0,Minivan - 2WD
2021,Dodge,Challenger,18.0,Midsize Cars
2021,Dodge,Challenger AWD,21.0,Midsize Cars
2021,Dodge,Challenger SRT,16.0,Midsize Cars
2021,Dodge,Challenger SRT Widebody,15.5,Midsize Cars
2021,Dodge,Challenger Widebody,17.5,Midsize Cars
2021,Dodge,Charger,19.0,Large Cars
2021,Dodge,Charger AWD,21.0,Large Cars
2021,Dodge,Charger SRT Widebody,15.0,Large Cars
2021,Dodge,Charger Widebody,18.0,Large Cars
2021,Dodge,Durango AWD,19.0,Standard Sport Utility Vehicle 4WD
2021,Dodge,Durango RWD,19.0,Standard Sport Utility Vehicle 2WD
2021,Dodge,Durango SRT AWD,14.0,Standard Sport Utility Vehicle 4WD
2021,Ferrari,812 GTS,13.0,Two Seaters
2021,Ferrari,812 Superfast,13.0,Two Seaters
2021,Ferrari,F8 Spider,16.0,Two Seaters
2021,Ferrari,F8 Tributo,16.0,Two Seaters
2021,Ferrari,Portofino,18.0,Minicompact Cars
2021,Ferrari,Portofino M,19.0,Minicompact Cars
2021,Ferrari,Roma,19.0,Subcompact Cars
2021,Ferrari,SF90 Stradale Coupe,18.0,Two Seaters
2021,Fiat,500X AWD,26.0,Small Sport Utility Vehicle 4WD
2021,Ford,Bronco 4WD,21.0,Small Sport Utility Vehicle 4WD
2021,Ford,Bronco Badlands 4WD,17.0,Small Sport Utility Vehicle 4WD
2021,Ford,Bronco Black Diamond 4WD,18.0,Small Sport Utility Vehicle 4WD
2021,Ford,Bronco Sasquatch 4WD,17.5,Small Sport Utility Vehicle 4WD
2021,Ford,Bronco Sport 4WD,24.5,Small Sport Utility Vehicle 4WD
2021,Ford,EcoSport AWD,25.0,Small Sport Utility Vehicle 4WD
2021,Ford,EcoSport FWD,28.0,Small Sport Utility Vehicle 2WD
2021,Ford,Edge AWD,23.0,Small Sport Utility Vehicle 4WD
2021,Ford,Edge FWD,24.0,Small Sport Utility Vehicle 2WD
2021,Ford,Escape AWD,27.0,Small Sport Utility Vehicle 4WD
2021,Ford,Escape AWD HEV,40.0,Small Sport Utility Vehicle 4WD
2021,Ford,Escape FWD,30.0,Small Sport Utility Vehicle 2WD
2021,Ford,Escape FWD HEV,41.0,Small Sport Utility Vehicle 2WD
2021,Ford,Escape FWD PHEV,40.0,Small Sport Utility Vehicle 2WD
2021,Ford,Expedition 2WD,19.0,Standard Sport Utility Vehicle 2WD
2021,Ford,Expedition 4WD,19.0,Standard Sport Utility Vehicle 4WD
2021,Ford,Expedition MAX 2WD,19.0,Standard Sport Utility Vehicle 2WD
2021,Ford,Expedition MAX 4WD,18.0,Standard Sport Utility Vehicle 4WD
2021,Ford,Explorer AWD,23.0,Standard Sport Utility Vehicle 4WD
2021,Ford,Explorer FFV AWD,19.0,Standard Sport Utility Vehicle 4WD
2021,Ford,Explorer HEV AWD,25.0,Standard Sport Utility Vehicle 4WD
2021,Ford,Explorer HEV RWD,27.0,Standard Sport Utility Vehicle 2WD
2021,Ford,Explorer RWD,24.0,Standard Sport Utility Vehicle 2WD
2021,Ford,Explorer Timberline AWD,21.0,Standard Sport Utility Vehicle 4WD
2021,Ford,F150 Pickup 2WD,20.0,Standard Pickup Trucks 2WD
2021,Ford,F150 Pickup 2WD FFV,20.0,Standard Pickup Trucks 2WD
2021,Ford,F150 Pickup 2WD HEV,25.0,Standard Pickup Trucks 2WD
2021,Ford,F150 Pickup 4WD,20.0,Standard Pickup Trucks 4WD
2021,Ford,F150 Pickup 4WD FFV,19.0,Standard Pickup Trucks 4WD
2021,Ford,F150 Pickup 4WD HEV,24.0,Standard Pickup Trucks 4WD
2021,Ford,F150 Pickup Tremor 4WD,18.0,Standard Pickup Trucks 4WD
2021,Ford,F150 RAPTOR 37 4WD,15.0,Standard Pickup Trucks 4WD
2021,Ford,F150 RAPTOR 4WD,15.5,Standard Pickup Trucks 4WD
2021,Ford,GT,14.0,Two Seaters
2021,Ford,Mustang,24.0,Subcompact Cars
2021,Ford,Mustang Convertible,23.0,Subcompact Cars
2021,Ford,Mustang HO Convertible,21.5,Subcompact Cars
2021,Ford,Mustang HO Coupe,22.5,Subcompact Cars
2021,Ford,Mustang Mach 1,17.5,Subcompact Cars
2021,Ford,Mustang Mach-E AWD,93.0,Small Station Wagons
2021,Ford,Mustang Mach-E AWD Extended,90.0,Small Station Wagons
2021,Ford,Mustang Mach-E GT,84.0,Small Station Wagons
2021,Ford,Mustang Mach-E GT Performance,82.0,Small Station Wagons
2021,Ford,Mustang Mach-E RWD,100.0,Small Station Wagons
2021,Ford,Mustang Mach-E RWD California Route 1,101.0,Small Station Wagons
2021,Ford,Mustang Mach-E RWD Extended,97.0,Small Station Wagons
2021,Ford,Ranger 2WD,23.0,Standard Pickup Trucks 2WD
2021,Ford,Ranger 2WD Incomplete,18.0,Special Purpose Vehicle 2WD
2021,Ford,Ranger 4WD,22.0,Standard Pickup Trucks 4WD
2021,Ford,Ranger Tremor 4WD,19.0,Standard Pickup Trucks 4WD
2021,Ford,Shelby GT500 Mustang,14.0,Subcompact Cars
2021,Ford,Transit Connect USPS,22.0,Special Purpose Vehicle 2WD
2021,Ford,Transit Connect Van FFV,25.0,Special Purpose Vehicle 2WD
2021,Ford,Transit Connect Van FWD,23.5,Special Purpose Vehicle 2WD
2021,Ford,Transit Connect Wagon LWB FFV,26.0,Special Purpose Vehicle 2WD
2021,Ford,Transit Connect Wagon LWB FWD,24.0,Special Purpose Vehicle 2WD
2021,Ford,Transit T150 Wagon 2WD FFV,16.0,"Vans, Passenger Type"
2021,Ford,Transit T150 Wagon 4WD FFV,16.0,"Vans, Passenger Type"
2021,GMC,Acadia AWD,22.5,Standard Sport Utility Vehicle 4WD
2021,GMC,Acadia FWD,23.0,Standard Sport Utility Vehicle 2WD
2021,GMC,Canyon 2WD,22.0,Small Pickup Trucks 2WD
2021,GMC,Canyon 4WD,21.0,Small Pickup Trucks 4WD
2021,GMC,Sierra 2WD,17.0,Standard Pickup Trucks 2WD
2021,GMC,Sierra 4WD,17.0,Standard Pickup Trucks 4WD
2021,GMC,Sierra 4WD AT4,17.0,Standard Pickup Trucks 4WD
2021,GMC,Sierra Cab Chassis 2WD,15.0,Special Purpose Vehicle 2WD
2021,GMC,Sierra Cab Chassis 4WD,15.0,Special Purpose Vehicle 4WD
2021,GMC,Terrain AWD,26.0,Small Sport Utility Vehicle 4WD
2021,GMC,Terrain FWD,27.0,Small Sport Utility Vehicle 2WD
2021,GMC,Yukon 2WD,17.0,Standard Sport Utility Vehicle 2WD
2021,GMC,Yukon 4WD,17.0,Standard Sport Utility Vehicle 4WD
2021,GMC,Yukon XL 2WD,17.0,Standard Sport Utility Vehicle 2WD
2021,GMC,Yukon XL 4WD,16.0,Standard Sport Utility Vehicle 4WD
2021,Genesis,G70 AWD,21.5,Compact Cars
2021,Genesis,G70 RWD,22.0,Compact Cars
2021,Genesis,G80 AWD,23.0,Large Cars
2021,Genesis,G80 RWD,24.0,Large Cars
2021,Genesis,G90 AWD,19.0,Large Cars
2021,Genesis,G90 RWD,19.0,Large Cars
2021,Genesis,GV80 AWD,21.0,Standard Sport Utility Vehicle 4WD
2021,Genesis,GV80 RWD,23.0,Small Sport Utility Vehicle 2WD
2021,Honda,Accord,33.0,Large Cars
2021,Honda,Accord Hybrid,48.0,Large Cars
2021,Honda,Accord Hybrid Sport/Touring,43.0,Large Cars
2021,Honda,Accord Sport/Touring,29.0,Large Cars
2021,Honda,CR-V AWD,29.0,Small Sport Utility Vehicle 4WD
2021,Honda,CR-V FWD,30.0,Small Sport Utility Vehicle 2WD
2021,Honda,CR-V Hybrid AWD,38.0,Small Sport Utility Vehicle 4WD
2021,Honda,Civic 4Dr,33.0,Midsize Cars
2021,Honda,Civic 5Dr,32.0,Large Cars
2021,Honda,Clarity FCV,68.0,Midsize Cars
2021,Honda,Clarity Plug-in Hybrid,42.0,Midsize Cars
2021,Honda,HR-V AWD,28.5,Small Station Wagons
2021,Honda,HR-V FWD,30.0,Small Station Wagons
2021,Honda,Insight,52.0,Midsize Cars
2021,Honda,Insight Touring,48.0,Compact Cars
2021,Honda,Odyssey,22.0,Minivan - 2WD
2021,Honda,Passport AWD,21.0,Small Sport Utility Vehicle 4WD
2021,Honda,Passport FWD,22.0,Small Sport Utility Vehicle 2WD
2021,Honda,Pilot AWD,22.0,Small Sport Utility Vehicle 4WD
2021,Honda,Pilot FWD,23.0,Small Sport Utility Vehicle 2WD
2021,Honda,Ridgeline AWD,21.0,Standard Pickup Trucks 4WD
2021,Hyundai,Accent,34.5,Compact Cars
2021,Hyundai,Elantra,33.0,Midsize Cars
2021,Hyundai,Elantra Hybrid,50.0,Midsize Cars
2021,Hyundai,Elantra Hybrid Blue,54.0,Midsize Cars
2021,Hyundai,Ioniq,55.0,Large Cars
2021,Hyundai,Ioniq Blue,59.0,Large Cars
2021,Hyundai,Ioniq Electric,133.0,Midsize Cars
2021,Hyundai,Ioniq Plug-in Hybrid,52.0,Midsize Cars
2021,Hyundai,Kona AWD,27.0,Small Sport Utility Vehicle 4WD
2021,Hyundai,Kona Electric,120.0,Small Sport Utility Vehicle 2WD
2021,Hyundai,Kona FWD,30.0,Small Sport Utility Vehicle 2WD
2021,Hyundai,Nexo,57.0,Small Sport Utility Vehicle 2WD
2021,Hyundai,Nexo Blue,61.0,Small Sport Utility Vehicle 2WD
2021,Hyundai,Palisade AWD,21.0,Standard Sport Utility Vehicle 4WD
2021,Hyundai,Palisade FWD,22.0,Standard Sport Utility Vehicle 2WD
2021,Hyundai,Santa Fe AWD,24.0,Small Sport Utility Vehicle 4WD
2021,Hyundai,Santa Fe FWD,25.5,Small Sport Utility Vehicle 2WD
2021,Hyundai,Santa Fe Hybrid,32.0,Small Sport Utility Vehicle 4WD
2021,Hyundai,Santa Fe Hybrid Blue,34.0,Small Sport Utility Vehicle 4WD
2021,Hyundai,Sonata,30.5,Large Cars
2021,Hyundai,Sonata Hybrid,47.0,Large Cars
2021,Hyundai,Sonata Hybrid Blue,52.0,Large Cars
2021,Hyundai,Tucson AWD,23.0,Small Sport Utility Vehicle 4WD
2021,Hyundai,Tucson FWD,25.0,Small Sport Utility Vehicle 2WD
2021,Hyundai,Veloster,29.5,Compact Cars
2021,Hyundai,Veloster N,23.5,Compact Cars
2021,Hyundai,Venue,31.0,Midsize Cars
2021,Infiniti,Q50,23.0,Midsize Cars
2021,Infiniti,Q50 AWD,22.0,Midsize Cars
2021,Infiniti,Q50 Red Sport,22.0,Midsize Cars
2021,Infiniti,Q50 Red Sport  AWD,22.0,Midsize Cars
2021,Infiniti,Q60,22.0,Subcompact Cars
2021,Infiniti,Q60 AWD,22.0,Subcompact Cars
2021,Infiniti,Q60 Red Sport,22.0,Subcompact Cars
2021,Infiniti,Q60 Red Sport AWD,21.0,Subcompact Cars
2021,Infiniti,QX50,26.0,Small Sport Utility Vehicle 2WD
2021,Infiniti,QX50 AWD,25.0,Small Sport Utility Vehicle 4WD
2021,Infiniti,QX80 2WD,16.0,Standard Sport Utility Vehicle 2WD
2021,Infiniti,QX80 4WD,15.0,Standard Sport Utility Vehicle 4WD
2021,Jaguar,E-Pace,23.0,Small Sport Utility Vehicle 4WD
2021,Jaguar,E-Pace MHEV,23.0,Small Sport Utility Vehicle 4WD
2021,Jaguar,F-Pace,24.0,Small Sport Utility Vehicle 4WD
2021,Jaguar,F-Pace P340 MHEV,22.0,Small Sport Utility Vehicle 4WD
2021,Jaguar,F-Pace P400 MHEV,22.0,Small Sport Utility Vehicle 4WD
2021,Jaguar,F-Pace SVR,18.0,Small Sport Utility Vehicle 4WD
2021,Jaguar,F-Type Convertible,26.0,Two Seaters
2021,Jaguar,F-Type Coupe,26.0,Two Seaters
2021,Jaguar,F-Type R AWD Convertible,18.0,Two Seaters
2021,Jaguar,F-Type R AWD Coupe,18.0,Two Seaters
2021,Jaguar,F-Type S AWD Convertible,21.0,Two Seaters
2021,Jaguar,F-Type S AWD Coupe,21.0,Two Seaters
2021,Jaguar,F-Type S Convertible,22.0,Two Seaters
2021,Jaguar,F-Type S Coupe,22.0,Two Seaters
2021,Jaguar,I-Pace EV400,76.0,Small Sport Utility Vehicle 4WD
2021,Jaguar,XE P250,28.0,Compact Cars
2021,Jaguar,XE P250 AWD,28.0,Compact Cars
2021,Jaguar,XE P300 AWD,25.0,Compact Cars
2021,Jaguar,XF P250,28.0,Midsize Cars
2021,Jaguar,XF P250 AWD,26.0,Midsize Cars
2021,Jaguar,XF P300 AWD,25.0,Midsize Cars
2021,Jeep,Cherokee 4WD,24.0,Small Sport Utility Vehicle 4WD
2021,Jeep,Cherokee 4WD Active Drive II,22.0,Small Sport Utility Vehicle 4WD
2021,Jeep,Cherokee FWD,25.0,Small Sport Utility Vehicle 2WD
2021,Jeep,Cherokee Trailhawk 4WD,21.0,Small Sport Utility Vehicle 4WD
2021,Jeep,Compass 4WD,25.0,Small Sport Utility Vehicle 4WD
2021,Jeep,Compass FWD,25.0,Small Sport Utility Vehicle 2WD
2021,Jeep,Gladiator 4WD,19.0,Standard Pickup Trucks 4WD
2021,Jeep,Gladiator EcoDiesel 4WD,24.0,Standard Pickup Trucks 4WD
2021,Jeep,Gladiator Rubicon EcoDiesel 4WD,24.0,Standard Pickup Trucks 4WD
2021,Jeep,Grand Cherokee 2WD,21.0,Standard Sport Utility Vehicle 2WD
2021,Jeep,Grand Cherokee 4WD,19.0,Standard Sport Utility Vehicle 4WD
2021,Jeep,Grand Cherokee L 2WD,21.0,Standard Sport Utility Vehicle 2WD
2021,Jeep,Grand Cherokee L 4WD,19.0,Standard Sport Utility Vehicle 4WD
2021,Jeep,Grand Cherokee SRT 4WD,15.0,Standard Sport Utility Vehicle 4WD
2021,Jeep,Grand Cherokee Trackhawk 4WD,13.0,Standard Sport Utility Vehicle 4WD
2021,Jeep,Renegade 2WD,26.0,Small Sport Utility Vehicle 2WD
2021,Jeep,Renegade 4WD,25.0,Small Sport Utility Vehicle 4WD
2021,Jeep,Renegade Trailhawk 4WD,24.0,Small Sport Utility Vehicle 4WD
2021,Jeep,Wrangler 2dr 4WD,20.5,Small Sport Utility Vehicle 4WD
2021,Jeep,Wrangler 4dr 4WD,20.0,Small Sport Utility Vehicle 4WD
2021,Jeep,Wrangler 4dr 4xe,20.0,Small Sport Utility Vehicle 4WD
2021,Jeep,Wrangler 4dr EcoDiesel 4WD,25.0,Small Sport Utility Vehicle 4WD
2021,Jeep,Wrangler Rubic 4dr EcoDiesel 4WD,23.0,Small Sport Utility Vehicle 4WD
2021,Kandi,K27,114.0,Compact Cars
2021,Karma,GS-6 (21-inch wheels),26.0,Subcompact Cars
2021,Karma,GS-6 (22-inch wheels),22.0,Subcompact Cars
2021,Kia,Forte,30.5,Midsize Cars
2021,Kia,Forte FE,35.0,Midsize Cars
2021,Kia,K5,31.0,Large Cars
2021,Kia,K5 AWD,29.0,Large Cars
2021,Kia,Niro,49.0,Small Station Wagons
2021,Kia,Niro Electric,112.0,Small Station Wagons
2021,Kia,Niro FE,50.0,Small Station Wagons
2021,Kia,Niro Plug-in Hybrid,46.0,Small Station Wagons
2021,Kia,Niro Touring,43.0,Small Station Wagons
2021,Kia,Rio,36.0,Compact Cars
2021,Kia,Sedona,21.0,Minivan - 2WD
2021,Kia,Seltos AWD,28.0,Small Sport Utility Vehicle 4WD
2021,Kia,Seltos FWD,31.0,Small Sport Utility Vehicle 2WD
2021,Kia,Sorento AWD,24.0,Small Sport Utility Vehicle 4WD
2021,Kia,Sorento FWD,25.5,Small Sport Utility Vehicle 2WD
2021,Kia,Sorento Hybrid,37.0,Small Sport Utility Vehicle 2WD
2021,Kia,Soul,29.0,Small Station Wagons
2021,Kia,Soul Eco dynamics,31.0,Small Station Wagons
2021,Kia,Sportage AWD,22.0,Small Sport Utility Vehicle 4WD
2021,Kia,Sportage FWD,24.5,Small Sport Utility Vehicle 2WD
2021,Kia,Stinger AWD,22.0,Midsize Cars
2021,Kia,Stinger RWD,22.5,Midsize Cars
2021,Kia,Telluride AWD,21.0,Small Sport Utility Vehicle 4WD
2021,Kia,Telluride FWD,23.0,Small Sport Utility Vehicle 2WD
2021,Lamborghini,Aventador Coupe,10.0,Two Seaters
2021,Lamborghini,Aventador Roadster,10.0,Two Seaters
2021,Lamborghini,Aventador Sian Coupe,10.0,Two Seaters
2021,Lamborghini,Aventador Sian Roadster,10.0,Two Seaters
2021,Lamborghini,Huracan,15.0,Two Seaters
2021,Lamborghini,Huracan 2WD,15.0,Two Seaters
2021,Lamborghini,Huracan Spyder,15.0,Two Seaters
2021,Lamborghini,Huracan Spyder 2WD,15.0,Two Seaters
2021,Lamborghini,Urus,14.0,Standard Sport Utility Vehicle 4WD
2021,Land Rover,Defender 110,18.0,Standard Sport Utility Vehicle 4WD
2021,Land Rover,Defender 110 MHEV,19.0,Standard Sport Utility Vehicle 4WD
2021,Land Rover,Defender 90,19.0,Standard Sport Utility Vehicle 4WD
2021,Land Rover,Defender 90 MHEV,19.0,Standard Sport Utility Vehicle 4WD
2021,Land Rover,Discovery,21.0,Standard Sport Utility Vehicle 4WD
2021,Land Rover,Discovery MHEV,21.0,Standard Sport Utility Vehicle 4WD
2021,Land Rover,Discovery Sport,20.0,Small Sport Utility Vehicle 4WD
2021,Land Rover,Evoque,22.0,Small Sport Utility Vehicle 4WD
2021,Land Rover,Range Rover,21.0,Standard Sport Utility Vehicle 4WD
2021,Land Rover,Range Rover LWB,18.0,Standard Sport Utility Vehicle 4WD
2021,Land Rover,Range Rover LWB SVA,15.0,Standard Sport Utility Vehicle 4WD
2021,Land Rover,Range Rover MHEV,20.0,Standard Sport Utility Vehicle 4WD
2021,Land Rover,Range Rover PHEV,19.0,Standard Sport Utility Vehicle 4WD
2021,Land Rover,Range Rover SVA,16.0,Standard Sport Utility Vehicle 4WD
2021,Land Rover,Range Rover Sport,21.5,Standard Sport Utility Vehicle 4WD
2021,Land Rover,Range Rover Sport MHEV,21.0,Standard Sport Utility Vehicle 4WD
2021,Land Rover,Range Rover Sport PHEV,19.0,Standard Sport Utility Vehicle 4WD
2021,Land Rover,Range Rover Sport SVR,16.0,Standard Sport Utility Vehicle 4WD
2021,Land Rover,Range Rover Velar,20.0,Small Sport Utility Vehicle 4WD
2021,Land Rover,Range Rover Velar P340 MHEV,22.0,Small Sport Utility Vehicle 4WD
2021,Land Rover,Range Rover Velar P400 MHEV,21.0,Small Sport Utility Vehicle 4WD
2021,Lexus,ES 250 AWD,28.0,Midsize Cars
2021,Lexus,ES 300h,44.0,Midsize Cars
2021,Lexus,ES 350,26.0,Midsize Cars
2021,Lexus,ES 350 F Sport,25.0,Midsize Cars
2021,Lexus,GX 460,16.0,Standard Sport Utility Vehicle 4WD
2021,Lexus,IS 300,25.0,Compact Cars
2021,Lexus,IS 300 AWD,22.0,Compact Cars
2021,Lexus,IS 350,23.0,Compact Cars
2021,Lexus,IS 350 AWD,22.0,Compact Cars
2021,Lexus,LC 500,19.0,Subcompact Cars
2021,Lexus,LC 500 Convertible,18.0,Minicompact Cars
2021,Lexus,LC 500h,29.0,Subcompact Cars
2021,Lexus,LS 500,22.0,Midsize Cars
2021,Lexus,LS 500 AWD,21.0,Midsize Cars
2021,Lexus,LS 500h,28.0,Midsize Cars
2021,Lexus,LS 500h AWD,26.0,Midsize Cars
2021,Lexus,LX 570,14.0,Standard Sport Utility Vehicle 4WD
2021,Lexus,NX 300,25.0,Small Sport Utility Vehicle 2WD
2021,Lexus,NX 300 AWD,24.0,Small Sport Utility Vehicle 4WD
2021,Lexus,NX 300 AWD F Sport,24.0,Small Sport Utility Vehicle 4WD
2021,Lexus,NX 300h AWD,31.0,Small Sport Utility Vehicle 4WD
2021,Lexus,RC 300,25.0,Subcompact Cars
2021,Lexus,RC 300 AWD,22.0,Subcompact Cars
2021,Lexus,RC 350,23.0,Subcompact Cars
2021,Lexus,RC 350 AWD,22.0,Subcompact Cars
2021,Lexus,RC F,19.0,Subcompact Cars
2021,Lexus,RX 350,23.0,Small Sport Utility Vehicle 2WD
2021,Lexus,RX 350 AWD,22.0,Small Sport Utility Vehicle 4WD
2021,Lexus,RX 350 L,22.0,Small Sport Utility Vehicle 2WD
2021,Lexus,RX 350 L AWD,21.0,Small Sport Utility Vehicle 4WD
2021,Lexus,RX 450h AWD,30.0,Standard Sport Utility Vehicle 4WD
2021,Lexus,RX 450h L AWD,29.0,Standard Sport Utility Vehicle 4WD
2021,Lexus,UX 200,32.0,Midsize Cars
2021,Lexus,UX 250h,42.0,Compact Cars
2021,Lexus,UX 250h AWD,39.0,Compact Cars
2021,Lincoln,Aviator AWD,20.0,Standard Sport Utility Vehicle 4WD
2021,Lincoln,Aviator PHEV AWD,23.0,Standard Sport Utility Vehicle 4WD
2021,Lincoln,Aviator RWD,21.0,Standard Sport Utility Vehicle 2WD
2021,Lincoln,Corsair AWD,24.0,Small Sport Utility Vehicle 4WD
2021,Lincoln,Corsair AWD PHEV,33.0,Small Sport Utility Vehicle 4WD
2021,Lincoln,Corsair FWD,25.0,Small Sport Utility Vehicle 2WD
2021,Lincoln,Nautilus AWD,22.0,Small Sport Utility Vehicle 4WD
2021,Lincoln,Nautilus FWD,23.0,Small Sport Utility Vehicle 2WD
2021,Lincoln,Navigator 2WD,18.0,Standard Sport Utility Vehicle 2WD
2021,Lincoln,Navigator 4WD,17.0,Standard Sport Utility Vehicle 4WD
2021,Lincoln,Navigator L 2WD,18.0,Standard Sport Utility Vehicle 2WD
2021,Lotus,Evora GT,20.0,Minicompact Cars
2021,MINI,Cooper Convertible,30.5,Minicompact Cars
2021,MINI,Cooper Countryman,29.0,Midsize Cars
2021,MINI,Cooper Countryman All4,27.0,Midsize Cars
2021,MINI,Cooper Hardtop 2 door,30.5,Subcompact Cars
2021,MINI,Cooper Hardtop 4 door,30.5,Subcompact Cars
2021,MINI,Cooper S Clubman,27.5,Midsize Cars
2021,MINI,Cooper S Clubman All4,26.0,Midsize Cars
2021,MINI,Cooper S Convertible,27.5,Minicompact Cars
2021,MINI,Cooper S Countryman,28.0,Midsize Cars
2021,MINI,Cooper S Countryman All4,26.0,Midsize Cars
2021,MINI,Cooper S Hardtop 2 door,28.5,Subcompact Cars
2021,MINI,Cooper S Hardtop 4 door,28.5,Subcompact Cars
2021,MINI,Cooper SE Countryman All4,29.0,Midsize Cars
2021,MINI,Cooper SE Hardtop 2 door,108.0,Subcompact Cars
2021,MINI,JCW Countryman All4,26.0,Midsize Cars
2021,MINI,John Cooper Works Clubman All4,26.0,Midsize Cars
2021,MINI,John Cooper Works Convertible,28.0,Minicompact Cars
2021,MINI,John Cooper Works GP,26.0,Subcompact Cars
2021,MINI,John Cooper Works Hardtop,28.0,Subcompact Cars
2021,Maserati,Ghibli,20.0,Midsize Cars
2021,Maserati,Ghibli S,20.0,Midsize Cars
2021,Maserati,Ghibli SQ4,19.0,Midsize Cars
2021,Maserati,Ghibli Trofeo,16.0,Midsize Cars
2021,Maserati,Levante,18.0,Standard Sport Utility Vehicle 4WD
2021,Maserati,Levante GTS,16.0,Standard Sport Utility Vehicle 4WD
2021,Maserati,Levante S,18.0,Standard Sport Utility Vehicle 4WD
2021,Maserati,Levante Trofeo,16.0,Standard Sport Utility Vehicle 4WD
2021,Maserati,Quattroporte S,19.0,Large Cars
2021,Maserati,Quattroporte SQ4,19.0,Large Cars
2021,Maserati,Quattroporte Trofeo,16.0,Large Cars
2021,Mazda,2,34.5,Compact Cars
2021,Mazda,3 4-Door 2WD,30.0,Compact Cars
2021,Mazda,3 4-Door 4WD,28.0,Compact Cars
2021,Mazda,3 5-Door 2WD,28.0,Midsize Cars
2021,Mazda,3 5-Door 4WD,26.5,Midsize Cars
2021,Mazda,6,27.5,Midsize Cars
2021,Mazda,CX-3 2WD,31.0,Compact Cars
2021,Mazda,CX-3 4WD,29.0,Compact Cars
2021,Mazda,CX-30 2WD,28.0,Small Sport Utility Vehicle 2WD
2021,Mazda,CX-30 4WD,26.0,Small Sport Utility Vehicle 4WD
2021,Mazda,CX-5 2WD,26.5,Small Sport Utility Vehicle 2WD
2021,Mazda,CX-5 4WD,25.0,Small Sport Utility Vehicle 4WD
2021,Mazda,CX-9 2WD,24.0,Small Sport Utility Vehicle 2WD
2021,Mazda,CX-9 4WD,23.0,Small Sport Utility Vehicle 4WD
2021,Mazda,MX-5,29.5,Two Seaters
2021,McLaren Automotive,720S Coupe,18.0,Two Seaters
2021,McLaren Automotive,720S Coupe LM,18.0,Two Seaters
2021,McLaren Automotive,720S Spider,18.0,Two Seaters
2021,McLaren Automotive,765LT Coupe,16.0,Two Seaters
2021,McLaren Automotive,Elva,18.0,Two Seaters
2021,McLaren Automotive,GT,18.0,Two Seaters
2021,Mercedes-Benz,A220,29.0,Subcompact Cars
2021,Mercedes-Benz,A220 4matic,28.0,Subcompact Cars
2021,Mercedes-Benz,AMG A35 4matic,25.0,Subcompact Cars
2021,Mercedes-Benz,AMG C43 4matic,21.0,Compact Cars
2021,Mercedes-Benz,AMG C43 4matic Convertible,22.0,Subcompact Cars
2021,Mercedes-Benz,AMG C43 4matic Coupe,22.0,Subcompact Cars
2021,Mercedes-Benz,AMG C63,21.0,Compact Cars
2021,Mercedes-Benz,AMG C63 Convertible,20.0,Subcompact Cars
2021,Mercedes-Benz,AMG C63 Coupe,20.0,Subcompact Cars
2021,Mercedes-Benz,AMG C63 S,21.0,Compact Cars
2021,Mercedes-Benz,AMG C63 S Convertible,20.0,Subcompact Cars
2021,Mercedes-Benz,AMG C63 S Coupe,20.0,Subcompact Cars
2021,Mercedes-Benz,AMG CLA35 4matic,25.0,Compact Cars
2021,Mercedes-Benz,AMG CLA45 4matic,23.0,Compact Cars
2021,Mercedes-Benz,AMG CLS53 4matic Plus,23.0,Compact Cars
2021,Mercedes-Benz,AMG E53 4matic Plus,25.0,Midsize Cars
2021,Mercedes-Benz,AMG E53 4matic Plus Convertible,23.0,Subcompact Cars
2021,Mercedes-Benz,AMG E53 4matic Plus Coupe,24.0,Subcompact Cars
2021,Mercedes-Benz,AMG E63 S 4matic Plus,18.0,Midsize Cars
2021,Mercedes-Benz,AMG E63 S 4matic Plus (SW),18.0,Midsize Station Wagons
2021,Mercedes-Benz,AMG G63,14.0,Standard Sport Utility Vehicle 4WD
2021,Mercedes-Benz,AMG GLA35 4matic,25.0,Small Station Wagons
2021,Mercedes-Benz,AMG GLA45 4matic,23.0,Small Station Wagons
2021,Mercedes-Benz,AMG GLB35 4matic,23.0,Midsize Station Wagons
2021,Mercedes-Benz,AMG GLC43 4matic,20.0,Small Sport Utility Vehicle 4WD
2021,Mercedes-Benz,AMG GLC43 4matic Coupe,20.0,Small Sport Utility Vehicle 4WD
2021,Mercedes-Benz,AMG GLC63 4matic Plus,17.0,Small Sport Utility Vehicle 4WD
2021,Mercedes-Benz,AMG GLC63 4matic Plus Coupe,17.0,Small Sport Utility Vehicle 4WD
2021,Mercedes-Benz,AMG GLC63 S 4matic Plus Coupe,17.0,Small Sport Utility Vehicle 4WD
2021,Mercedes-Benz,AMG GLE53 4matic Plus,19.0,Standard Sport Utility Vehicle 4WD
2021,Mercedes-Benz,AMG GLE53 4matic Plus Coupe,20.0,Standard Sport Utility Vehicle 4WD
2021,Mercedes-Benz,AMG GLE63 S 4matic Plus,16.0,Standard Sport Utility Vehicle 4WD
2021,Mercedes-Benz,AMG GLE63 S 4matic Plus Coupe,17.0,Standard Sport Utility Vehicle 4WD
2021,Mercedes-Benz,AMG GLS63 4matic Plus,16.0,Standard Sport Utility Vehicle 4WD
2021,Mercedes-Benz,AMG GT 43 4matic Plus,22.0,Compact Cars
2021,Mercedes-Benz,AMG GT 53 4matic Plus,22.0,Compact Cars
2021,Mercedes-Benz,AMG GT 63 4matic Plus,18.0,Compact Cars
2021,Mercedes-Benz,AMG GT 63 S 4matic Plus,18.0,Compact Cars
2021,Mercedes-Benz,AMG GT Black Series,17.0,Two Seaters
2021,Mercedes-Benz,AMG GT C Coupe,17.0,Two Seaters
2021,Mercedes-Benz,AMG GT C Roadster,17.0,Two Seaters
2021,Mercedes-Benz,AMG GT Coupe,17.0,Two Seaters
2021,Mercedes-Benz,AMG GT R Coupe,16.0,Two Seaters
2021,Mercedes-Benz,AMG GT Roadster,17.0,Two Seaters
2021,Mercedes-Benz,AMG S63 4matic Plus Convertible,17.0,Subcompact Cars
2021,Mercedes-Benz,AMG S63 4matic Plus Coupe,19.0,Compact Cars
2021,Mercedes-Benz,C300,27.0,Compact Cars
2021,Mercedes-Benz,C300 4matic,27.0,Compact Cars
2021,Mercedes-Benz,C300 4matic Convertible,25.0,Subcompact Cars
2021,Mercedes-Benz,C300 4matic Coupe,26.0,Subcompact Cars
2021,Mercedes-Benz,C300 Convertible,26.0,Subcompact Cars
2021,Mercedes-Benz,C300 Coupe,27.0,Subcompact Cars
2021,Mercedes-Benz,CLA250,29.0,Compact Cars
2021,Mercedes-Benz,CLA250 4matic,27.0,Compact Cars
2021,Mercedes-Benz,CLS450,26.0,Compact Cars
2021,Mercedes-Benz,CLS450 4matic,25.0,Compact Cars
2021,Mercedes-Benz,E350,25.0,Midsize Cars
2021,Mercedes-Benz,E350 4matic,25.0,Midsize Cars
2021,Mercedes-Benz,E450 4matic,26.0,Midsize Cars
2021,Mercedes-Benz,E450 4matic All-Terrain (wagon),24.0,Midsize Station Wagons
2021,Mercedes-Benz,E450 4matic Convertible,25.0,Subcompact Cars
2021,Mercedes-Benz,E450 4matic Coupe,25.0,Subcompact Cars
2021,Mercedes-Benz,E450 Convertible,25.0,Subcompact Cars
2021,Mercedes-Benz,E450 Coupe,26.0,Subcompact Cars
2021,Mercedes-Benz,G550,18.0,Standard Sport Utility Vehicle 4WD
2021,Mercedes-Benz,GLA250,28.0,Special Purpose Vehicle 2WD
2021,Mercedes-Benz,GLA250 4matic,27.0,Small Sport Utility Vehicle 4WD
2021,Mercedes-Benz,GLB250,26.0,Special Purpose Vehicle 2WD
2021,Mercedes-Benz,GLB250 4matic,26.0,Small Sport Utility Vehicle 4WD
2021,Mercedes-Benz,GLC300,25.0,Small Sport Utility Vehicle 2WD
2021,Mercedes-Benz,GLC300 4matic,23.0,Small Sport Utility Vehicle 4WD
2021,Mercedes-Benz,GLC300 4matic Coupe,24.0,Small Sport Utility Vehicle 4WD
2021,Mercedes-Benz,GLE350,22.0,Small Sport Utility Vehicle 4WD
2021,Mercedes-Benz,GLE350 4matic,22.0,Small Sport Utility Vehicle 4WD
2021,Mercedes-Benz,GLE450 4matic,23.0,Standard Sport Utility Vehicle 4WD
2021,Mercedes-Benz,GLE580 4matic,19.0,Standard Sport Utility Vehicle 4WD
2021,Mercedes-Benz,GLS450 4matic,21.0,Standard Sport Utility Vehicle 4WD
2021,Mercedes-Benz,GLS580 4matic,18.0,Standard Sport Utility Vehicle 4WD
2021,Mercedes-Benz,GLS600 4matic Maybach,16.0,Standard Sport Utility Vehicle 4WD
2021,Mercedes-Benz,Metris (Cargo Van),21.0,Special Purpose Vehicle 2WD
2021,Mercedes-Benz,"Metris (Cargo Van, LWB)",21.0,Special Purpose Vehicle 2WD
2021,Mercedes-Benz,Metris (Passenger Van),19.0,Special Purpose Vehicle 2WD
2021,Mercedes-Benz,S500 4matic,24.0,Large Cars
2021,Mercedes-Benz,S560 4matic Coupe,20.0,Compact Cars
2021,Mercedes-Benz,S560 Convertible,20.0,Subcompact Cars
2021,Mercedes-Benz,S580 4matic,20.0,Large Cars
2021,Mercedes-Benz,S580 4matic Maybach,19.0,Large Cars
2021,Mitsubishi,Mirage,37.5,Compact Cars
2021,Mitsubishi,Mirage G4,36.0,Compact Cars
2021,Mitsubishi,Outlander PHEV,26.0,Small Sport Utility Vehicle 4WD
2021,Mitsubishi,Outlander Sport 2WD,26.0,Small Sport Utility Vehicle 2WD
2021,Mitsubishi,Outlander Sport 4WD,25.5,Small Sport Utility Vehicle 4WD
2021,Nissan,370Z,20.0,Two Seaters
2021,Nissan,Altima,32.0,Midsize Cars
2021,Nissan,Altima AWD,29.0,Midsize Cars
2021,Nissan,Altima AWD SR/Platinum,29.0,Midsize Cars
2021,Nissan,Altima SR,31.0,Midsize Cars
2021,Nissan,Altima SR/Platinum,29.0,Midsize Cars
2021,Nissan,Altima SV/SL,31.0,Midsize Cars
2021,Nissan,Armada 2WD,16.0,Standard Sport Utility Vehicle 2WD
2021,Nissan,Armada 4WD,15.0,Standard Sport Utility Vehicle 4WD
2021,Nissan,Frontier 2WD,20.0,Standard Pickup Trucks 2WD
2021,Nissan,Frontier 4WD,19.0,Standard Pickup Trucks 4WD
2021,Nissan,GT-R,18.0,Subcompact Cars
2021,Nissan,Kicks,33.0,Midsize Cars
2021,Nissan,Leaf (40 kW-hr battery pack),111.0,Midsize Cars
2021,Nissan,Leaf (62 kW-hr battery pack),108.0,Midsize Cars
2021,Nissan,Leaf SV/SL (62 kW-hr battery pack),104.0,Midsize Cars
2021,Nissan,Maxima,24.0,Midsize Cars
2021,Nissan,Murano AWD,22.0,Midsize Station Wagons
2021,Nissan,Murano FWD,23.0,Midsize Station Wagons
2021,Nissan,NV200 Cargo Van,25.0,Special Purpose Vehicle 2WD
2021,Nissan,Rogue AWD,31.0,Small Sport Utility Vehicle 4WD
2021,Nissan,Rogue AWD  SV/SL/Platinum,28.0,Small Sport Utility Vehicle 4WD
2021,Nissan,Rogue AWD SL/Platinum,32.0,Small Sport Utility Vehicle 4WD
2021,Nissan,Rogue FWD,31.5,Small Sport Utility Vehicle 2WD
2021,Nissan,Rogue FWD  SV/SL/Platinum,29.0,Small Sport Utility Vehicle 2WD
2021,Nissan,Rogue FWD SL/Platinum,32.0,Small Sport Utility Vehicle 2WD
2021,Nissan,Rogue Sport,28.0,Small Station Wagons
2021,Nissan,Rogue Sport AWD,27.0,Small Station Wagons
2021,Nissan,Sentra,33.0,Midsize Cars
2021,Nissan,Sentra SR,32.0,Midsize Cars
2021,Nissan,Titan 2WD,18.0,Standard Pickup Trucks 2WD
2021,Nissan,Titan 4WD,18.0,Standard Pickup Trucks 4WD
2021,Nissan,Titan 4WD PRO-4X,17.0,Standard Pickup Trucks 4WD
2021,Nissan,Versa,32.5,Compact Cars
2021,Polestar,1,26.0,Minicompact Cars
2021,Polestar,2,92.0,Midsize Cars
2021,Porsche,718 Boxster,23.0,Two Seaters
2021,Porsche,718 Boxster GTS,20.0,Two Seaters
2021,Porsche,718 Boxster S,21.5,Two Seaters
2021,Porsche,718 Boxster T,22.5,Two Seaters
2021,Porsche,718 Cayman,23.0,Two Seaters
2021,Porsche,718 Cayman GT4,19.5,Two Seaters
2021,Porsche,718 Cayman GTS,20.0,Two Seaters
2021,Porsche,718 Cayman S,21.5,Two Seaters
2021,Porsche,718 Cayman T,22.5,Two Seaters
2021,Porsche,718 Spyder,19.5,Two Seaters
2021,Porsche,911 Carrera,20.0,Minicompact Cars
2021,Porsche,911 Carrera 4,20.0,Minicompact Cars
2021,Porsche,911 Carrera 4 Cabriolet,20.0,Minicompact Cars
2021,Porsche,911 Carrera 4S,20.0,Minicompact Cars
2021,Porsche,911 Carrera 4S Cabriolet,20.0,Minicompact Cars
2021,Porsche,911 Carrera Cabriolet,20.0,Minicompact Cars
2021,Porsche,911 Carrera S,20.5,Minicompact Cars
2021,Porsche,911 Carrera S Cabriolet,20.0,Minicompact Cars
2021,Porsche,911 Targa 4,20.0,Minicompact Cars
2021,Porsche,911 Targa 4S,20.0,Minicompact Cars
2021,Porsche,911 Turbo,17.0,Minicompact Cars
2021,Porsche,911 Turbo Cabriolet,17.0,Minicompact Cars
2021,Porsche,911 Turbo S,17.0,Minicompact Cars
2021,Porsche,911 Turbo S Cabriolet,17.0,Minicompact Cars
2021,Porsche,Cayenne,20.0,Standard Sport Utility Vehicle 4WD
2021,Porsche,Cayenne Coupe,20.0,Standard Sport Utility Vehicle 4WD
2021,Porsche,Cayenne GTS,17.0,Standard Sport Utility Vehicle 4WD
2021,Porsche,Cayenne GTS Coupe,17.0,Standard Sport Utility Vehicle 4WD
2021,Porsche,Cayenne S,20.0,Standard Sport Utility Vehicle 4WD
2021,Porsche,Cayenne S Coupe,19.0,Standard Sport Utility Vehicle 4WD
2021,Porsche,Cayenne Turbo,17.0,Standard Sport Utility Vehicle 4WD
2021,Porsche,Cayenne Turbo Coupe,17.0,Standard Sport Utility Vehicle 4WD
2021,Porsche,Cayenne Turbo S e-Hybrid,18.0,Standard Sport Utility Vehicle 4WD
2021,Porsche,Cayenne Turbo S e-Hybrid Coupe,18.0,Standard Sport Utility Vehicle 4WD
2021,Porsche,Cayenne e-Hybrid,21.0,Standard Sport Utility Vehicle 4WD
2021,Porsche,Cayenne e-Hybrid Coupe,21.0,Standard Sport Utility Vehicle 4WD
2021,Porsche,Macan,21.0,Small Sport Utility Vehicle 4WD
2021,Porsche,Macan GTS,19.0,Small Sport Utility Vehicle 4WD
2021,Porsche,Macan S,20.0,Small Sport Utility Vehicle 4WD
2021,Porsche,Macan Turbo,19.0,Small Sport Utility Vehicle 4WD
2021,Porsche,Panamera,20.0,Large Cars
2021,Porsche,Panamera 4,20.0,Large Cars
2021,Porsche,Panamera 4 Executive,19.0,Large Cars
2021,Porsche,Panamera 4 ST,20.0,Large Cars
2021,Porsche,Panamera 4 e-Hybrid,22.0,Large Cars
2021,Porsche,Panamera 4 e-Hybrid Executive,22.0,Large Cars
2021,Porsche,Panamera 4 e-Hybrid ST,22.0,Large Cars
2021,Porsche,Panamera 4S,20.0,Large Cars
2021,Porsche,Panamera 4S Executive,19.0,Large Cars
2021,Porsche,Panamera 4S ST,19.0,Large Cars
2021,Porsche,Panamera 4S e-Hybrid,22.0,Large Cars
2021,Porsche,Panamera 4S e-Hybrid Executive,22.0,Large Cars
2021,Porsche,Panamera 4S e-Hybrid ST,22.0,Large Cars
2021,Porsche,Panamera GTS,17.0,Large Cars
2021,Porsche,Panamera GTS ST,17.0,Large Cars
2021,Porsche,Panamera Turbo S,17.0,Large Cars
2021,Porsche,Panamera Turbo S Executive,17.0,Large Cars
2021,Porsche,Panamera Turbo S ST,17.0,Large Cars
2021,Porsche,Panamera Turbo S e-Hybrid,19.0,Large Cars
2021,Porsche,Panamera Turbo S e-Hybrid Executive,19.0,Large Cars
2021,Porsche,Panamera Turbo S e-Hybrid ST,19.0,Large Cars
2021,Porsche,Taycan 4 Cross Turismo,76.0,Midsize Cars
2021,Porsche,Taycan 4S Cross Turismo,75.0,Midsize Cars
2021,Porsche,Taycan 4S Perf Battery,79.0,Large Cars
2021,Porsche,Taycan 4S Perf Battery Plus,77.0,Large Cars
2021,Porsche,Taycan Perf Battery,79.0,Compact Cars
2021,Porsche,Taycan Perf Battery Plus,75.0,Compact Cars
2021,Porsche,Taycan Turbo,73.0,Large Cars
2021,Porsche,Taycan Turbo Cross Turismo,72.0,Midsize Cars
2021,Porsche,Taycan Turbo S,70.0,Large Cars
2021,Porsche,Taycan Turbo S Cross Turismo,73.0,Midsize Cars
2021,Ram,1500 2WD,20.5,Standard Pickup Trucks 2WD
2021,Ram,1500 4WD,20.0,Standard Pickup Trucks 4WD
2021,Ram,1500 Classic 2WD,18.5,Standard Pickup Trucks 2WD
2021,Ram,1500 Classic 4WD,18.0,Standard Pickup Trucks 4WD
2021,Ram,1500 HFE 2WD,24.5,Standard Pickup Trucks 2WD
2021,Ram,1500 TRX 4WD,12.0,Standard Pickup Trucks 4WD
2021,Ram,Promaster City,24.0,Special Purpose Vehicle 2WD
2021,Rolls-Royce,Cullinan,14.0,Midsize Station Wagons
2021,Rolls-Royce,Cullinan Black Badge,14.0,Midsize Station Wagons
2021,Rolls-Royce,Dawn,14.0,Compact Cars
2021,Rolls-Royce,Dawn Black Badge,14.0,Compact Cars
2021,Rolls-Royce,Ghost,14.0,Large Cars
2021,Rolls-Royce,Ghost EWB,14.0,Large Cars
2021,Rolls-Royce,Phantom,14.0,Large Cars
2021,Rolls-Royce,Phantom EWB,14.0,Large Cars
2021,Rolls-Royce,Wraith,14.0,Midsize Cars
2021,Rolls-Royce,Wraith Black Badge,14.0,Midsize Cars
2021,Roush Performance,Mustang,14.5,Subcompact Cars
2021,Subaru,Ascent,23.0,Standard Sport Utility Vehicle 4WD
2021,Subaru,Ascent Limited/Touring,22.0,Standard Sport Utility Vehicle 4WD
2021,Subaru,Crosstrek AWD,29.0,Small Sport Utility Vehicle 4WD
2021,Subaru,Crosstrek Hybrid AWD,35.0,Small Sport Utility Vehicle 4WD
2021,Subaru,Forester AWD,29.0,Small Sport Utility Vehicle 4WD
2021,Subaru,Impreza 4-Door,29.0,Midsize Cars
2021,Subaru,Impreza 5-Door,28.5,Small Station Wagons
2021,Subaru,Impreza Sport 4-Door,30.0,Midsize Cars
2021,Subaru,Impreza Sport 5-Door,27.5,Small Station Wagons
2021,Subaru,Legacy AWD,28.5,Large Cars
2021,Subaru,Outback AWD,27.5,Small Sport Utility Vehicle 4WD
2021,Subaru,WRX,21.0,Compact Cars
2021,Tesla,Model 3 Long Range AWD,134.0,Midsize Cars
2021,Tesla,Model 3 Performance AWD,113.0,Midsize Cars
2021,Tesla,Model 3 Standard Range Plus RWD,142.0,Midsize Cars
2021,Tesla,Model S Long Range,120.0,Large Cars
2021,Tesla,Model S Performance (19in Wheels),110.0,Large Cars
2021,Tesla,Model S Performance (21in Wheels),96.0,Large Cars
2021,Tesla,Model S Plaid (21inch wheels),101.0,Large Cars
2021,Tesla,Model X Long Range Plus,105.0,Standard Sport Utility Vehicle 4WD
2021,Tesla,Model X Performance (20in Wheels),97.0,Standard Sport Utility Vehicle 4WD
2021,Tesla,Model X Performance (22in Wheels),86.0,Standard Sport Utility Vehicle 4WD
2021,Tesla,Model Y Long Range AWD,125.0,Small Sport Utility Vehicle 4WD
2021,Tesla,Model Y Performance AWD,111.0,Small Sport Utility Vehicle 4WD
2021,Tesla,Model Y Standard Range RWD,129.0,Small Sport Utility Vehicle 2WD
2021,Toyota,4Runner 2WD,17.0,Standard Sport Utility Vehicle 2WD
2021,Toyota,4Runner 4WD,17.0,Standard Sport Utility Vehicle 4WD
2021,Toyota,Avalon,25.0,Midsize Cars
2021,Toyota,Avalon AWD,28.0,Midsize Cars
2021,Toyota,Avalon Hybrid,43.0,Midsize Cars
2021,Toyota,Avalon Hybrid XLE,44.0,Midsize Cars
2021,Toyota,Avalon TRD,25.0,Midsize Cars
2021,Toyota,Avalon XLE,26.0,Midsize Cars
2021,Toyota,C-HR,29.0,Compact Cars
2021,Toyota,Camry,26.0,Midsize Cars
2021,Toyota,Camry AWD LE/SE,29.0,Midsize Cars
2021,Toyota,Camry AWD XLE/XSE,28.0,Midsize Cars
2021,Toyota,Camry Hybrid LE,52.0,Midsize Cars
2021,Toyota,Camry Hybrid SE/XLE/XSE,46.0,Midsize Cars
2021,Toyota,Camry LE/SE,32.0,Midsize Cars
2021,Toyota,Camry TRD,25.0,Midsize Cars
2021,Toyota,Camry XLE/XSE,31.0,Midsize Cars
2021,Toyota,Camry XSE,26.0,Midsize Cars
2021,Toyota,Corolla,33.0,Compact Cars
2021,Toyota,Corolla APEX,32.5,Compact Cars
2021,Toyota,Corolla Hatchback,33.0,Compact Cars
2021,Toyota,Corolla Hatchback XSE,33.0,Compact Cars
2021,Toyota,Corolla Hybrid,52.0,Compact Cars
2021,Toyota,Corolla XLE,32.0,Compact Cars
2021,Toyota,Corolla XSE,34.0,Compact Cars
2021,Toyota,GR Supra,26.5,Two Seaters
2021,Toyota,Highlander,23.5,Small Sport Utility Vehicle 2WD
2021,Toyota,Highlander AWD,23.0,Small Sport Utility Vehicle 4WD
2021,Toyota,Highlander Hybrid,36.0,Small Sport Utility Vehicle 2WD
2021,Toyota,Highlander Hybrid AWD,35.0,Standard Sport Utility Vehicle 4WD
2021,Toyota,Highlander Hybrid AWD LTD/PLAT,35.0,Standard Sport Utility Vehicle 4WD
2021,Toyota,Land Cruiser Wagon 4WD,14.0,Standard Sport Utility Vehicle 4WD
2021,Toyota,Mirai Limited,65.0,Compact Cars
2021,Toyota,Mirai XLE,74.0,Compact Cars
2021,Toyota,Prius,52.0,Midsize Cars
2021,Toyota,Prius AWD,49.0,Midsize Cars
2021,Toyota,Prius Eco,56.0,Midsize Cars
2021,Toyota,Prius Prime,54.0,Midsize Cars
2021,Toyota,RAV4,30.0,Small Sport Utility Vehicle 2WD
2021,Toyota,RAV4 AWD,28.5,Small Sport Utility Vehicle 4WD
2021,Toyota,RAV4 AWD LE,30.0,Small Sport Utility Vehicle 4WD
2021,Toyota,RAV4 AWD TRD OFFROAD,28.0,Small Sport Utility Vehicle 4WD
2021,Toyota,RAV4 Hybrid  AWD,40.0,Small Sport Utility Vehicle 4WD
2021,Toyota,RAV4 Prime 4WD,38.0,Small Sport Utility Vehicle 4WD
2021,Toyota,Sequoia 2WD,15.0,Standard Sport Utility Vehicle 2WD
2021,Toyota,Sequoia 4WD,14.0,Standard Sport Utility Vehicle 4WD
2021,Toyota,Sienna Hybrid 2WD,36.0,Minivan - 2WD
2021,Toyota,Sienna Hybrid AWD,35.0,Minivan - 4WD
2021,Toyota,Tacoma 2WD,21.0,Small Pickup Trucks 2WD
2021,Toyota,Tacoma 4WD,20.0,Small Pickup Trucks 4WD
2021,Toyota,Tacoma 4WD D-CAB MT TRD-ORP/PRO,18.0,Small Pickup Trucks 4WD
2021,Toyota,Tundra 2WD,15.0,Standard Pickup Trucks 2WD
2021,Toyota,Tundra 4WD,14.0,Standard Pickup Trucks 4WD
2021,Toyota,Venza AWD,39.0,Small Sport Utility Vehicle 4WD
2021,Volkswagen,Arteon,25.0,Large Cars
2021,Volkswagen,Arteon 4motion,24.0,Large Cars
2021,Volkswagen,Atlas,20.5,Small Sport Utility Vehicle 2WD
2021,Volkswagen,Atlas 4motion,20.0,Standard Sport Utility Vehicle 4WD
2021,Volkswagen,Atlas Cross Sport,21.0,Small Sport Utility Vehicle 2WD
2021,Volkswagen,Atlas Cross Sport 4motion,20.5,Small Sport Utility Vehicle 4WD
2021,Volkswagen,GTI,26.5,Compact Cars
2021,Volkswagen,Golf,32.5,Compact Cars
2021,Volkswagen,ID.4 1st,97.0,Small Sport Utility Vehicle 2WD
2021,Volkswagen,ID.4 AWD Pro,97.0,Small Sport Utility Vehicle 4WD
2021,Volkswagen,ID.4 AWD Pro S,93.0,Small Sport Utility Vehicle 4WD
2021,Volkswagen,ID.4 Pro,99.0,Small Sport Utility Vehicle 2WD
2021,Volkswagen,ID.4 Pro S,97.0,Small Sport Utility Vehicle 2WD
2021,Volkswagen,Jetta,33.5,Compact Cars
2021,Volkswagen,Jetta GLI,28.0,Compact Cars
2021,Volkswagen,Passat,28.0,Midsize Cars
2021,Volkswagen,Tiguan,25.0,Small Sport Utility Vehicle 2WD
2021,Volkswagen,Tiguan 4motion,24.0,Small Sport Utility Vehicle 4WD
2021,Volvo,S60 AWD,25.5,Compact Cars
2021,Volvo,S60 AWD PHEV,30.0,Compact Cars
2021,Volvo,S60 FWD,27.0,Compact Cars
2021,Volvo,S90 AWD,25.0,Midsize Cars
2021,Volvo,S90 AWD PHEV,30.0,Midsize Cars
2021,Volvo,V60 AWD PHEV,30.0,Small Station Wagons
2021,Volvo,V60 CC AWD,25.0,Small Station Wagons
2021,Volvo,V60 FWD,27.0,Small Station Wagons
2021,Volvo,V90 AWD,25.0,Midsize Station Wagons
2021,Volvo,V90 CC AWD,24.0,Midsize Station Wagons
2021,Volvo,V90 FWD,26.0,Midsize Station Wagons
2021,Volvo,XC40 AWD,25.0,Small Sport Utility Vehicle 4WD
2021,Volvo,XC40 AWD BEV,79.0,Small Sport Utility Vehicle 4WD
2021,Volvo,XC40 FWD,26.0,Small Sport Utility Vehicle 2WD
2021,Volvo,XC60 AWD,23.5,Small Sport Utility Vehicle 4WD
2021,Volvo,XC60 AWD PHEV,27.0,Small Sport Utility Vehicle 4WD
2021,Volvo,XC60 FWD,25.0,Small Sport Utility Vehicle 2WD
2021,Volvo,XC90 AWD,22.5,Standard Sport Utility Vehicle 4WD
2021,Volvo,XC90 AWD PHEV,27.0,Standard Sport Utility Vehicle 4WD
2021,Volvo,XC90 FWD,25.0,Standard Sport Utility Vehicle 2WD
2022,Acura,ILX,28.0,Compact Cars
2022,Acura,MDX AWD,21.0,Small Sport Utility Vehicle 4WD
2022,Acura,MDX AWD Type-S,19.0,Standard Sport Utility Vehicle 4WD
2022,Acura,MDX FWD,22.0,Small Sport Utility Vehicle 2WD
2022,Acura,NSX Hybrid,21.0,Two Seaters
2022,Acura,RDX AWD,23.0,Small Sport Utility Vehicle 4WD
2022,Acura,RDX AWD A-SPEC,23.0,Small Sport Utility Vehicle 4WD
2022,Acura,RDX FWD,24.0,Small Sport Utility Vehicle 2WD
2022,Acura,RDX FWD A-SPEC,24.0,Small Sport Utility Vehicle 2WD
2022,Acura,TLX AWD,24.0,Compact Cars
2022,Acura,TLX AWD A-SPEC,24.0,Compact Cars
2022,Acura,TLX FWD,25.0,Compact Cars
2022,Acura,TLX FWD A-SPEC,25.0,Compact Cars
2022,Acura,TLX Type-S,21.0,Compact Cars
2022,Acura,TLX Type-S Perf Tire,21.0,Compact Cars
2022,Alfa Romeo,Giulia,23.5,Midsize Cars
2022,Alfa Romeo,Giulia AWD,26.0,Midsize Cars
2022,Alfa Romeo,Stelvio,25.0,Small Sport Utility Vehicle 2WD
2022,Alfa Romeo,Stelvio AWD,21.5,Small Sport Utility Vehicle 4WD
2022,Aston Martin,DB11 V12,17.0,Minicompact Cars
2022,Aston Martin,DB11 V8,20.0,Minicompact Cars
2022,Aston Martin,DBS,17.0,Minicompact Cars
2022,Aston Martin,DBX V8,16.0,Standard Sport Utility Vehicle 4WD
2022,Aston Martin,Vantage V8,20.0,Two Seaters
2022,Audi,A3,32.0,Subcompact Cars
2022,Audi,A3 quattro,31.0,Subcompact Cars
2022,Audi,A4 S line quattro,27.0,Compact Cars
2022,Audi,A4 allroad quattro,26.0,Small Station Wagons
2022,Audi,A4 quattro,29.0,Compact Cars
2022,Audi,A5 Cabriolet quattro,26.0,Subcompact Cars
2022,Audi,A5 Coupe quattro,27.0,Subcompact Cars
2022,Audi,A5 Sportback S line quattro,27.0,Midsize Cars
2022,Audi,A5 Sportback quattro,29.0,Midsize Cars
2022,Audi,A6 Allroad quattro,23.0,Midsize Station Wagons
2022,Audi,A6 quattro,25.0,Midsize Cars
2022,Audi,A7 TFSI e quattro,27.0,Midsize Cars
2022,Audi,A7 quattro,24.0,Midsize Cars
2022,Audi,A8 L quattro,22.0,Large Cars
2022,Audi,Q3 S line quattro,24.0,Small Sport Utility Vehicle 4WD
2022,Audi,Q3 quattro,26.0,Small Sport Utility Vehicle 4WD
2022,Audi,Q4 e-tron Sportback quattro,95.0,Standard Sport Utility Vehicle 4WD
2022,Audi,Q4 e-tron quattro,95.0,Standard Sport Utility Vehicle 4WD
2022,Audi,Q5 S line quattro,25.0,Small Sport Utility Vehicle 4WD
2022,Audi,Q5 Sportback S line quattro,25.0,Small Sport Utility Vehicle 4WD
2022,Audi,Q5 TFSI e quattro,26.0,Small Sport Utility Vehicle 4WD
2022,Audi,Q5 quattro,25.0,Small Sport Utility Vehicle 4WD
2022,Audi,Q7 quattro,21.0,Standard Sport Utility Vehicle 4WD
2022,Audi,Q8 quattro,20.0,Standard Sport Utility Vehicle 4WD
2022,Audi,R8 Coupe,15.0,Two Seaters
2022,Audi,R8 Coupe RWD,17.0,Two Seaters
2022,Audi,R8 Spyder,15.0,Two Seaters
2022,Audi,R8 Spyder RWD,17.0,Two Seaters
2022,Audi,RS 3,23.0,Subcompact Cars
2022,Audi,RS 5 Coupe,21.0,Subcompact Cars
2022,Audi,RS 5 Sportback,21.0,Midsize Cars
2022,Audi,RS 6 Avant,17.0,Midsize Station Wagons
2022,Audi,RS 7,17.0,Midsize Cars
2022,Audi,RS Q8,15.0,Standard Sport Utility Vehicle 4WD
2022,Audi,RS e-tron GT,81.0,Midsize Cars
2022,Audi,S3,27.0,Subcompact Cars
2022,Audi,S4,24.0,Compact Cars
2022,Audi,S5 Cabriolet,23.0,Subcompact Cars
2022,Audi,S5 Coupe,24.0,Subcompact Cars
2022,Audi,S5 Sportback,24.0,Midsize Cars
2022,Audi,S6,22.0,Midsize Cars
2022,Audi,S7,22.0,Midsize Cars
2022,Audi,S8,17.0,Large Cars
2022,Audi,SQ5,21.0,Small Sport Utility Vehicle 4WD
2022,Audi,SQ5 Sportback,21.0,Small Sport Utility Vehicle 4WD
2022,Audi,SQ7,17.0,Standard Sport Utility Vehicle 4WD
2022,Audi,SQ8,17.0,Standard Sport Utility Vehicle 4WD
2022,Audi,TT Coupe quattro,26.0,Subcompact Cars
2022,Audi,TT RS Coupe,23.0,Subcompact Cars
2022,Audi,TT Roadster quattro,26.0,Two Seaters
2022,Audi,TTS Coupe quattro,26.0,Subcompact Cars
2022,Audi,e-tron GT,82.0,Midsize Cars
2022,Audi,e-tron S (20in wheels),73.0,Standard Sport Utility Vehicle 4WD
2022,Audi,e-tron S (21/22 inch wheels),63.0,Standard Sport Utility Vehicle 4WD
2022,Audi,e-tron S Sportback (20 inch wheels),75.0,Standard Sport Utility Vehicle 4WD
2022,Audi,e-tron S Sportback (21/22 inch wheels),65.0,Standard Sport Utility Vehicle 4WD
2022,Audi,e-tron Sportback quattro,77.0,Standard Sport Utility Vehicle 4WD
2022,Audi,e-tron quattro,78.0,Standard Sport Utility Vehicle 4WD
2022,BMW,228i Gran Coupe,28.0,Compact Cars
2022,BMW,228i xDrive Gran Coupe,27.0,Compact Cars
2022,BMW,230i Coupe,29.0,Subcompact Cars
2022,BMW,330e Sedan,28.0,Compact Cars
2022,BMW,330e xDrive Sedan,25.0,Compact Cars
2022,BMW,330i Sedan,30.0,Compact Cars
2022,BMW,330i xDrive Sedan,28.0,Compact Cars
2022,BMW,430i Convertible,28.0,Subcompact Cars
2022,BMW,430i Coupe,28.0,Subcompact Cars
2022,BMW,430i Gran Coupe,28.0,Compact Cars
2022,BMW,430i xDrive Convertible,27.0,Subcompact Cars
2022,BMW,430i xDrive Coupe,27.0,Subcompact Cars
2022,BMW,530e Sedan,26.0,Compact Cars
2022,BMW,530e xDrive Sedan,25.0,Compact Cars
2022,BMW,530i Sedan,28.0,Midsize Cars
2022,BMW,530i xDrive Sedan,26.0,Midsize Cars
2022,BMW,540i Sedan,27.0,Midsize Cars
2022,BMW,540i xDrive Sedan,25.0,Midsize Cars
2022,BMW,740i Sedan,25.0,Large Cars
2022,BMW,740i xDrive Sedan,23.0,Large Cars
2022,BMW,745e xDrive,22.0,Large Cars
2022,BMW,750i xDrive Sedan,19.0,Large Cars
2022,BMW,840i Convertible,25.0,Subcompact Cars
2022,BMW,840i Coupe,25.0,Subcompact Cars
2022,BMW,840i Gran Coupe,25.0,Midsize Cars
2022,BMW,840i xDrive Convertible,23.0,Subcompact Cars
2022,BMW,840i xDrive Coupe,23.0,Subcompact Cars
2022,BMW,840i xDrive Gran Coupe,23.0,Midsize Cars
2022,BMW,Alpina B7 xDrive,19.0,Large Cars
2022,BMW,Alpina B8 Gran Coupe,19.0,Midsize Cars
2022,BMW,Alpina XB7,17.0,Standard Sport Utility Vehicle 4WD
2022,BMW,M235i xDrive Gran Coupe,26.0,Compact Cars
2022,BMW,M240i xDrive Coupe,26.0,Subcompact Cars
2022,BMW,M3 Competition M xDrive Sedan,18.0,Compact Cars
2022,BMW,M3 Competition Sedan,19.0,Compact Cars
2022,BMW,M3 Sedan,19.0,Compact Cars
2022,BMW,M340i Sedan,26.0,Compact Cars
2022,BMW,M340i xDrive Sedan,26.0,Compact Cars
2022,BMW,M4 Competition Coupe,19.0,Subcompact Cars
2022,BMW,M4 Competition M xDrive Convertible,18.0,Subcompact Cars
2022,BMW,M4 Competition M xDrive Coupe,18.0,Subcompact Cars
2022,BMW,M4 Coupe,19.0,Subcompact Cars
2022,BMW,M440i Convertible,26.0,Subcompact Cars
2022,BMW,M440i Coupe,28.0,Subcompact Cars
2022,BMW,M440i xDrive Convertible,26.0,Subcompact Cars
2022,BMW,M440i xDrive Coupe,26.0,Subcompact Cars
2022,BMW,M440i xDrive Gran Coupe,25.0,Compact Cars
2022,BMW,M5 CS Sedan,17.0,Midsize Cars
2022,BMW,M5 Competition Sedan,17.0,Midsize Cars
2022,BMW,M5 Sedan,17.0,Midsize Cars
2022,BMW,M550i xDrive Sedan,20.0,Midsize Cars
2022,BMW,M760i xDrive Sedan,16.0,Large Cars
2022,BMW,M8 Competition Convertible,17.0,Subcompact Cars
2022,BMW,M8 Competition Coupe,17.0,Subcompact Cars
2022,BMW,M8 Competition Gran Coupe,17.0,Midsize Cars
2022,BMW,M850i xDrive Convertible,19.0,Subcompact Cars
2022,BMW,M850i xDrive Coupe,20.0,Subcompact Cars
2022,BMW,M850i xDrive Gran Coupe,19.0,Midsize Cars
2022,BMW,X1 sDrive28i,27.0,Large Cars
2022,BMW,X1 xDrive28i,26.0,Large Cars
2022,BMW,X2 M35i,26.0,Midsize Cars
2022,BMW,X2 sDrive28i,27.0,Midsize Cars
2022,BMW,X2 xDrive28i,27.0,Midsize Cars
2022,BMW,X3 M,17.0,Small Sport Utility Vehicle 4WD
2022,BMW,X3 M Competition,17.0,Small Sport Utility Vehicle 4WD
2022,BMW,X3 M40i,23.0,Small Sport Utility Vehicle 4WD
2022,BMW,X3 sDrive30i,25.0,Small Sport Utility Vehicle 2WD
2022,BMW,X3 xDrive30i,24.0,Small Sport Utility Vehicle 4WD
2022,BMW,X4 M,17.0,Small Sport Utility Vehicle 4WD
2022,BMW,X4 M Competition,17.0,Small Sport Utility Vehicle 4WD
2022,BMW,X4 M40i,23.0,Small Sport Utility Vehicle 4WD
2022,BMW,X4 xDrive30i,24.0,Small Sport Utility Vehicle 4WD
2022,BMW,X5 M,15.0,Standard Sport Utility Vehicle 4WD
2022,BMW,X5 M Competition,15.0,Standard Sport Utility Vehicle 4WD
2022,BMW,X5 M50i,18.0,Standard Sport Utility Vehicle 4WD
2022,BMW,X5 sDrive40i,23.0,Standard Sport Utility Vehicle 2WD
2022,BMW,X5 xDrive40i,23.0,Standard Sport Utility Vehicle 4WD
2022,BMW,X5 xDrive45e,20.0,Standard Sport Utility Vehicle 4WD
2022,BMW,X6 M,15.0,Standard Sport Utility Vehicle 4WD
2022,BMW,X6 M Competition,15.0,Standard Sport Utility Vehicle 4WD
2022,BMW,X6 M50i,18.0,Standard Sport Utility Vehicle 4WD
2022,BMW,X6 xDrive40i,23.0,Standard Sport Utility Vehicle 4WD
2022,BMW,X7 M50i,17.0,Standard Sport Utility Vehicle 4WD
2022,BMW,X7 xDrive40i,21.0,Standard Sport Utility Vehicle 4WD
2022,BMW,Z4 M40i,25.0,Two Seaters
2022,BMW,Z4 sDrive30i,28.0,Two Seaters
2022,BMW,i4 M50 Gran Coupe (19 inch wheels),96.0,Subcompact Cars
2022,BMW,i4 M50 Gran Coupe (20 inch wheels),80.0,Subcompact Cars
2022,BMW,i4 eDrive40 Gran Coupe (18 inch wheels),109.0,Subcompact Cars
2022,BMW,i4 eDrive40 Gran Coupe (19 inch wheels),99.0,Subcompact Cars
2022,BMW,iX xDrive50 (20 inch wheels),86.0,Standard Sport Utility Vehicle 4WD
2022,BMW,iX xDrive50 (21 inch wheels),83.0,Standard Sport Utility Vehicle 4WD
2022,BMW,iX xDrive50 (22 inch wheels),86.0,Standard Sport Utility Vehicle 4WD
2022,Bentley,Bentayga,18.0,Standard Sport Utility Vehicle 4WD
2022,Bentley,Bentayga Speed,14.0,Standard Sport Utility Vehicle 4WD
2022,Bentley,Continental GT,19.0,Subcompact Cars
2022,Bentley,Continental GT Speed,15.0,Subcompact Cars
2022,Bentley,Continental GT Speed Convertible,14.0,Minicompact Cars
2022,Bentley,Continental GT V8 Convertible,19.0,Minicompact Cars
2022,Bentley,Flying Spur,16.0,Midsize Cars
2022,Bentley,Flying Spur Hybrid,19.0,Midsize Cars
2022,Bugatti,Chiron,11.0,Two Seaters
2022,Bugatti,Chiron Pur Sport,9.0,Two Seaters
2022,Bugatti,Chiron Super Sport,9.0,Two Seaters
2022,Buick,Enclave AWD,20.0,Standard Sport Utility Vehicle 4WD
2022,Buick,Enclave FWD,21.0,Standard Sport Utility Vehicle 2WD
2022,Buick,Encore AWD,26.0,Small Sport Utility Vehicle 4WD
2022,Buick,Encore FWD,27.0,Small Sport Utility Vehicle 2WD
2022,Buick,Encore GX AWD,27.0,Small Sport Utility Vehicle 4WD
2022,Buick,Encore GX FWD,30.0,Small Sport Utility Vehicle 2WD
2022,Buick,Envision AWD,25.0,Small Sport Utility Vehicle 4WD
2022,Buick,Envision FWD,26.0,Small Sport Utility Vehicle 2WD
2022,Cadillac,CT4,26.0,Compact Cars
2022,Cadillac,CT4 AWD,25.0,Compact Cars
2022,Cadillac,CT4 V,19.0,Compact Cars
2022,Cadillac,CT4 V AWD,23.0,Compact Cars
2022,Cadillac,CT5,24.5,Midsize Cars
2022,Cadillac,CT5 AWD,23.0,Midsize Cars
2022,Cadillac,CT5 V,16.0,Midsize Cars
2022,Cadillac,CT5 V AWD,21.0,Midsize Cars
2022,Cadillac,Escalade 2WD,16.0,Standard Sport Utility Vehicle 2WD
2022,Cadillac,Escalade 4WD,16.0,Standard Sport Utility Vehicle 4WD
2022,Cadillac,XT4 AWD,24.0,Small Sport Utility Vehicle 4WD
2022,Cadillac,XT4 FWD,26.0,Small Sport Utility Vehicle 2WD
2022,Cadillac,XT5 AWD,22.0,Small Sport Utility Vehicle 4WD
2022,Cadillac,XT5 FWD,22.5,Small Sport Utility Vehicle 2WD
2022,Cadillac,XT5 Hearse AWD,21.0,Special Purpose Vehicle 4WD
2022,Cadillac,XT5 Hearse FWD,21.0,Special Purpose Vehicle 2WD
2022,Cadillac,XT5 Limo AWD,21.0,Special Purpose Vehicle 4WD
2022,Cadillac,XT5 Limo FWD,21.0,Special Purpose Vehicle 2WD
2022,Cadillac,XT6 AWD,22.0,Small Sport Utility Vehicle 4WD
2022,Cadillac,XT6 FWD,22.0,Small Sport Utility Vehicle 2WD
2022,Chevrolet,Blazer AWD,22.5,Small Sport Utility Vehicle 4WD
2022,Chevrolet,Blazer FWD,23.5,Small Sport Utility Vehicle 2WD
2022,Chevrolet,Bolt EUV,115.0,Small Station Wagons
2022,Chevrolet,Bolt EV,120.0,Small Station Wagons
2022,Chevrolet,Camaro,20.0,Subcompact Cars
2022,Chevrolet,Colorado 2WD,22.0,Small Pickup Trucks 2WD
2022,Chevrolet,Colorado 4WD,21.0,Small Pickup Trucks 4WD
2022,Chevrolet,Colorado ZR2 4WD,18.0,Small Pickup Trucks 4WD
2022,Chevrolet,Corvette,19.0,Two Seaters
2022,Chevrolet,Equinox AWD,27.0,Small Sport Utility Vehicle 4WD
2022,Chevrolet,Equinox FWD,28.0,Small Sport Utility Vehicle 2WD
2022,Chevrolet,Malibu,29.0,Midsize Cars
2022,Chevrolet,Silverado 2WD,18.0,Standard Pickup Trucks 2WD
2022,Chevrolet,Silverado 4WD,17.0,Standard Pickup Trucks 4WD
2022,Chevrolet,Silverado 4WD ZR2,15.0,Standard Pickup Trucks 4WD
2022,Chevrolet,Silverado Cab Chassis 2WD,16.0,Special Purpose Vehicle 2WD
2022,Chevrolet,Silverado Cab Chassis 4WD,15.0,Special Purpose Vehicle 4WD
2022,Chevrolet,Silverado Mud Terrain Tires 4WD,15.0,Standard Pickup Trucks 4WD
2022,Chevrolet,Spark,33.0,Subcompact Cars
2022,Chevrolet,Spark ACTIV,32.5,Subcompact Cars
2022,Chevrolet,Suburban 2WD,17.0,Standard Sport Utility Vehicle 2WD
2022,Chevrolet,Suburban 4WD,16.0,Standard Sport Utility Vehicle 4WD
2022,Chevrolet,Tahoe 2WD,17.0,Standard Sport Utility Vehicle 2WD
2022,Chevrolet,Tahoe 4WD,16.0,Standard Sport Utility Vehicle 4WD
2022,Chevrolet,Trailblazer AWD,28.0,Small Sport Utility Vehicle 4WD
2022,Chevrolet,Trailblazer FWD,30.5,Small Sport Utility Vehicle 2WD
2022,Chevrolet,Traverse AWD,20.0,Standard Sport Utility Vehicle 4WD
2022,Chevrolet,Traverse FWD,21.0,Standard Sport Utility Vehicle 2WD
2022,Chevrolet,Trax AWD,26.0,Small Sport Utility Vehicle 4WD
2022,Chevrolet,Trax FWD,27.0,Small Sport Utility Vehicle 2WD
2022,Chrysler,300,21.0,Large Cars
2022,Chrysler,300 AWD,21.0,Large Cars
2022,Chrysler,Pacifica,22.0,Minivan - 2WD
2022,Chrysler,Pacifica AWD,20.0,Minivan - 4WD
2022,Chrysler,Pacifica Hybrid,30.0,Minivan - 2WD
2022,Chrysler,Voyager,22.0,Minivan - 2WD
2022,Dodge,Challenger,18.0,Midsize Cars
2022,Dodge,Challenger AWD,21.0,Midsize Cars
2022,Dodge,Challenger SRT,16.0,Midsize Cars
2022,Dodge,Challenger SRT Widebody,15.5,Midsize Cars
2022,Dodge,Challenger Widebody,17.5,Midsize Cars
2022,Dodge,Charger,19.0,Large Cars
2022,Dodge,Charger AWD,21.0,Large Cars
2022,Dodge,Charger SRT Widebody,15.0,Large Cars
2022,Dodge,Charger Widebody,18.0,Large Cars
2022,Dodge,Durango AWD,19.0,Standard Sport Utility Vehicle 4WD
2022,Dodge,Durango RWD,19.0,Standard Sport Utility Vehicle 2WD
2022,Dodge,Durango SRT AWD,15.0,Standard Sport Utility Vehicle 4WD
2022,Ferrari,296 GTB,18.0,Two Seaters
2022,Ferrari,812 Competizione,14.0,Two Seaters
2022,Ferrari,812 GTS,13.0,Two Seaters
2022,Ferrari,F8 Spider,16.0,Two Seaters
2022,Ferrari,F8 Tributo,16.0,Two Seaters
2022,Ferrari,Portofino M,19.0,Minicompact Cars
2022,Ferrari,Roma,19.0,Subcompact Cars
2022,Ferrari,SF90 Spider,17.0,Two Seaters
2022,Ferrari,SF90 Stradale,18.0,Two Seaters
2022,Fiat,500X AWD,26.0,Small Sport Utility Vehicle 4WD
2022,Ford,Bronco 4WD,20.0,Small Sport Utility Vehicle 4WD
2022,Ford,Bronco Badlands 4WD,17.0,Small Sport Utility Vehicle 4WD
2022,Ford,Bronco Black Diamond 4WD,18.0,Small Sport Utility Vehicle 4WD
2022,Ford,Bronco Raptor 4WD,15.0,Standard Sport Utility Vehicle 4WD
2022,Ford,Bronco Sasquatch 4WD,18.0,Small Sport Utility Vehicle 4WD
2022,Ford,Bronco Sport 4WD,24.5,Small Sport Utility Vehicle 4WD
2022,Ford,EcoSport AWD,25.0,Small Sport Utility Vehicle 4WD
2022,Ford,Edge AWD,23.0,Small Sport Utility Vehicle 4WD
2022,Ford,Escape AWD,27.0,Small Sport Utility Vehicle 4WD
2022,Ford,Escape AWD HEV,40.0,Small Sport Utility Vehicle 4WD
2022,Ford,Escape FWD,30.0,Small Sport Utility Vehicle 2WD
2022,Ford,Escape FWD HEV,41.0,Small Sport Utility Vehicle 2WD
2022,Ford,Escape FWD PHEV,40.0,Small Sport Utility Vehicle 2WD
2022,Ford,Expedition 2WD,19.0,Standard Sport Utility Vehicle 2WD
2022,Ford,Expedition 4WD,18.0,Standard Sport Utility Vehicle 4WD
2022,Ford,Expedition Timberline AWD,17.0,Standard Sport Utility Vehicle 4WD
2022,Ford,Explorer AWD,21.0,Standard Sport Utility Vehicle 4WD
2022,Ford,Explorer FFV AWD,19.0,Standard Sport Utility Vehicle 4WD
2022,Ford,Explorer HEV AWD,25.0,Standard Sport Utility Vehicle 4WD
2022,Ford,Explorer HEV RWD,27.0,Standard Sport Utility Vehicle 2WD
2022,Ford,Explorer Platinum HEV AWD,23.0,Standard Sport Utility Vehicle 4WD
2022,Ford,Explorer Platinum HEV RWD,26.0,Standard Sport Utility Vehicle 2WD
2022,Ford,Explorer RWD,22.0,Standard Sport Utility Vehicle 2WD
2022,Ford,Explorer Timberline AWD,20.5,Standard Sport Utility Vehicle 4WD
2022,Ford,F-150 Lightning 4WD,68.0,Standard Pickup Trucks 4WD
2022,Ford,F-150 Lightning 4WD Extended Range,70.0,Standard Pickup Trucks 4WD
2022,Ford,F-150 Lightning Platinum 4WD,66.0,Standard Pickup Trucks 4WD
2022,Ford,F150 Pickup 2WD,20.0,Standard Pickup Trucks 2WD
2022,Ford,F150 Pickup 2WD FFV,20.0,Standard Pickup Trucks 2WD
2022,Ford,F150 Pickup 2WD HEV,25.0,Standard Pickup Trucks 2WD
2022,Ford,F150 Pickup 4WD,20.0,Standard Pickup Trucks 4WD
2022,Ford,F150 Pickup 4WD FFV,19.0,Standard Pickup Trucks 4WD
2022,Ford,F150 Pickup 4WD HEV,23.0,Standard Pickup Trucks 4WD
2022,Ford,F150 Pickup Tremor 4WD,18.0,Standard Pickup Trucks 4WD
2022,Ford,F150 RAPTOR 37 4WD,15.0,Standard Pickup Trucks 4WD
2022,Ford,F150 RAPTOR 4WD,15.5,Standard Pickup Trucks 4WD
2022,Ford,GT,14.0,Two Seaters
2022,Ford,Maverick AWD,25.0,Small Pickup Trucks 4WD
2022,Ford,Maverick FWD,26.0,Small Pickup Trucks 2WD
2022,Ford,Maverick HEV FWD,37.0,Small Pickup Trucks 2WD
2022,Ford,Mustang,24.0,Subcompact Cars
2022,Ford,Mustang Convertible,23.0,Subcompact Cars
2022,Ford,Mustang HO Convertible,21.5,Subcompact Cars
2022,Ford,Mustang HO Coupe,22.5,Subcompact Cars
2022,Ford,Mustang Mach 1,17.5,Subcompact Cars
2022,Ford,Mustang Mach-E AWD,93.0,Small Sport Utility Vehicle 4WD
2022,Ford,Mustang Mach-E AWD Extended,91.0,Small Sport Utility Vehicle 4WD
2022,Ford,Mustang Mach-E CAL RT 1 ER AWD,98.0,Small Sport Utility Vehicle 4WD
2022,Ford,Mustang Mach-E CAL RT 1 ER RWD,101.0,Small Sport Utility Vehicle 2WD
2022,Ford,Mustang Mach-E GT,84.0,Small Sport Utility Vehicle 4WD
2022,Ford,Mustang Mach-E GT Performance,82.0,Small Sport Utility Vehicle 4WD
2022,Ford,Mustang Mach-E RWD,103.0,Small Sport Utility Vehicle 2WD
2022,Ford,Mustang Mach-E RWD Extended,97.0,Small Sport Utility Vehicle 2WD
2022,Ford,Ranger 2WD,22.5,Standard Pickup Trucks 2WD
2022,Ford,Ranger 4WD,21.5,Standard Pickup Trucks 4WD
2022,Ford,Ranger Tremor 4WD,19.0,Standard Pickup Trucks 4WD
2022,Ford,Shelby GT500 Mustang,14.0,Subcompact Cars
2022,Ford,Transit Connect USPS,22.0,Special Purpose Vehicle 2WD
2022,Ford,Transit Connect Van FFV,25.0,Special Purpose Vehicle 2WD
2022,Ford,Transit Connect Van FWD,23.5,Special Purpose Vehicle 2WD
2022,Ford,Transit Connect Wagon LWB FFV,26.0,Special Purpose Vehicle 2WD
2022,Ford,Transit Connect Wagon LWB FWD,24.0,Special Purpose Vehicle 2WD
2022,Ford,Transit T150 Wagon 2WD FFV,17.0,"Vans, Passenger Type"
2022,Ford,Transit T150 Wagon 4WD FFV,16.0,"Vans, Passenger Type"
2022,GMC,Acadia AWD,22.5,Standard Sport Utility Vehicle 4WD
2022,GMC,Acadia FWD,23.5,Standard Sport Utility Vehicle 2WD
2022,GMC,Canyon 2WD,22.0,Small Pickup Trucks 2WD
2022,GMC,Canyon 4WD,21.0,Small Pickup Trucks 4WD
2022,GMC,Sierra 2WD,18.0,Standard Pickup Trucks 2WD
2022,GMC,Sierra 4WD,17.0,Standard Pickup Trucks 4WD
2022,GMC,Sierra Cab Chassis 2WD,16.0,Special Purpose Vehicle 2WD
2022,GMC,Sierra Cab Chassis 4WD,15.0,Special Purpose Vehicle 4WD
2022,GMC,Sierra Mud Terrain Tires 4WD,15.0,Standard Pickup Trucks 4WD
2022,GMC,Terrain AWD,26.0,Small Sport Utility Vehicle 4WD
2022,GMC,Terrain FWD,27.0,Small Sport Utility Vehicle 2WD
2022,GMC,Yukon 2WD,17.0,Standard Sport Utility Vehicle 2WD
2022,GMC,Yukon 4WD,16.0,Standard Sport Utility Vehicle 4WD
2022,GMC,Yukon XL 2WD,17.0,Standard Sport Utility Vehicle 2WD
2022,GMC,Yukon XL 4WD,16.0,Standard Sport Utility Vehicle 4WD
2022,Genesis,G70 AWD,21.5,Compact Cars
2022,Genesis,G70 RWD,22.5,Compact Cars
2022,Genesis,G80 AWD,22.5,Large Cars
2022,Genesis,G80 RWD,26.0,Large Cars
2022,Genesis,G90 AWD,19.0,Large Cars
2022,Genesis,G90 RWD,19.0,Large Cars
2022,Genesis,GV70 AWD,22.0,Small Sport Utility Vehicle 4WD
2022,Genesis,GV80 AWD,21.0,Standard Sport Utility Vehicle 4WD
2022,Genesis,GV80 RWD,23.0,Small Sport Utility Vehicle 2WD
2022,Honda,Accord,33.0,Large Cars
2022,Honda,Accord Hybrid,47.0,Large Cars
2022,Honda,Accord Hybrid Sport/Touring,43.0,Large Cars
2022,Honda,Accord Sport/Touring,29.0,Large Cars
2022,Honda,CR-V AWD,29.0,Small Sport Utility Vehicle 4WD
2022,Honda,CR-V FWD,30.0,Small Sport Utility Vehicle 2WD
2022,Honda,CR-V Hybrid AWD,38.0,Small Sport Utility Vehicle 4WD
2022,Honda,Civic 4Dr,34.0,Midsize Cars
2022,Honda,Civic 5Dr,32.5,Large Cars
2022,Honda,HR-V AWD,28.5,Small Station Wagons
2022,Honda,HR-V FWD,30.0,Small Station Wagons
2022,Honda,Insight,52.0,Midsize Cars
2022,Honda,Insight Touring,48.0,Compact Cars
2022,Honda,Odyssey,22.0,Minivan - 2WD
2022,Honda,Passport AWD,21.0,Small Sport Utility Vehicle 4WD
2022,Honda,Passport FWD,22.0,Small Sport Utility Vehicle 2WD
2022,Honda,Pilot AWD,22.0,Small Sport Utility Vehicle 4WD
2022,Honda,Pilot AWD TrailSport,21.0,Small Sport Utility Vehicle 4WD
2022,Honda,Pilot FWD,23.0,Small Sport Utility Vehicle 2WD
2022,Honda,Ridgeline AWD,21.0,Standard Pickup Trucks 4WD
2022,Hyundai,Accent,36.0,Compact Cars
2022,Hyundai,Elantra,33.0,Midsize Cars
2022,Hyundai,Elantra Hybrid,50.0,Midsize Cars
2022,Hyundai,Elantra Hybrid Blue,54.0,Midsize Cars
2022,Hyundai,Elantra N,24.0,Midsize Cars
2022,Hyundai,Ioniq,55.0,Large Cars
2022,Hyundai,Ioniq 5 AWD (Long Range),98.0,Large Cars
2022,Hyundai,Ioniq 5 RWD (Long Range),114.0,Large Cars
2022,Hyundai,Ioniq 5 RWD (Standard Range),110.0,Large Cars
2022,Hyundai,Ioniq Blue,59.0,Large Cars
2022,Hyundai,Ioniq Plug-in Hybrid,52.0,Midsize Cars
2022,Hyundai,Kona AWD,29.5,Small Sport Utility Vehicle 4WD
2022,Hyundai,Kona Electric,120.0,Small Sport Utility Vehicle 2WD
2022,Hyundai,Kona FWD,32.0,Small Sport Utility Vehicle 2WD
2022,Hyundai,Kona N,23.0,Small Sport Utility Vehicle 2WD
2022,Hyundai,Nexo,57.0,Small Sport Utility Vehicle 2WD
2022,Hyundai,Nexo Blue,61.0,Small Sport Utility Vehicle 2WD
2022,Hyundai,Palisade AWD,21.0,Standard Sport Utility Vehicle 4WD
2022,Hyundai,Palisade FWD,22.0,Standard Sport Utility Vehicle 2WD
2022,Hyundai,Santa Cruz AWD,22.5,Small Sport Utility Vehicle 4WD
2022,Hyundai,Santa Cruz FWD,23.0,Small Sport Utility Vehicle 2WD
2022,Hyundai,Santa Fe AWD,24.0,Small Sport Utility Vehicle 4WD
2022,Hyundai,Santa Fe FWD,25.5,Small Sport Utility Vehicle 2WD
2022,Hyundai,Santa Fe Hybrid,32.0,Small Sport Utility Vehicle 4WD
2022,Hyundai,Santa Fe Hybrid Blue,34.0,Small Sport Utility Vehicle 4WD
2022,Hyundai,Santa Fe Plug-in Hybrid,33.0,Small Sport Utility Vehicle 4WD
2022,Hyundai,Sonata,31.0,Large Cars
2022,Hyundai,Sonata Hybrid,47.0,Large Cars
2022,Hyundai,Sonata Hybrid Blue,52.0,Large Cars
2022,Hyundai,Tucson AWD,26.0,Small Sport Utility Vehicle 4WD
2022,Hyundai,Tucson FWD,29.0,Small Sport Utility Vehicle 2WD
2022,Hyundai,Tucson Hybrid,37.0,Small Sport Utility Vehicle 4WD
2022,Hyundai,Tucson Hybrid Blue,38.0,Small Sport Utility Vehicle 4WD
2022,Hyundai,Tucson Plug-in Hybrid,35.0,Small Sport Utility Vehicle 4WD
2022,Hyundai,Veloster N,23.5,Compact Cars
2022,Hyundai,Venue,31.0,Midsize Cars
2022,Infiniti,Q50,23.0,Midsize Cars
2022,Infiniti,Q50 AWD,22.0,Midsize Cars
2022,Infiniti,Q50 Red Sport,22.0,Midsize Cars
2022,Infiniti,Q50 Red Sport  AWD,22.0,Midsize Cars
2022,Infiniti,Q60,22.0,Subcompact Cars
2022,Infiniti,Q60 AWD,22.0,Subcompact Cars
2022,Infiniti,Q60 Red Sport,22.0,Subcompact Cars
2022,Infiniti,Q60 Red Sport AWD,21.0,Subcompact Cars
2022,Infiniti,QX50,26.0,Small Sport Utility Vehicle 2WD
2022,Infiniti,QX50 AWD,25.0,Small Sport Utility Vehicle 4WD
2022,Infiniti,QX55 AWD,25.0,Small Sport Utility Vehicle 4WD
2022,Infiniti,QX60 AWD,22.0,Standard Sport Utility Vehicle 4WD
2022,Infiniti,QX60 FWD,23.0,Standard Sport Utility Vehicle 2WD
2022,Infiniti,QX80 2WD,16.0,Standard Sport Utility Vehicle 2WD
2022,Infiniti,QX80 4WD,15.0,Standard Sport Utility Vehicle 4WD
2022,Jaguar,E-Pace,23.0,Small Sport Utility Vehicle 4WD
2022,Jaguar,E-Pace MHEV,23.0,Small Sport Utility Vehicle 4WD
2022,Jaguar,F-Pace,24.0,Small Sport Utility Vehicle 4WD
2022,Jaguar,F-Pace P340 MHEV,22.0,Small Sport Utility Vehicle 4WD
2022,Jaguar,F-Pace P400 MHEV,22.0,Small Sport Utility Vehicle 4WD
2022,Jaguar,F-Pace SVR,17.0,Small Sport Utility Vehicle 4WD
2022,Jaguar,F-Type P450 AWD R-Dynamic Convertible,18.0,Two Seaters
2022,Jaguar,F-Type P450 AWD R-Dynamic Coupe,18.0,Two Seaters
2022,Jaguar,F-Type P450 RWD Convertible,19.0,Two Seaters
2022,Jaguar,F-Type P450 RWD Coupe,19.0,Two Seaters
2022,Jaguar,F-Type R AWD Convertible,18.0,Two Seaters
2022,Jaguar,F-Type R AWD Coupe,18.0,Two Seaters
2022,Jaguar,XF P250,28.0,Midsize Cars
2022,Jaguar,XF P250 AWD,26.0,Midsize Cars
2022,Jaguar,XF P300 AWD,25.0,Midsize Cars
2022,Jeep,Cherokee 4WD,24.0,Small Sport Utility Vehicle 4WD
2022,Jeep,Cherokee FWD,25.0,Small Sport Utility Vehicle 2WD
2022,Jeep,Cherokee Trailhawk 4WD,21.0,Small Sport Utility Vehicle 4WD
2022,Jeep,Compass 4WD,25.0,Small Sport Utility Vehicle 4WD
2022,Jeep,Compass FWD,25.0,Small Sport Utility Vehicle 2WD
2022,Jeep,Gladiator 4WD,19.0,Standard Pickup Trucks 4WD
2022,Jeep,Gladiator EcoDiesel 4WD,24.0,Standard Pickup Trucks 4WD
2022,Jeep,Gladiator Rubic EcoDiesel 4WD,24.0,Standard Pickup Trucks 4WD
2022,Jeep,Grand Cherokee 2WD,22.0,Standard Sport Utility Vehicle 2WD
2022,Jeep,Grand Cherokee 4WD,19.5,Standard Sport Utility Vehicle 4WD
2022,Jeep,Grand Cherokee 4xe,23.0,Standard Sport Utility Vehicle 4WD
2022,Jeep,Grand Cherokee L 2WD,21.0,Standard Sport Utility Vehicle 2WD
2022,Jeep,Grand Cherokee L 4WD,19.0,Standard Sport Utility Vehicle 4WD
2022,Jeep,Grand Cherokee WK 2WD,21.0,Standard Sport Utility Vehicle 2WD
2022,Jeep,Grand Cherokee WK 4WD,21.0,Standard Sport Utility Vehicle 4WD
2022,Jeep,Grand Wagoneer 2WD,16.0,Standard Sport Utility Vehicle 2WD
2022,Jeep,Grand Wagoneer 4WD,16.0,Standard Sport Utility Vehicle 4WD
2022,Jeep,Renegade 2WD,27.0,Small Sport Utility Vehicle 2WD
2022,Jeep,Renegade 4WD,26.0,Small Sport Utility Vehicle 4WD
2022,Jeep,Renegade Trailhawk 4WD,24.0,Small Sport Utility Vehicle 4WD
2022,Jeep,Wagoneer 2WD,18.0,Standard Sport Utility Vehicle 2WD
2022,Jeep,Wagoneer 4WD,17.0,Standard Sport Utility Vehicle 4WD
2022,Jeep,Wrangler 2dr 4WD,20.5,Small Sport Utility Vehicle 4WD
2022,Jeep,Wrangler 4dr 4WD,20.0,Small Sport Utility Vehicle 4WD
2022,Jeep,Wrangler 4dr 4xe,20.0,Small Sport Utility Vehicle 4WD
2022,Jeep,Wrangler 4dr EcoDiesel 4WD,25.0,Small Sport Utility Vehicle 4WD
2022,Jeep,Wrangler Rubic 4dr EcoDiesel 4WD,23.0,Small Sport Utility Vehicle 4WD
2022,Kia,Carnival,22.0,Minivan - 2WD
2022,Kia,EV6 AWD (Long Range),105.0,Small Station Wagons
2022,Kia,EV6 RWD (Long Range),117.0,Small Station Wagons
2022,Kia,EV6 RWD (Standard Range),117.0,Small Station Wagons
2022,Kia,Forte,30.0,Midsize Cars
2022,Kia,Forte FE,35.0,Midsize Cars
2022,Kia,K5,31.0,Large Cars
2022,Kia,K5 AWD,28.0,Large Cars
2022,Kia,Niro,49.0,Small Station Wagons
2022,Kia,Niro Electric,112.0,Small Station Wagons
2022,Kia,Niro FE,50.0,Small Station Wagons
2022,Kia,Niro Plug-in Hybrid,46.0,Small Station Wagons
2022,Kia,Niro Touring,43.0,Small Station Wagons
2022,Kia,Rio,36.0,Compact Cars
2022,Kia,Seltos AWD,28.0,Small Sport Utility Vehicle 4WD
2022,Kia,Seltos FWD,31.0,Small Sport Utility Vehicle 2WD
2022,Kia,Sorento AWD,24.0,Small Sport Utility Vehicle 4WD
2022,Kia,Sorento FWD,25.5,Small Sport Utility Vehicle 2WD
2022,Kia,Sorento Hybrid AWD,35.0,Small Sport Utility Vehicle 4WD
2022,Kia,Sorento Hybrid FWD,37.0,Small Sport Utility Vehicle 2WD
2022,Kia,Sorento Plug-in Hybrid,34.0,Small Sport Utility Vehicle 4WD
2022,Kia,Soul,29.5,Small Station Wagons
2022,Kia,Soul Eco dynamics,31.0,Small Station Wagons
2022,Kia,Sportage AWD,22.0,Small Sport Utility Vehicle 4WD
2022,Kia,Sportage FWD,24.5,Small Sport Utility Vehicle 2WD
2022,Kia,Stinger AWD,22.0,Midsize Cars
2022,Kia,Stinger RWD,22.5,Midsize Cars
2022,Kia,Telluride AWD,21.0,Small Sport Utility Vehicle 4WD
2022,Kia,Telluride FWD,23.0,Small Sport Utility Vehicle 2WD
2022,Lamborghini,Aventador Countach,11.0,Two Seaters
2022,Lamborghini,Aventador Coupe,11.0,Two Seaters
2022,Lamborghini,Aventador Roadster,11.0,Two Seaters
2022,Lamborghini,Huracan Coupe,15.0,Two Seaters
2022,Lamborghini,Huracan Coupe RWD,15.0,Two Seaters
2022,Lamborghini,Huracan Spyder,15.0,Two Seaters
2022,Lamborghini,Huracan Spyder RWD,15.0,Two Seaters
2022,Lamborghini,Urus,14.0,Standard Sport Utility Vehicle 4WD
2022,Land Rover,Defender 110,17.0,Standard Sport Utility Vehicle 4WD
2022,Land Rover,Defender 110 MHEV,19.0,Standard Sport Utility Vehicle 4WD
2022,Land Rover,Defender 90,17.5,Standard Sport Utility Vehicle 4WD
2022,Land Rover,Defender 90 MHEV,19.0,Standard Sport Utility Vehicle 4WD
2022,Land Rover,Discovery,21.0,Standard Sport Utility Vehicle 4WD
2022,Land Rover,Discovery MHEV,21.0,Standard Sport Utility Vehicle 4WD
2022,Land Rover,Discovery Sport,20.0,Small Sport Utility Vehicle 4WD
2022,Land Rover,New Range Rover,18.0,Standard Sport Utility Vehicle 4WD
2022,Land Rover,New Range Rover LWB,18.0,Standard Sport Utility Vehicle 4WD
2022,Land Rover,New Range Rover P360 LWB MHEV,21.0,Standard Sport Utility Vehicle 4WD
2022,Land Rover,New Range Rover P360 MHEV,21.0,Standard Sport Utility Vehicle 4WD
2022,Land Rover,New Range Rover P400 LWB MHEV,21.0,Standard Sport Utility Vehicle 4WD
2022,Land Rover,New Range Rover P400 MHEV,21.0,Standard Sport Utility Vehicle 4WD
2022,Land Rover,Range Rover,18.0,Standard Sport Utility Vehicle 4WD
2022,Land Rover,Range Rover Evoque,22.0,Small Sport Utility Vehicle 4WD
2022,Land Rover,Range Rover Evoque MHEV,23.0,Small Sport Utility Vehicle 4WD
2022,Land Rover,Range Rover LWB,18.0,Standard Sport Utility Vehicle 4WD
2022,Land Rover,Range Rover LWB SVA,15.0,Standard Sport Utility Vehicle 4WD
2022,Land Rover,Range Rover P360 MHEV,20.0,Standard Sport Utility Vehicle 4WD
2022,Land Rover,Range Rover P400 MHEV,20.0,Standard Sport Utility Vehicle 4WD
2022,Land Rover,Range Rover SVA,16.0,Standard Sport Utility Vehicle 4WD
2022,Land Rover,Range Rover Sport,19.0,Standard Sport Utility Vehicle 4WD
2022,Land Rover,Range Rover Sport P360 MHEV,21.0,Standard Sport Utility Vehicle 4WD
2022,Land Rover,Range Rover Sport P400 MHEV,21.0,Standard Sport Utility Vehicle 4WD
2022,Land Rover,Range Rover Sport PHEV,19.0,Standard Sport Utility Vehicle 4WD
2022,Land Rover,Range Rover Sport SVR,16.0,Standard Sport Utility Vehicle 4WD
2022,Land Rover,Range Rover Velar,23.0,Small Sport Utility Vehicle 4WD
2022,Land Rover,Range Rover Velar P340 MHEV,22.0,Small Sport Utility Vehicle 4WD
2022,Land Rover,Range Rover Velar P400 MHEV,21.0,Small Sport Utility Vehicle 4WD
2022,Lexus,ES 250 AWD,28.0,Midsize Cars
2022,Lexus,ES 300h,44.0,Midsize Cars
2022,Lexus,ES 350,26.0,Midsize Cars
2022,Lexus,ES 350 F Sport,25.0,Midsize Cars
2022,Lexus,GX 460,16.0,Standard Sport Utility Vehicle 4WD
2022,Lexus,IS 300,25.0,Compact Cars
2022,Lexus,IS 300 AWD,22.0,Compact Cars
2022,Lexus,IS 350,23.0,Compact Cars
2022,Lexus,IS 350 AWD,22.0,Compact Cars
2022,Lexus,IS 500,20.0,Compact Cars
2022,Lexus,LC 500,19.0,Subcompact Cars
2022,Lexus,LC 500 Convertible,18.0,Minicompact Cars
2022,Lexus,LC 500h,29.0,Subcompact Cars
2022,Lexus,LS 500,22.0,Midsize Cars
2022,Lexus,LS 500 AWD,21.0,Midsize Cars
2022,Lexus,LS 500h AWD,25.0,Midsize Cars
2022,Lexus,LX 600,19.0,Standard Sport Utility Vehicle 4WD
2022,Lexus,NX 250,28.0,Small Sport Utility Vehicle 2WD
2022,Lexus,NX 250 AWD,28.0,Small Sport Utility Vehicle 4WD
2022,Lexus,NX 350 AWD,25.0,Small Sport Utility Vehicle 4WD
2022,Lexus,NX 350h AWD,39.0,Small Sport Utility Vehicle 4WD
2022,Lexus,NX 450h Plus AWD,36.0,Small Sport Utility Vehicle 4WD
2022,Lexus,RC 300,25.0,Subcompact Cars
2022,Lexus,RC 300 AWD,22.0,Subcompact Cars
2022,Lexus,RC 350,23.0,Subcompact Cars
2022,Lexus,RC 350 AWD,22.0,Subcompact Cars
2022,Lexus,RC F,19.0,Subcompact Cars
2022,Lexus,RX 350,23.0,Small Sport Utility Vehicle 2WD
2022,Lexus,RX 350 AWD,22.0,Small Sport Utility Vehicle 4WD
2022,Lexus,RX 350 L,22.0,Small Sport Utility Vehicle 2WD
2022,Lexus,RX 350 L AWD,21.0,Small Sport Utility Vehicle 4WD
2022,Lexus,RX 450h AWD,30.0,Standard Sport Utility Vehicle 4WD
2022,Lexus,RX 450h L AWD,29.0,Standard Sport Utility Vehicle 4WD
2022,Lexus,UX 200,32.0,Midsize Cars
2022,Lexus,UX 250h,42.0,Compact Cars
2022,Lexus,UX 250h AWD,39.0,Compact Cars
2022,Lincoln,Aviator AWD,20.0,Standard Sport Utility Vehicle 4WD
2022,Lincoln,Aviator PHEV AWD,23.0,Standard Sport Utility Vehicle 4WD
2022,Lincoln,Aviator RWD,21.0,Standard Sport Utility Vehicle 2WD
2022,Lincoln,Corsair AWD,24.0,Small Sport Utility Vehicle 4WD
2022,Lincoln,Corsair AWD PHEV,33.0,Small Sport Utility Vehicle 4WD
2022,Lincoln,Corsair FWD,25.0,Small Sport Utility Vehicle 2WD
2022,Lincoln,Nautilus AWD,22.0,Small Sport Utility Vehicle 4WD
2022,Lincoln,Nautilus FWD,23.0,Small Sport Utility Vehicle 2WD
2022,Lincoln,Navigator 2WD,19.0,Standard Sport Utility Vehicle 2WD
2022,Lincoln,Navigator 4WD,18.0,Standard Sport Utility Vehicle 4WD
2022,Lucid,Air Dream P AWD w/19 inch wheels,116.0,Large Cars
2022,Lucid,Air Dream P AWD w/21 inch wheels,111.0,Large Cars
2022,Lucid,Air Dream R AWD w/19 inch wheels,125.0,Large Cars
2022,Lucid,Air Dream R AWD w/21 inch wheels,116.0,Large Cars
2022,Lucid,Air G Touring AWD w/19 inch wheels,131.0,Large Cars
2022,Lucid,Air G Touring AWD w/21 inch wheels,121.0,Large Cars
2022,MINI,Cooper Convertible,31.5,Minicompact Cars
2022,MINI,Cooper Countryman,29.0,Midsize Cars
2022,MINI,Cooper Countryman All4,26.0,Midsize Cars
2022,MINI,Cooper Hardtop 2 door,31.5,Subcompact Cars
2022,MINI,Cooper Hardtop 4 door,31.5,Subcompact Cars
2022,MINI,Cooper S Clubman,27.5,Midsize Cars
2022,MINI,Cooper S Clubman All4,26.0,Midsize Cars
2022,MINI,Cooper S Convertible,28.0,Minicompact Cars
2022,MINI,Cooper S Countryman,28.0,Midsize Cars
2022,MINI,Cooper S Countryman All4,26.0,Midsize Cars
2022,MINI,Cooper S Hardtop 2 door,29.0,Subcompact Cars
2022,MINI,Cooper S Hardtop 4 door,29.0,Subcompact Cars
2022,MINI,Cooper SE Countryman All4,29.0,Midsize Cars
2022,MINI,Cooper SE Hardtop 2 door,110.0,Subcompact Cars
2022,MINI,JCW Countryman All4,26.0,Midsize Cars
2022,MINI,John Cooper Works Clubman All4,26.0,Midsize Cars
2022,MINI,John Cooper Works Convertible,28.0,Minicompact Cars
2022,MINI,John Cooper Works Hardtop 2 door,27.0,Subcompact Cars
2022,Maserati,Ghibli GT,20.0,Midsize Cars
2022,Maserati,Ghibli Modena AWD,19.0,Midsize Cars
2022,Maserati,Ghibli Modena RWD,20.0,Midsize Cars
2022,Maserati,Ghibli Trofeo,16.0,Midsize Cars
2022,Maserati,Levante GT,18.0,Standard Sport Utility Vehicle 4WD
2022,Maserati,Levante Modena,18.0,Standard Sport Utility Vehicle 4WD
2022,Maserati,Levante Modena V8,16.0,Standard Sport Utility Vehicle 4WD
2022,Maserati,Levante Trofeo,16.0,Standard Sport Utility Vehicle 4WD
2022,Maserati,MC20,18.0,Two Seaters
2022,Maserati,Quattroporte GT,19.0,Large Cars
2022,Maserati,Quattroporte Modena AWD,19.0,Large Cars
2022,Maserati,Quattroporte Modena RWD,19.0,Large Cars
2022,Maserati,Quattroporte Trofeo,16.0,Large Cars
2022,Mazda,3 4-Door 2WD,30.5,Compact Cars
2022,Mazda,3 4-Door 4WD,27.5,Compact Cars
2022,Mazda,3 5-Door 2WD,28.0,Midsize Cars
2022,Mazda,3 5-Door 4WD,26.5,Midsize Cars
2022,Mazda,CX-30 4WD,25.5,Small Sport Utility Vehicle 4WD
2022,Mazda,CX-5 4WD,25.0,Small Sport Utility Vehicle 4WD
2022,Mazda,CX-9 4WD,23.0,Small Sport Utility Vehicle 4WD
2022,Mazda,MX-30,92.0,Midsize Cars
2022,Mazda,MX-5,29.5,Two Seaters
2022,McLaren Automotive,720S Coupe,18.0,Two Seaters
2022,McLaren Automotive,720S Spider,18.0,Two Seaters
2022,McLaren Automotive,765LT Spider,16.0,Two Seaters
2022,McLaren Automotive,GT,18.0,Two Seaters
2022,Mercedes-Benz,A220,28.0,Subcompact Cars
2022,Mercedes-Benz,A220 4matic,28.0,Subcompact Cars
2022,Mercedes-Benz,AMG A35 4matic,25.0,Subcompact Cars
2022,Mercedes-Benz,AMG C43 4matic Convertible,22.0,Subcompact Cars
2022,Mercedes-Benz,AMG C43 4matic Coupe,22.0,Subcompact Cars
2022,Mercedes-Benz,AMG CLA35 4matic,24.0,Compact Cars
2022,Mercedes-Benz,AMG CLA45 4matic,23.0,Compact Cars
2022,Mercedes-Benz,AMG E53 4matic Plus,24.0,Midsize Cars
2022,Mercedes-Benz,AMG E53 4matic Plus Convertible,22.0,Subcompact Cars
2022,Mercedes-Benz,AMG E53 4matic Plus Coupe,23.0,Subcompact Cars
2022,Mercedes-Benz,AMG EQS 4matic Plus,77.0,Large Cars
2022,Mercedes-Benz,AMG G63,14.0,Standard Sport Utility Vehicle 4WD
2022,Mercedes-Benz,AMG GLA35 4matic,25.0,Small Station Wagons
2022,Mercedes-Benz,AMG GLA45 4matic,22.0,Small Station Wagons
2022,Mercedes-Benz,AMG GLB35 4matic,22.0,Midsize Station Wagons
2022,Mercedes-Benz,AMG GLC43 4matic,21.0,Small Sport Utility Vehicle 4WD
2022,Mercedes-Benz,AMG GLC43 4matic Coupe,19.0,Small Sport Utility Vehicle 4WD
2022,Mercedes-Benz,AMG GLE53 4matic Plus,19.0,Standard Sport Utility Vehicle 4WD
2022,Mercedes-Benz,AMG GLE53 4matic Plus Coupe,19.0,Standard Sport Utility Vehicle 4WD
2022,Mercedes-Benz,AMG GLE63 S 4matic Plus,16.0,Standard Sport Utility Vehicle 4WD
2022,Mercedes-Benz,AMG GLE63 S 4matic Plus Coupe,16.0,Standard Sport Utility Vehicle 4WD
2022,Mercedes-Benz,AMG GLS63 4matic Plus,15.0,Standard Sport Utility Vehicle 4WD
2022,Mercedes-Benz,AMG GT 43 4matic Plus,21.0,Compact Cars
2022,Mercedes-Benz,AMG GT 53 4matic Plus,21.0,Compact Cars
2022,Mercedes-Benz,AMG SL55 4matic Plus,16.0,Minicompact Cars
2022,Mercedes-Benz,AMG SL63 4matic Plus,16.0,Minicompact Cars
2022,Mercedes-Benz,C300,29.0,Compact Cars
2022,Mercedes-Benz,C300 4matic,27.0,Compact Cars
2022,Mercedes-Benz,C300 4matic Convertible,24.0,Subcompact Cars
2022,Mercedes-Benz,C300 4matic Coupe,25.0,Subcompact Cars
2022,Mercedes-Benz,C300 Convertible,24.0,Subcompact Cars
2022,Mercedes-Benz,C300 Coupe,25.0,Subcompact Cars
2022,Mercedes-Benz,CLA250,29.0,Compact Cars
2022,Mercedes-Benz,CLA250 4matic,27.0,Compact Cars
2022,Mercedes-Benz,CLS450 4matic,25.0,Compact Cars
2022,Mercedes-Benz,E350,26.0,Midsize Cars
2022,Mercedes-Benz,E350 4matic,24.0,Midsize Cars
2022,Mercedes-Benz,E450 4matic,25.0,Midsize Cars
2022,Mercedes-Benz,E450 4matic All-Terrain (wagon),24.0,Midsize Station Wagons
2022,Mercedes-Benz,E450 4matic Convertible,24.0,Subcompact Cars
2022,Mercedes-Benz,E450 4matic Coupe,24.0,Subcompact Cars
2022,Mercedes-Benz,E450 Convertible,25.0,Subcompact Cars
2022,Mercedes-Benz,E450 Coupe,25.0,Subcompact Cars
2022,Mercedes-Benz,EQB 300 4matic,101.0,Small Sport Utility Vehicle 4WD
2022,Mercedes-Benz,EQB 350 4matic,96.0,Small Sport Utility Vehicle 4WD
2022,Mercedes-Benz,EQS 450 Plus,97.0,Large Cars
2022,Mercedes-Benz,EQS 580 4matic,95.0,Large Cars
2022,Mercedes-Benz,G550,16.0,Standard Sport Utility Vehicle 4WD
2022,Mercedes-Benz,GLA250,28.0,Special Purpose Vehicle 2WD
2022,Mercedes-Benz,GLA250 4matic,26.0,Small Sport Utility Vehicle 4WD
2022,Mercedes-Benz,GLB250,27.0,Special Purpose Vehicle 2WD
2022,Mercedes-Benz,GLB250 4matic,25.0,Small Sport Utility Vehicle 4WD
2022,Mercedes-Benz,GLC300,24.0,Small Sport Utility Vehicle 2WD
2022,Mercedes-Benz,GLC300 4matic,24.0,Small Sport Utility Vehicle 4WD
2022,Mercedes-Benz,GLC300 4matic Coupe,23.0,Small Sport Utility Vehicle 4WD
2022,Mercedes-Benz,GLE350,22.0,Small Sport Utility Vehicle 4WD
2022,Mercedes-Benz,GLE350 4matic,22.0,Small Sport Utility Vehicle 4WD
2022,Mercedes-Benz,GLE450 4matic,22.0,Standard Sport Utility Vehicle 4WD
2022,Mercedes-Benz,GLE580 4matic,18.0,Standard Sport Utility Vehicle 4WD
2022,Mercedes-Benz,GLS450 4matic,20.0,Standard Sport Utility Vehicle 4WD
2022,Mercedes-Benz,GLS580 4matic,18.0,Standard Sport Utility Vehicle 4WD
2022,Mercedes-Benz,GLS600 4matic Maybach,17.0,Standard Sport Utility Vehicle 4WD
2022,Mercedes-Benz,Maybach S680 4matic,15.0,Large Cars
2022,Mercedes-Benz,Metris (Cargo Van),21.0,Special Purpose Vehicle 2WD
2022,Mercedes-Benz,"Metris (Cargo Van, LWB)",21.0,Special Purpose Vehicle 2WD
2022,Mercedes-Benz,Metris (Passenger Van),19.0,Special Purpose Vehicle 2WD
2022,Mercedes-Benz,Metris (US Postal Long),22.0,Special Purpose Vehicle 2WD
2022,Mercedes-Benz,Metris (US Postal),22.0,Special Purpose Vehicle 2WD
2022,Mercedes-Benz,S500 4matic,24.0,Large Cars
2022,Mercedes-Benz,S580 4matic,19.0,Large Cars
2022,Mercedes-Benz,S580 4matic Maybach,18.0,Large Cars
2022,Mitsubishi,Eclipse Cross 2WD,26.0,Small Sport Utility Vehicle 2WD
2022,Mitsubishi,Eclipse Cross 4WD,25.0,Small Sport Utility Vehicle 4WD
2022,Mitsubishi,Eclipse Cross ES 2WD,27.0,Small Sport Utility Vehicle 2WD
2022,Mitsubishi,Eclipse Cross ES 4WD,26.0,Small Sport Utility Vehicle 4WD
2022,Mitsubishi,Mirage,37.5,Compact Cars
2022,Mitsubishi,Mirage G4,36.0,Compact Cars
2022,Mitsubishi,Outlander 2WD,27.0,Small Sport Utility Vehicle 2WD
2022,Mitsubishi,Outlander 4WD,26.0,Small Sport Utility Vehicle 4WD
2022,Mitsubishi,Outlander PHEV,26.0,Small Sport Utility Vehicle 4WD
2022,Mitsubishi,Outlander Sport 2WD,26.0,Small Sport Utility Vehicle 2WD
2022,Mitsubishi,Outlander Sport 4WD,25.5,Small Sport Utility Vehicle 4WD
2022,Nissan,Altima,32.0,Midsize Cars
2022,Nissan,Altima AWD,30.0,Midsize Cars
2022,Nissan,Altima AWD SR/Platinum,29.0,Midsize Cars
2022,Nissan,Altima SR,30.0,Midsize Cars
2022,Nissan,Altima SV/SL,31.0,Midsize Cars
2022,Nissan,Armada 2WD,16.0,Standard Sport Utility Vehicle 2WD
2022,Nissan,Armada 4WD,15.0,Standard Sport Utility Vehicle 4WD
2022,Nissan,Frontier 2WD,20.0,Standard Pickup Trucks 2WD
2022,Nissan,Frontier 4WD,19.0,Standard Pickup Trucks 4WD
2022,Nissan,Kicks,33.0,Midsize Cars
2022,Nissan,Leaf (40 kW-hr battery pack),111.0,Midsize Cars
2022,Nissan,Leaf (62 kW-hr battery pack),108.0,Midsize Cars
2022,Nissan,Leaf SV/SL (62 kW-hr battery pack),104.0,Midsize Cars
2022,Nissan,Maxima,24.0,Midsize Cars
2022,Nissan,Murano AWD,22.0,Midsize Station Wagons
2022,Nissan,Murano FWD,23.0,Midsize Station Wagons
2022,Nissan,Pathfinder 2WD,23.0,Small Sport Utility Vehicle 2WD
2022,Nissan,Pathfinder 4WD,23.0,Small Sport Utility Vehicle 4WD
2022,Nissan,Pathfinder 4WD Platinum,22.0,Standard Sport Utility Vehicle 4WD
2022,Nissan,Rogue AWD,31.0,Small Sport Utility Vehicle 4WD
2022,Nissan,Rogue AWD SL/Platinum,31.0,Small Sport Utility Vehicle 4WD
2022,Nissan,Rogue FWD,33.0,Small Sport Utility Vehicle 2WD
2022,Nissan,Rogue FWD SL/Platinum,32.0,Small Sport Utility Vehicle 2WD
2022,Nissan,Rogue Sport,28.0,Small Station Wagons
2022,Nissan,Rogue Sport AWD,27.0,Small Station Wagons
2022,Nissan,Sentra,33.0,Midsize Cars
2022,Nissan,Sentra SR,32.0,Midsize Cars
2022,Nissan,Titan 2WD,18.0,Standard Pickup Trucks 2WD
2022,Nissan,Titan 4WD,18.0,Standard Pickup Trucks 4WD
2022,Nissan,Titan 4WD PRO4X,17.0,Standard Pickup Trucks 4WD
2022,Nissan,Versa,32.5,Compact Cars
2022,Polestar,2 Dual Motor,89.0,Midsize Cars
2022,Polestar,2 Single Motor,107.0,Midsize Cars
2022,Porsche,718 Boxster,23.0,Two Seaters
2022,Porsche,718 Boxster GTS,20.0,Two Seaters
2022,Porsche,718 Boxster S,21.5,Two Seaters
2022,Porsche,718 Boxster T,22.5,Two Seaters
2022,Porsche,718 Cayman,23.0,Two Seaters
2022,Porsche,718 Cayman GT4,19.5,Two Seaters
2022,Porsche,718 Cayman GTS,20.0,Two Seaters
2022,Porsche,718 Cayman S,21.5,Two Seaters
2022,Porsche,718 Cayman T,22.5,Two Seaters
2022,Porsche,718 Spyder,19.5,Two Seaters
2022,Porsche,911 Carrera,20.0,Minicompact Cars
2022,Porsche,911 Carrera 4,20.0,Minicompact Cars
2022,Porsche,911 Carrera 4 Cabriolet,20.0,Minicompact Cars
2022,Porsche,911 Carrera 4 GTS,19.0,Minicompact Cars
2022,Porsche,911 Carrera 4 GTS Cabriolet,19.0,Minicompact Cars
2022,Porsche,911 Carrera 4S,20.0,Minicompact Cars
2022,Porsche,911 Carrera 4S Cabriolet,20.0,Minicompact Cars
2022,Porsche,911 Carrera Cabriolet,20.0,Minicompact Cars
2022,Porsche,911 Carrera GTS,19.5,Minicompact Cars
2022,Porsche,911 Carrera GTS Cabriolet,19.5,Minicompact Cars
2022,Porsche,911 Carrera S,20.5,Minicompact Cars
2022,Porsche,911 Carrera S Cabriolet,20.0,Minicompact Cars
2022,Porsche,911 GT3,16.0,Two Seaters
2022,Porsche,911 GT3 Touring,16.0,Two Seaters
2022,Porsche,911 Targa 4,20.0,Minicompact Cars
2022,Porsche,911 Targa 4 GTS,19.0,Minicompact Cars
2022,Porsche,911 Targa 4S,20.0,Minicompact Cars
2022,Porsche,911 Turbo,17.0,Minicompact Cars
2022,Porsche,911 Turbo Cabriolet,17.0,Minicompact Cars
2022,Porsche,911 Turbo S,17.0,Minicompact Cars
2022,Porsche,911 Turbo S Cabriolet,17.0,Minicompact Cars
2022,Porsche,Cayenne,19.0,Standard Sport Utility Vehicle 4WD
2022,Porsche,Cayenne / Cayenne Coupe,19.0,Standard Sport Utility Vehicle 4WD
2022,Porsche,Cayenne GTS,17.0,Standard Sport Utility Vehicle 4WD
2022,Porsche,Cayenne GTS Coupe,17.0,Standard Sport Utility Vehicle 4WD
2022,Porsche,Cayenne S,18.0,Standard Sport Utility Vehicle 4WD
2022,Porsche,Cayenne S Coupe,18.0,Standard Sport Utility Vehicle 4WD
2022,Porsche,Cayenne Turbo,16.0,Standard Sport Utility Vehicle 4WD
2022,Porsche,Cayenne Turbo Coupe,17.0,Standard Sport Utility Vehicle 4WD
2022,Porsche,Cayenne Turbo GT Coupe,16.0,Standard Sport Utility Vehicle 4WD
2022,Porsche,Cayenne Turbo S/Coupe E-Hybrid,18.0,Standard Sport Utility Vehicle 4WD
2022,Porsche,Cayenne/Coupe E-Hybrid,21.0,Standard Sport Utility Vehicle 4WD
2022,Porsche,Macan,21.0,Small Sport Utility Vehicle 4WD
2022,Porsche,Macan GTS,19.0,Small Sport Utility Vehicle 4WD
2022,Porsche,Macan S,19.0,Small Sport Utility Vehicle 4WD
2022,Porsche,Panamera,20.0,Large Cars
2022,Porsche,Panamera 4,20.0,Large Cars
2022,Porsche,Panamera 4 E-Hybrid/Exec/ST,22.0,Large Cars
2022,Porsche,Panamera 4 Executive,19.0,Large Cars
2022,Porsche,Panamera 4 ST,20.0,Large Cars
2022,Porsche,Panamera 4S,20.0,Large Cars
2022,Porsche,Panamera 4S E-Hybrid/Exec/ST,22.0,Large Cars
2022,Porsche,Panamera 4S Executive,19.0,Large Cars
2022,Porsche,Panamera 4S ST,19.0,Large Cars
2022,Porsche,Panamera GTS,17.0,Large Cars
2022,Porsche,Panamera GTS ST,17.0,Large Cars
2022,Porsche,Panamera Turbo S E-Hybrid/Exec/ST,19.0,Large Cars
2022,Porsche,Panamera Turbo S/Exec/ST,17.0,Large Cars
2022,Porsche,Taycan 4 Cross Turismo,76.0,Midsize Cars
2022,Porsche,Taycan 4S Cross Turismo,75.0,Midsize Cars
2022,Porsche,Taycan 4S Perf Battery,79.0,Compact Cars
2022,Porsche,Taycan 4S Perf Battery Plus,77.0,Compact Cars
2022,Porsche,Taycan GTS,83.0,Compact Cars
2022,Porsche,Taycan GTS ST,80.0,Compact Cars
2022,Porsche,Taycan Perf Battery,79.0,Compact Cars
2022,Porsche,Taycan Perf Battery Plus,75.0,Compact Cars
2022,Porsche,Taycan Turbo,73.0,Compact Cars
2022,Porsche,Taycan Turbo Cross Turismo,72.0,Midsize Cars
2022,Porsche,Taycan Turbo S,70.0,Compact Cars
2022,Porsche,Taycan Turbo S Cross Turismo,73.0,Midsize Cars
2022,Ram,1500 2WD,21.0,Standard Pickup Trucks 2WD
2022,Ram,1500 4WD,20.0,Standard Pickup Trucks 4WD
2022,Ram,1500 Classic 2WD,18.5,Standard Pickup Trucks 2WD
2022,Ram,1500 Classic 4WD,18.0,Standard Pickup Trucks 4WD
2022,Ram,1500 HFE 2WD,24.5,Standard Pickup Trucks 2WD
2022,Ram,1500 TRX 4WD,12.0,Standard Pickup Trucks 4WD
2022,Ram,Promaster City,24.0,Special Purpose Vehicle 2WD
2022,Rivian,R1S,69.0,Standard Sport Utility Vehicle 4WD
2022,Rivian,R1T,70.0,Standard Pickup Trucks 4WD
2022,Rolls-Royce,Cullinan,14.0,Midsize Station Wagons
2022,Rolls-Royce,Cullinan Black Badge,14.0,Midsize Station Wagons
2022,Rolls-Royce,Ghost,14.0,Large Cars
2022,Rolls-Royce,Ghost Black Badge,14.0,Large Cars
2022,Rolls-Royce,Ghost Extended,14.0,Large Cars
2022,Rolls-Royce,Phantom,14.0,Large Cars
2022,Rolls-Royce,Phantom Extended,14.0,Large Cars
2022,Subaru,Ascent,23.0,Standard Sport Utility Vehicle 4WD
2022,Subaru,Ascent Limited/Touring/Onyx AWD,22.0,Standard Sport Utility Vehicle 4WD
2022,Subaru,BRZ,23.5,Minicompact Cars
2022,Subaru,Crosstrek AWD,29.0,Small Sport Utility Vehicle 4WD
2022,Subaru,Forester AWD,29.0,Small Sport Utility Vehicle 4WD
2022,Subaru,Forester Wilderness AWD,26.0,Small Sport Utility Vehicle 4WD
2022,Subaru,Impreza 4-Door,29.0,Midsize Cars
2022,Subaru,Impreza 5-Door,28.5,Small Station Wagons
2022,Subaru,Impreza Sport 4-Door,30.0,Midsize Cars
2022,Subaru,Impreza Sport 5-Door,27.5,Small Station Wagons
2022,Subaru,Legacy AWD,28.5,Large Cars
2022,Subaru,Outback AWD,27.5,Small Sport Utility Vehicle 4WD
2022,Subaru,Outback Wilderness AWD,24.0,Small Sport Utility Vehicle 4WD
2022,Subaru,WRX,21.5,Midsize Cars
2022,Tesla,Model 3 Long Range AWD,131.0,Midsize Cars
2022,Tesla,Model 3 Performance AWD,113.0,Midsize Cars
2022,Tesla,Model 3 RWD,132.0,Midsize Cars
2022,Tesla,Model S,120.0,Large Cars
2022,Tesla,Model S Plaid (19 inch wheels),116.0,Large Cars
2022,Tesla,Model S Plaid (21 inch wheels),101.0,Large Cars
2022,Tesla,Model X,102.0,Standard Sport Utility Vehicle 4WD
2022,Tesla,Model X Plaid (20 inch wheels),98.0,Standard Sport Utility Vehicle 4WD
2022,Tesla,Model X Plaid (22 inch wheels),91.0,Standard Sport Utility Vehicle 4WD
2022,Tesla,Model Y AWD,123.0,Small Sport Utility Vehicle 4WD
2022,Tesla,Model Y Long Range AWD,122.0,Small Sport Utility Vehicle 4WD
2022,Tesla,Model Y Performance AWD,111.0,Small Sport Utility Vehicle 4WD
2022,Tesla,Model Y RWD,129.0,Small Sport Utility Vehicle 2WD
2022,Toyota,4Runner 2WD,17.0,Standard Sport Utility Vehicle 2WD
2022,Toyota,4Runner 4WD,17.0,Standard Sport Utility Vehicle 4WD
2022,Toyota,Avalon,25.0,Midsize Cars
2022,Toyota,Avalon Hybrid,43.0,Midsize Cars
2022,Toyota,Avalon Hybrid XLE,44.0,Midsize Cars
2022,Toyota,Avalon XLE,26.0,Midsize Cars
2022,Toyota,C-HR,29.0,Compact Cars
2022,Toyota,Camry,26.0,Midsize Cars
2022,Toyota,Camry AWD LE/SE,29.0,Midsize Cars
2022,Toyota,Camry AWD XLE/XSE,28.0,Midsize Cars
2022,Toyota,Camry Hybrid LE,52.0,Midsize Cars
2022,Toyota,Camry Hybrid SE/XLE/XSE,46.0,Midsize Cars
2022,Toyota,Camry LE/SE,32.0,Midsize Cars
2022,Toyota,Camry TRD,25.0,Midsize Cars
2022,Toyota,Camry XLE/XSE,31.0,Midsize Cars
2022,Toyota,Camry XSE,26.0,Midsize Cars
2022,Toyota,Corolla,33.0,Compact Cars
2022,Toyota,Corolla APEX,32.5,Compact Cars
2022,Toyota,Corolla Cross,32.0,Small Sport Utility Vehicle 2WD
2022,Toyota,Corolla Cross 4WD,30.0,Small Sport Utility Vehicle 4WD
2022,Toyota,Corolla Hatchback,33.0,Compact Cars
2022,Toyota,Corolla Hatchback XSE,33.0,Compact Cars
2022,Toyota,Corolla Hybrid,52.0,Compact Cars
2022,Toyota,Corolla XLE,32.0,Compact Cars
2022,Toyota,Corolla XSE,34.0,Compact Cars
2022,Toyota,GR 86,23.5,Minicompact Cars
2022,Toyota,GR Supra,26.5,Two Seaters
2022,Toyota,Highlander,23.5,Small Sport Utility Vehicle 2WD
2022,Toyota,Highlander AWD,23.0,Small Sport Utility Vehicle 4WD
2022,Toyota,Highlander Hybrid,36.0,Small Sport Utility Vehicle 2WD
2022,Toyota,Highlander Hybrid AWD,35.0,Standard Sport Utility Vehicle 4WD
2022,Toyota,Highlander Hybrid AWD LTD/PLAT,35.0,Standard Sport Utility Vehicle 4WD
2022,Toyota,Mirai LE,74.0,Compact Cars
2022,Toyota,Mirai Limited,65.0,Compact Cars
2022,Toyota,Mirai XLE,74.0,Compact Cars
2022,Toyota,Prius,52.0,Midsize Cars
2022,Toyota,Prius AWD,49.0,Midsize Cars
2022,Toyota,Prius Eco,56.0,Midsize Cars
2022,Toyota,Prius Prime,54.0,Midsize Cars
2022,Toyota,RAV4,30.0,Small Sport Utility Vehicle 2WD
2022,Toyota,RAV4 AWD,28.5,Small Sport Utility Vehicle 4WD
2022,Toyota,RAV4 AWD LE,30.0,Small Sport Utility Vehicle 4WD
2022,Toyota,RAV4 AWD TRD OFFROAD,28.0,Small Sport Utility Vehicle 4WD
2022,Toyota,RAV4 Hybrid AWD,40.0,Small Sport Utility Vehicle 4WD
2022,Toyota,RAV4 Prime 4WD,38.0,Small Sport Utility Vehicle 4WD
2022,Toyota,Sequoia 2WD,15.0,Standard Sport Utility Vehicle 2WD
2022,Toyota,Sequoia 4WD,14.0,Standard Sport Utility Vehicle 4WD
2022,Toyota,Sienna 2WD,36.0,Minivan - 2WD
2022,Toyota,Sienna AWD,35.0,Minivan - 4WD
2022,Toyota,Tacoma 2WD,21.0,Small Pickup Trucks 2WD
2022,Toyota,Tacoma 4WD,20.0,Small Pickup Trucks 4WD
2022,Toyota,Tacoma 4WD D-CAB MT TRD-ORP/PRO,18.0,Small Pickup Trucks 4WD
2022,Toyota,Tundra 2WD,20.0,Standard Pickup Trucks 2WD
2022,Toyota,Tundra 4WD,19.0,Standard Pickup Trucks 4WD
2022,Toyota,Tundra 4WD PRO,19.0,Standard Pickup Trucks 4WD
2022,Toyota,Venza AWD,39.0,Small Sport Utility Vehicle 4WD
2022,Volkswagen,Arteon,28.0,Large Cars
2022,Volkswagen,Arteon 4motion,25.0,Large Cars
2022,Volkswagen,Atlas,21.5,Small Sport Utility Vehicle 2WD
2022,Volkswagen,Atlas 4motion,20.5,Small Sport Utility Vehicle 4WD
2022,Volkswagen,Atlas Cross Sport,21.5,Small Sport Utility Vehicle 2WD
2022,Volkswagen,Atlas Cross Sport 4motion,21.0,Small Sport Utility Vehicle 4WD
2022,Volkswagen,GLI,30.0,Compact Cars
2022,Volkswagen,GTI,28.0,Midsize Cars
2022,Volkswagen,Golf-R,24.5,Midsize Cars
2022,Volkswagen,ID.4 AWD Pro,101.0,Small Sport Utility Vehicle 4WD
2022,Volkswagen,ID.4 AWD Pro S,95.0,Small Sport Utility Vehicle 4WD
2022,Volkswagen,ID.4 Pro,107.0,Small Sport Utility Vehicle 2WD
2022,Volkswagen,ID.4 Pro S,102.0,Small Sport Utility Vehicle 2WD
2022,Volkswagen,Jetta,34.5,Compact Cars
2022,Volkswagen,Jetta SE/SEL,33.0,Compact Cars
2022,Volkswagen,Passat,28.0,Midsize Cars
2022,Volkswagen,Taos,31.0,Small Sport Utility Vehicle 2WD
2022,Volkswagen,Taos 4motion,28.0,Small Sport Utility Vehicle 4WD
2022,Volkswagen,Tiguan,26.0,Small Sport Utility Vehicle 2WD
2022,Volkswagen,Tiguan 4motion,25.0,Small Sport Utility Vehicle 4WD
2022,Volkswagen,Tiguan R-Line 4motion,24.0,Small Sport Utility Vehicle 4WD
2022,Volvo,C40 Recharge twin,87.0,Small Sport Utility Vehicle 4WD
2022,Volvo,S60 B5,30.0,Compact Cars
2022,Volvo,S60 B5 AWD,28.0,Compact Cars
2022,Volvo,S60 T8 AWD Recharge,30.0,Compact Cars
2022,Volvo,S60 T8 AWD Recharge ext. Range,31.0,Compact Cars
2022,Volvo,S90 B6 AWD,26.0,Midsize Cars
2022,Volvo,S90 T8 AWD Recharge,30.0,Midsize Cars
2022,Volvo,S90 T8 AWD Recharge ext. Range,29.0,Midsize Cars
2022,Volvo,V60 T8 AWD Recharge,30.0,Small Station Wagons
2022,Volvo,V60 T8 AWD Recharge ext. Range,31.0,Small Station Wagons
2022,Volvo,V60CC T5 AWD,25.0,Small Station Wagons
2022,Volvo,V90CC B6 AWD,25.0,Midsize Station Wagons
2022,Volvo,XC40 Recharge twin,85.0,Small Sport Utility Vehicle 4WD
2022,Volvo,XC40 T4,26.0,Small Sport Utility Vehicle 2WD
2022,Volvo,XC40 T5 AWD,25.0,Small Sport Utility Vehicle 4WD
2022,Volvo,XC60 B5,26.0,Small Sport Utility Vehicle 2WD
2022,Volvo,XC60 B5 AWD,24.0,Small Sport Utility Vehicle 4WD
2022,Volvo,XC60 B6 AWD,24.0,Small Sport Utility Vehicle 4WD
2022,Volvo,XC60 T8 AWD Recharge,25.0,Small Sport Utility Vehicle 4WD
2022,Volvo,XC60 T8 AWD Recharge ext. Range,28.0,Small Sport Utility Vehicle 4WD
2022,Volvo,XC90 T5,25.0,Standard Sport Utility Vehicle 2WD
2022,Volvo,XC90 T5 AWD,23.0,Standard Sport Utility Vehicle 4WD
2022,Volvo,XC90 T6 AWD,22.0,Standard Sport Utility Vehicle 4WD
2022,Volvo,XC90 T8 AWD Recharge,27.0,Standard Sport Utility Vehicle 4WD
2022,Volvo,XC90 T8 AWD Recharge ext. Range,26.0,Standard Sport Utility Vehicle 4WD
